YearsCodePro_n,YearsCode_n,WorkExp_n,EdLevel_n,OrgSize_n,Remote_n,Country_n,DevType_n,lang_count,lang_Python,lang_JavaScript,lang_TypeScript,lang_SQL,lang_Java,lang_CSharp,lang_CPlusPlus,lang_PHP,lang_Go,lang_Rust,IsFullTime,ConvertedCompYearly
5.0,13.0,5.0,5.0,2.0,1.0,6,0.0,21,1,1,1,1,1,1,1,1,0,0,1,13669.0
12.0,16.0,19.0,6.0,4.0,2.0,6,6.0,4,1,0,0,1,0,0,0,0,0,0,1,85925.0
18.0,22.0,18.0,5.0,5.0,0.0,10,0.0,5,0,1,1,1,0,1,0,0,0,0,1,190000.0
7.0,16.0,7.0,6.0,4.0,1.0,6,0.0,4,0,0,1,0,0,1,0,0,0,0,1,63380.0
6.0,13.0,10.0,2.0,4.0,0.0,6,1.0,6,0,1,0,1,0,1,1,1,0,0,1,24458.0
20.0,25.0,20.0,2.0,4.0,0.0,6,8.0,1,0,0,0,0,0,0,0,0,0,0,1,37592.0
6.0,12.0,6.0,3.0,7.0,0.0,7,1.0,6,0,0,0,1,1,0,1,0,1,1,1,40814.0
10.0,15.0,10.0,6.0,3.0,0.0,8,0.0,5,1,1,0,1,0,0,0,1,0,0,1,140000.0
6.0,9.0,6.0,3.0,4.0,1.0,6,5.0,9,1,1,1,1,1,0,0,0,1,1,1,29692.0
2.0,8.0,10.0,2.0,4.0,2.0,2,8.0,10,1,1,1,0,0,1,1,0,0,0,1,42962.0
1.0,18.0,10.0,5.0,2.0,1.0,3,8.0,6,1,0,0,1,1,0,0,0,0,0,1,45111.0
4.0,12.0,11.0,6.0,9.0,0.0,7,1.0,3,0,0,1,0,1,0,0,0,0,0,1,47259.0
8.0,8.0,6.0,5.0,2.0,1.0,6,2.0,8,1,1,1,1,0,0,0,1,0,0,0,16111.0
2.0,4.0,10.0,6.0,4.0,0.0,1,2.0,4,0,1,1,1,0,0,0,0,0,0,1,116309.0
4.0,8.0,5.0,5.0,5.0,0.0,9,7.0,1,0,0,0,0,0,0,0,0,0,0,1,67516.0
9.0,11.0,9.0,5.0,2.0,1.0,10,8.0,3,0,0,0,1,0,1,1,0,0,0,1,100000.0
11.0,12.0,10.0,6.0,4.0,0.0,6,0.0,6,0,1,0,0,0,0,0,1,0,0,1,48998.0
13.0,18.0,13.0,6.0,5.0,1.0,3,10.0,2,1,0,0,0,0,0,0,0,0,0,0,107406.0
19.0,25.0,10.0,6.0,4.0,1.0,1,10.0,2,0,1,0,0,0,0,0,0,0,0,1,159924.0
10.0,11.0,10.0,5.0,5.0,1.0,6,0.0,9,1,1,1,1,0,1,0,0,0,0,1,72673.0
16.0,25.0,10.0,7.0,7.0,1.0,3,1.0,6,0,1,1,1,1,0,0,0,0,0,1,78407.0
2.0,7.0,10.0,6.0,7.0,1.0,4,3.0,1,1,0,0,0,0,0,0,0,0,0,1,33498.0
10.0,17.0,10.0,5.0,4.0,0.0,10,0.0,10,0,1,1,1,0,1,0,0,0,1,1,195000.0
14.0,21.0,13.0,6.0,2.0,0.0,6,0.0,6,1,1,0,1,1,1,0,1,0,0,0,31148.0
4.0,6.0,10.0,5.0,7.0,1.0,10,0.0,7,0,1,1,1,0,1,0,0,0,0,1,107000.0
8.0,15.0,8.0,5.0,3.0,2.0,6,1.0,4,1,0,1,0,0,0,0,0,1,1,1,155429.0
12.0,17.0,12.0,6.0,5.0,0.0,3,1.0,3,0,0,0,1,1,0,0,0,0,0,1,85925.0
10.0,20.0,10.0,6.0,5.0,1.0,10,8.0,8,0,0,1,1,0,1,1,0,0,0,1,120000.0
4.0,8.0,4.0,5.0,8.0,1.0,6,0.0,5,1,1,1,0,1,0,0,0,0,0,1,53757.0
16.0,19.0,19.0,6.0,9.0,1.0,4,8.0,3,0,1,1,0,0,1,0,0,0,0,1,59817.0
7.0,7.0,10.0,3.0,7.0,1.0,6,4.0,2,1,0,1,0,0,0,0,0,0,0,1,53205.0
6.0,7.0,7.0,5.0,4.0,2.0,6,0.0,4,0,1,1,0,0,0,0,1,0,0,1,38240.0
25.0,30.0,30.0,3.0,5.0,1.0,0,0.0,5,0,1,0,0,0,0,0,1,0,0,1,44757.0
4.0,12.0,10.0,5.0,8.0,1.0,10,0.0,8,1,1,1,0,0,0,1,0,0,0,1,130000.0
10.0,14.0,9.0,5.0,6.0,1.0,4,1.0,4,0,0,0,1,1,0,0,0,0,1,1,41872.0
10.0,29.0,10.0,7.0,1.0,0.0,6,10.0,1,0,0,0,0,0,0,0,0,0,0,0,53480.0
20.0,24.0,22.0,6.0,3.0,1.0,10,0.0,9,1,1,1,1,1,1,0,0,1,0,0,180000.0
5.0,7.0,5.0,5.0,4.0,2.0,6,0.0,5,0,0,0,1,0,1,0,0,0,0,1,99099.0
5.0,7.0,5.0,5.0,5.0,1.0,3,2.0,3,0,1,1,0,0,0,0,0,0,0,1,69170.0
4.0,5.0,10.0,6.0,4.0,0.0,3,2.0,3,0,1,1,0,0,0,0,0,0,0,1,64444.0
6.0,10.0,10.0,5.0,4.0,0.0,6,10.0,5,0,1,0,0,0,0,0,1,0,0,0,60000.0
12.0,20.0,12.0,5.0,6.0,0.0,1,0.0,6,1,1,0,1,0,0,0,1,0,0,1,66877.0
24.0,26.0,23.0,4.0,2.0,1.0,6,10.0,15,1,1,1,1,1,1,1,0,1,1,1,206962.0
31.0,35.0,35.0,5.0,5.0,1.0,6,0.0,5,0,1,0,1,0,1,0,0,0,0,0,79894.0
4.0,12.0,10.0,5.0,9.0,0.0,10,10.0,1,0,0,0,0,0,0,0,0,0,0,1,200000.0
24.0,27.0,25.0,5.0,2.0,1.0,10,0.0,8,1,1,1,1,0,1,0,0,0,0,1,190000.0
9.0,11.0,7.0,3.0,8.0,1.0,6,2.0,7,0,1,1,0,0,1,0,0,1,0,1,96748.0
14.0,20.0,14.0,3.0,4.0,1.0,6,1.0,9,1,1,1,1,0,1,0,0,0,1,1,60092.0
18.0,21.0,10.0,5.0,3.0,0.0,3,1.0,4,1,1,0,0,0,0,0,0,0,0,0,58322.0
15.0,15.0,10.0,6.0,4.0,2.0,4,0.0,6,0,1,1,1,0,1,0,1,0,0,1,35890.0
0.0,7.0,10.0,5.0,9.0,2.0,10,5.0,10,1,1,0,1,1,0,0,1,1,1,1,100000.0
13.0,15.0,10.0,6.0,9.0,0.0,6,10.0,1,0,0,0,0,0,0,1,0,0,0,0,123517.0
6.0,8.0,6.0,6.0,5.0,1.0,6,1.0,6,0,0,0,1,1,0,0,0,0,0,0,74110.0
9.0,17.0,7.0,7.0,8.0,1.0,9,10.0,3,1,0,0,0,1,0,0,0,0,0,1,57325.0
15.0,19.0,10.0,1.0,6.0,1.0,6,10.0,8,1,1,1,0,0,1,1,0,0,0,1,134921.0
5.0,7.0,5.0,1.0,3.0,1.0,6,6.0,6,0,1,1,1,0,0,0,1,0,0,1,118919.0
5.0,10.0,5.0,5.0,5.0,1.0,5,1.0,5,0,1,1,1,1,0,0,0,0,0,1,60147.0
7.0,9.0,7.0,5.0,9.0,1.0,9,7.0,5,0,0,1,0,0,0,0,0,0,0,1,99363.0
6.0,20.0,6.0,3.0,5.0,0.0,6,0.0,5,1,1,1,1,1,0,0,0,0,0,0,12146.0
7.0,8.0,7.0,3.0,4.0,0.0,0,0.0,6,0,1,1,1,0,0,0,1,0,0,1,28533.0
18.0,24.0,18.0,5.0,4.0,0.0,10,1.0,4,0,0,0,1,0,1,0,0,0,0,1,170000.0
8.0,10.0,8.0,5.0,5.0,1.0,2,2.0,4,0,1,1,0,0,0,0,0,0,0,1,52771.0
6.0,10.0,10.0,5.0,9.0,1.0,10,8.0,9,0,1,0,0,0,0,1,0,0,1,1,330000.0
5.0,8.0,10.0,6.0,1.0,0.0,10,1.0,8,1,1,1,1,0,0,0,0,1,1,0,180000.0
4.0,7.0,4.0,3.0,4.0,0.0,6,7.0,1,0,0,0,0,0,0,0,0,0,0,1,62954.0
1.0,8.0,10.0,2.0,1.0,2.0,3,7.0,11,1,1,1,1,1,0,1,1,0,1,0,22555.0
8.0,10.0,10.0,6.0,4.0,0.0,8,10.0,4,0,1,1,1,0,0,0,0,0,0,1,110000.0
3.0,5.0,10.0,5.0,4.0,0.0,6,10.0,1,0,0,0,0,0,1,0,0,0,0,1,55370.0
13.0,15.0,15.0,1.0,7.0,1.0,6,10.0,3,0,0,0,1,0,1,0,0,0,0,1,42488.0
3.0,16.0,3.0,2.0,4.0,2.0,6,0.0,3,0,1,0,1,0,0,0,0,0,0,1,21717.0
32.0,38.0,10.0,7.0,9.0,2.0,2,10.0,2,1,0,0,1,0,0,0,0,0,0,1,76328.0
8.0,11.0,7.0,6.0,9.0,1.0,2,1.0,1,0,0,0,0,0,0,0,0,0,0,0,171850.0
2.0,6.0,2.0,5.0,2.0,1.0,6,0.0,4,0,0,1,0,0,0,0,0,1,0,1,15359.0
28.0,40.0,10.0,6.0,2.0,1.0,5,0.0,6,1,1,0,1,1,0,0,0,0,0,1,128887.0
25.0,30.0,10.0,3.0,1.0,1.0,6,10.0,19,1,1,1,1,1,0,1,1,1,0,0,10084.0
8.0,8.0,10.0,6.0,9.0,1.0,7,10.0,3,0,1,0,1,0,0,0,0,0,0,1,42425.0
5.0,8.0,5.0,2.0,3.0,0.0,6,0.0,5,1,1,1,0,0,0,0,0,0,0,1,23529.0
5.0,10.0,5.0,5.0,5.0,2.0,6,0.0,4,1,1,1,0,0,0,0,0,0,0,1,10922.0
26.0,30.0,27.0,5.0,8.0,1.0,6,10.0,7,1,0,1,1,1,1,1,0,0,0,1,95384.0
24.0,27.0,25.0,5.0,9.0,0.0,10,10.0,8,1,1,0,1,1,0,0,0,0,0,1,250000.0
5.0,8.0,6.0,6.0,7.0,1.0,3,1.0,3,1,0,0,1,0,0,0,0,1,0,1,77332.0
25.0,25.0,25.0,3.0,5.0,0.0,9,1.0,1,0,0,0,0,0,1,0,0,0,0,1,152865.0
4.0,5.0,5.0,5.0,3.0,1.0,7,2.0,2,0,1,0,0,0,0,0,0,0,0,1,64444.0
9.0,9.0,10.0,5.0,1.0,0.0,6,7.0,4,0,1,1,0,1,0,0,0,0,0,0,36000.0
17.0,21.0,17.0,5.0,4.0,0.0,6,2.0,3,0,1,1,0,0,0,0,0,0,0,1,77332.0
7.0,12.0,10.0,6.0,4.0,0.0,6,1.0,2,0,1,0,0,0,0,0,0,0,0,1,11040.0
5.0,9.0,5.0,5.0,8.0,0.0,10,8.0,3,0,0,0,0,0,0,1,0,0,0,1,250000.0
25.0,28.0,25.0,5.0,5.0,0.0,1,0.0,9,1,1,1,1,1,1,0,0,0,0,1,218079.0
2.0,10.0,2.0,5.0,7.0,1.0,6,10.0,5,1,0,0,0,0,0,1,0,0,1,1,25996.0
5.0,9.0,5.0,5.0,6.0,2.0,8,0.0,9,0,1,0,1,1,1,0,1,0,0,1,45000.0
9.0,19.0,12.0,7.0,3.0,1.0,10,10.0,11,1,1,0,0,1,0,1,0,1,0,1,100000.0
14.0,15.0,15.0,3.0,7.0,0.0,6,7.0,6,1,1,1,0,1,0,0,0,0,0,1,84851.0
11.0,15.0,11.0,6.0,9.0,1.0,9,1.0,7,1,0,1,0,1,0,0,0,1,0,1,146496.0
3.0,7.0,10.0,6.0,4.0,1.0,6,3.0,2,1,0,0,1,0,0,0,0,0,0,1,29057.0
4.0,8.0,10.0,5.0,8.0,1.0,8,1.0,3,1,0,1,0,0,1,0,0,0,0,1,29621.0
13.0,15.0,13.0,5.0,2.0,0.0,10,0.0,4,0,1,0,1,0,1,0,0,0,0,1,200000.0
26.0,27.0,10.0,5.0,4.0,0.0,10,0.0,4,0,1,1,1,0,0,0,0,0,0,1,220000.0
9.0,15.0,9.0,6.0,5.0,2.0,4,7.0,5,1,1,0,0,1,0,0,0,0,0,1,23927.0
12.0,18.0,10.0,5.0,2.0,0.0,6,1.0,7,1,1,0,1,0,1,0,0,0,0,0,44544.0
7.0,13.0,7.0,6.0,2.0,1.0,6,0.0,4,0,0,1,1,1,0,0,0,0,0,1,75184.0
6.0,9.0,5.0,5.0,4.0,1.0,3,0.0,8,1,1,1,1,0,1,0,1,0,0,1,48333.0
11.0,19.0,11.0,3.0,4.0,1.0,6,6.0,3,0,1,1,0,0,0,0,0,0,0,1,95557.0
0.0,15.0,1.0,5.0,5.0,1.0,3,8.0,7,1,1,0,0,0,0,1,0,0,0,1,50481.0
8.0,14.0,10.0,6.0,4.0,2.0,6,2.0,3,0,1,1,0,0,0,0,0,0,0,1,89857.0
5.0,13.0,10.0,6.0,5.0,0.0,6,10.0,6,1,0,1,0,0,0,1,1,0,1,0,78183.0
4.0,5.0,4.0,5.0,8.0,0.0,0,7.0,4,1,0,1,0,0,0,0,0,0,0,1,22378.0
4.0,9.0,10.0,2.0,3.0,0.0,10,10.0,7,0,1,1,0,0,0,0,0,0,1,1,110000.0
21.0,21.0,21.0,3.0,4.0,2.0,6,10.0,6,1,1,0,1,0,0,0,1,0,0,1,19903.0
13.0,19.0,13.0,6.0,9.0,1.0,10,6.0,7,1,0,1,1,0,0,1,0,1,0,1,400000.0
24.0,30.0,25.0,6.0,9.0,1.0,6,0.0,6,0,1,1,1,1,0,0,0,0,0,1,104244.0
4.0,10.0,4.0,6.0,4.0,0.0,9,2.0,3,0,1,0,0,0,1,0,0,0,0,1,95541.0
15.0,20.0,5.0,5.0,5.0,1.0,8,1.0,6,0,1,1,1,0,0,0,1,0,0,1,50000.0
6.0,10.0,10.0,6.0,4.0,0.0,10,1.0,6,1,0,1,1,0,0,1,0,0,0,1,144000.0
31.0,31.0,10.0,5.0,1.0,0.0,10,0.0,13,1,1,1,1,1,1,1,0,0,0,0,150000.0
11.0,20.0,11.0,5.0,7.0,0.0,10,8.0,7,1,1,0,1,0,1,0,0,0,0,1,145000.0
4.0,10.0,8.0,6.0,4.0,0.0,10,10.0,3,1,0,0,0,0,0,1,0,0,0,1,140000.0
3.0,9.0,10.0,5.0,9.0,1.0,10,9.0,6,1,0,0,0,1,0,1,0,0,0,1,105000.0
5.0,8.0,10.0,5.0,4.0,1.0,6,7.0,10,1,1,1,1,0,1,0,0,1,1,1,53703.0
8.0,12.0,8.0,5.0,2.0,1.0,6,0.0,8,0,1,1,1,0,0,1,0,1,0,1,76307.0
18.0,25.0,20.0,6.0,9.0,0.0,10,10.0,3,1,0,0,0,0,0,0,0,0,0,1,140832.0
3.0,10.0,10.0,5.0,5.0,0.0,9,1.0,6,0,0,0,0,1,0,0,0,1,1,1,101910.0
9.0,12.0,10.0,5.0,2.0,0.0,6,0.0,4,0,1,0,1,0,0,0,0,0,0,1,102036.0
2.0,8.0,1.0,2.0,2.0,1.0,6,0.0,9,1,1,0,1,0,0,0,1,0,0,1,13963.0
10.0,15.0,12.0,6.0,9.0,1.0,9,1.0,4,1,1,0,1,0,0,0,1,0,0,1,318470.0
4.0,10.0,4.0,6.0,7.0,1.0,3,10.0,3,1,0,0,0,0,0,0,0,1,0,1,64444.0
8.0,11.0,10.0,6.0,5.0,1.0,9,1.0,7,0,1,0,1,0,0,0,0,1,0,1,159235.0
7.0,10.0,7.0,6.0,9.0,1.0,3,0.0,5,1,1,1,1,0,0,0,0,0,0,1,75554.0
5.0,5.0,8.0,6.0,5.0,0.0,5,10.0,3,1,0,0,1,0,1,0,0,0,0,1,109554.0
26.0,30.0,23.0,5.0,9.0,0.0,10,10.0,3,0,0,0,1,1,0,0,0,0,0,1,140000.0
2.0,7.0,7.0,5.0,2.0,1.0,6,0.0,18,1,1,1,1,1,1,0,1,0,1,0,111417.0
9.0,15.0,10.0,5.0,3.0,1.0,5,9.0,8,1,1,0,1,0,0,1,0,0,1,0,61222.0
24.0,33.0,10.0,5.0,1.0,0.0,7,0.0,5,0,1,0,1,0,0,0,1,0,0,0,64444.0
22.0,40.0,10.0,5.0,4.0,0.0,9,1.0,4,0,1,1,1,0,0,0,0,0,0,0,127388.0
6.0,15.0,10.0,6.0,1.0,0.0,3,0.0,8,1,1,1,1,1,0,0,0,0,0,0,128887.0
24.0,33.0,27.0,5.0,2.0,0.0,8,7.0,1,0,0,0,0,0,0,0,0,0,0,1,30074.0
7.0,10.0,7.0,5.0,4.0,0.0,6,1.0,3,0,0,0,1,0,0,0,0,0,0,1,70000.0
10.0,15.0,10.0,5.0,5.0,1.0,6,2.0,2,0,1,1,0,0,0,0,0,0,0,1,121444.0
20.0,26.0,24.0,5.0,4.0,0.0,10,1.0,5,0,1,0,1,0,0,0,0,0,0,1,90000.0
10.0,16.0,10.0,6.0,5.0,1.0,6,10.0,4,0,0,0,0,1,0,0,0,0,0,1,79189.0
29.0,29.0,29.0,7.0,4.0,0.0,7,5.0,3,1,0,0,1,0,0,0,0,0,0,1,64444.0
6.0,10.0,10.0,5.0,7.0,1.0,6,0.0,0,0,0,0,0,0,0,0,0,0,0,1,84851.0
30.0,36.0,30.0,5.0,9.0,2.0,6,10.0,6,1,1,0,1,1,0,0,0,0,0,1,118919.0
33.0,46.0,10.0,3.0,1.0,1.0,9,10.0,6,0,1,0,0,0,0,0,0,0,0,0,254776.0
14.0,16.0,16.0,6.0,9.0,2.0,10,6.0,4,1,0,0,0,0,0,1,0,0,0,1,230000.0
5.0,9.0,5.0,6.0,5.0,0.0,8,4.0,2,1,0,0,0,0,0,0,0,0,0,1,46801.0
12.0,12.0,12.0,3.0,9.0,0.0,9,3.0,6,1,1,0,1,0,0,0,0,0,0,1,108280.0
6.0,10.0,6.0,5.0,9.0,1.0,6,1.0,7,0,1,1,1,0,1,0,1,0,0,1,46135.0
1.0,1.0,10.0,6.0,9.0,0.0,9,10.0,3,1,0,0,1,0,0,0,0,0,0,1,44586.0
3.0,6.0,10.0,5.0,7.0,0.0,10,10.0,3,1,1,1,0,0,0,0,0,0,0,1,208000.0
2.0,4.0,2.0,5.0,5.0,0.0,8,8.0,5,0,0,0,0,0,1,1,0,0,0,1,28880.0
3.0,3.0,10.0,5.0,6.0,1.0,6,0.0,5,0,1,0,1,0,1,0,0,0,0,1,66066.0
5.0,12.0,5.0,2.0,6.0,0.0,6,10.0,10,1,1,1,1,1,1,0,1,0,1,1,104861.0
5.0,10.0,10.0,3.0,3.0,0.0,0,10.0,1,0,0,0,0,0,1,0,0,0,0,1,13427.0
11.0,12.0,11.0,7.0,5.0,0.0,8,0.0,4,1,1,1,0,0,0,0,0,0,0,1,60000.0
17.0,28.0,17.0,3.0,5.0,0.0,6,6.0,14,1,1,1,1,1,1,1,1,0,0,1,48333.0
8.0,11.0,9.0,5.0,4.0,1.0,6,6.0,11,1,1,1,1,1,0,0,1,1,0,1,124787.0
0.0,4.0,10.0,5.0,5.0,1.0,6,5.0,4,1,0,0,0,1,0,0,0,0,0,1,38666.0
5.0,5.0,5.0,5.0,4.0,2.0,10,0.0,6,0,1,1,1,0,0,0,0,1,0,1,75000.0
14.0,18.0,14.0,5.0,9.0,1.0,10,2.0,7,0,1,1,0,0,1,0,1,0,0,1,98000.0
4.0,10.0,10.0,5.0,9.0,1.0,10,1.0,8,1,0,0,1,1,0,1,0,1,0,1,100000.0
15.0,20.0,16.0,6.0,4.0,0.0,1,0.0,3,0,0,1,0,0,0,0,0,1,0,0,145386.0
8.0,8.0,8.0,6.0,4.0,1.0,6,3.0,3,1,0,0,1,1,0,0,0,0,0,1,80555.0
9.0,13.0,9.0,5.0,8.0,1.0,6,6.0,11,1,1,0,1,1,0,1,1,0,0,1,93023.0
10.0,10.0,10.0,6.0,5.0,0.0,10,6.0,8,1,1,1,1,1,1,0,1,0,0,1,155000.0
11.0,14.0,11.0,5.0,4.0,1.0,6,0.0,8,1,1,1,1,0,1,0,0,0,0,1,74213.0
18.0,30.0,18.0,6.0,3.0,0.0,6,0.0,1,0,0,0,0,0,0,0,0,0,0,1,104399.0
8.0,8.0,10.0,3.0,8.0,1.0,6,2.0,5,0,1,1,1,1,0,0,0,0,0,1,51374.0
24.0,25.0,25.0,6.0,9.0,1.0,9,1.0,2,1,0,0,0,1,0,0,0,0,0,0,191082.0
7.0,9.0,10.0,3.0,5.0,1.0,6,1.0,3,0,0,0,1,0,1,0,0,0,0,1,49333.0
24.0,34.0,24.0,6.0,5.0,0.0,3,0.0,6,0,1,1,1,0,0,0,1,0,0,1,77332.0
14.0,14.0,20.0,6.0,4.0,1.0,6,0.0,6,0,1,1,0,0,0,0,0,1,1,1,38140.0
0.0,7.0,10.0,5.0,5.0,0.0,10,10.0,3,0,0,0,0,0,0,0,0,0,0,1,36000.0
4.0,8.0,8.0,5.0,7.0,1.0,1,2.0,6,1,1,1,1,1,0,0,0,0,0,1,90866.0
21.0,34.0,21.0,7.0,5.0,1.0,3,10.0,8,1,1,0,1,1,1,0,0,0,0,1,59073.0
17.0,17.0,17.0,3.0,3.0,2.0,6,10.0,7,1,1,1,1,0,0,0,1,0,0,1,59073.0
20.0,25.0,20.0,6.0,2.0,2.0,10,0.0,6,0,1,0,1,0,0,0,1,0,0,1,66000.0
5.0,16.0,5.0,6.0,5.0,0.0,10,6.0,6,0,1,1,0,0,0,0,0,1,1,1,160000.0
7.0,12.0,7.0,6.0,6.0,2.0,2,0.0,5,0,1,1,0,1,0,0,0,1,0,1,64444.0
5.0,11.0,10.0,3.0,1.0,0.0,10,0.0,4,1,0,0,1,0,0,0,0,0,0,0,11000.0
5.0,6.0,5.0,5.0,5.0,0.0,0,1.0,6,1,1,1,0,1,0,0,0,1,0,1,72000.0
10.0,15.0,10.0,4.0,9.0,0.0,10,0.0,9,0,1,1,1,1,0,0,0,1,1,1,240000.0
8.0,11.0,8.0,3.0,5.0,0.0,1,0.0,3,1,0,1,0,0,0,0,0,0,0,1,68331.0
6.0,10.0,10.0,6.0,9.0,1.0,10,10.0,3,1,0,0,0,0,0,1,0,0,0,1,140000.0
14.0,15.0,15.0,6.0,7.0,0.0,10,10.0,7,1,0,0,1,1,0,0,0,1,1,1,500000.0
2.0,4.0,2.0,3.0,9.0,1.0,9,1.0,4,1,1,0,0,1,0,0,0,0,0,1,38216.0
23.0,36.0,24.0,6.0,3.0,1.0,5,0.0,6,1,1,0,1,1,1,0,0,0,0,1,91295.0
15.0,33.0,16.0,1.0,1.0,0.0,10,0.0,8,1,1,1,1,0,0,0,1,0,0,1,150000.0
5.0,8.0,5.0,6.0,7.0,1.0,6,10.0,3,1,0,0,0,1,0,0,0,0,0,0,33033.0
5.0,19.0,5.0,7.0,4.0,0.0,6,1.0,3,1,0,0,1,1,0,0,0,0,0,1,15193.0
12.0,18.0,12.0,3.0,4.0,0.0,0,1.0,2,0,0,0,0,0,0,0,0,0,0,1,132000.0
3.0,11.0,3.0,5.0,3.0,0.0,10,0.0,2,0,1,0,0,0,0,0,0,1,0,1,112000.0
18.0,20.0,19.0,5.0,1.0,1.0,10,2.0,5,0,1,1,1,0,1,0,0,0,0,1,360000.0
10.0,11.0,10.0,6.0,9.0,1.0,5,0.0,9,1,1,1,1,1,0,0,1,0,0,0,55851.0
5.0,7.0,7.0,5.0,4.0,1.0,6,1.0,8,1,1,1,1,1,0,0,1,0,0,1,128887.0
5.0,5.0,17.0,5.0,9.0,1.0,9,10.0,3,0,0,0,1,1,0,0,0,0,0,1,80254.0
5.0,7.0,5.0,6.0,7.0,1.0,9,1.0,8,1,1,1,1,0,0,0,0,0,1,1,57325.0
4.0,8.0,4.0,5.0,9.0,0.0,6,1.0,7,1,1,1,1,1,0,0,0,0,0,1,32222.0
18.0,22.0,18.0,5.0,7.0,0.0,7,7.0,1,0,0,0,0,0,0,0,0,0,0,1,48333.0
3.0,10.0,10.0,5.0,8.0,0.0,10,9.0,6,1,0,0,0,0,0,1,0,0,0,1,87000.0
23.0,40.0,10.0,5.0,5.0,1.0,6,1.0,7,1,0,0,0,0,1,0,0,0,0,1,116989.0
5.0,8.0,5.0,3.0,4.0,1.0,3,1.0,2,1,0,0,0,1,0,0,0,0,0,0,18259.0
6.0,10.0,6.0,5.0,9.0,0.0,7,1.0,4,0,0,0,1,1,0,0,0,0,0,1,96666.0
5.0,7.0,10.0,2.0,9.0,0.0,9,0.0,6,1,1,0,1,0,0,0,0,1,0,0,216559.0
49.0,51.0,10.0,5.0,1.0,1.0,1,0.0,5,0,1,0,1,0,0,0,1,0,0,0,43616.0
8.0,12.0,10.0,3.0,4.0,1.0,6,10.0,2,0,0,0,0,1,0,0,0,0,1,1,96096.0
5.0,8.0,10.0,5.0,4.0,1.0,3,0.0,5,1,1,0,1,0,0,0,0,0,0,1,98814.0
18.0,30.0,18.0,5.0,9.0,1.0,6,0.0,7,0,1,1,1,1,1,0,1,0,0,1,202382.0
12.0,15.0,10.0,5.0,1.0,0.0,9,10.0,3,1,1,0,0,0,0,0,0,0,0,0,152865.0
1.0,7.0,1.0,5.0,9.0,1.0,10,1.0,4,1,0,0,1,0,1,0,0,0,0,1,72000.0
1.0,8.0,10.0,5.0,3.0,2.0,6,0.0,8,1,1,1,1,1,1,0,0,0,0,1,15359.0
0.0,6.0,10.0,5.0,4.0,1.0,10,0.0,6,1,1,1,1,1,0,0,0,0,0,1,63330.0
3.0,10.0,10.0,6.0,2.0,0.0,6,10.0,5,1,0,0,0,0,0,0,0,1,1,0,24512.0
6.0,18.0,6.0,3.0,3.0,0.0,3,1.0,3,0,0,1,0,0,1,0,0,0,0,1,85925.0
13.0,15.0,13.0,5.0,4.0,1.0,6,0.0,4,1,1,0,0,0,0,0,0,0,0,1,111417.0
30.0,32.0,30.0,6.0,9.0,0.0,9,6.0,10,1,1,1,0,1,1,0,0,1,0,0,229298.0
4.0,14.0,10.0,5.0,3.0,1.0,9,2.0,3,0,0,0,0,0,0,0,0,0,0,1,47134.0
2.0,8.0,2.0,3.0,9.0,2.0,10,10.0,8,1,1,1,0,0,0,1,0,0,1,1,70000.0
25.0,30.0,25.0,6.0,4.0,1.0,6,10.0,2,0,0,0,0,1,0,0,0,0,0,1,94445.0
3.0,7.0,3.0,5.0,4.0,2.0,6,1.0,2,0,0,0,1,0,1,0,0,0,0,1,71962.0
6.0,10.0,6.0,6.0,8.0,2.0,9,0.0,7,1,0,0,1,0,1,1,0,0,0,1,78980.0
18.0,30.0,20.0,6.0,7.0,1.0,6,10.0,2,0,0,0,0,0,1,0,0,0,0,1,76091.0
9.0,18.0,6.0,6.0,8.0,1.0,6,10.0,4,1,0,0,1,0,0,0,0,0,0,1,34338.0
24.0,30.0,20.0,5.0,7.0,1.0,6,5.0,4,1,0,0,0,0,1,0,0,1,0,1,145715.0
28.0,40.0,10.0,5.0,7.0,1.0,9,0.0,7,1,1,0,1,0,1,1,1,0,0,1,45860.0
5.0,10.0,10.0,5.0,5.0,1.0,0,0.0,11,1,1,1,1,0,1,0,0,0,0,1,19245.0
16.0,49.0,10.0,3.0,1.0,1.0,6,7.0,3,0,0,0,0,0,0,0,1,0,0,0,80555.0
10.0,13.0,10.0,5.0,1.0,0.0,6,0.0,5,0,1,1,0,1,0,0,1,0,0,0,42962.0
6.0,12.0,5.0,6.0,4.0,1.0,6,0.0,9,1,1,1,1,0,1,0,0,1,0,1,54974.0
6.0,8.0,13.0,7.0,2.0,1.0,6,10.0,5,0,0,0,0,0,0,0,0,0,0,0,19603.0
13.0,17.0,13.0,6.0,6.0,1.0,6,1.0,6,1,1,1,1,0,0,0,0,0,0,1,237600.0
4.0,9.0,4.0,5.0,3.0,1.0,6,0.0,4,0,0,1,0,0,0,0,0,0,1,1,48074.0
2.0,8.0,2.0,6.0,9.0,1.0,2,0.0,8,1,1,0,1,1,0,0,1,0,0,1,40814.0
7.0,14.0,7.0,5.0,4.0,1.0,6,0.0,4,0,0,1,1,1,0,0,0,0,0,1,53163.0
40.0,45.0,10.0,6.0,6.0,1.0,6,1.0,8,1,1,0,1,1,0,1,1,0,0,0,29696.0
3.0,5.0,3.0,4.0,2.0,0.0,0,0.0,7,1,1,1,1,0,0,0,0,1,0,1,16784.0
16.0,20.0,10.0,5.0,5.0,0.0,10,10.0,2,1,0,0,0,0,0,0,0,0,0,1,220000.0
2.0,7.0,10.0,2.0,3.0,1.0,6,0.0,3,0,1,1,0,1,0,0,0,0,0,1,32222.0
1.0,4.0,3.0,5.0,5.0,2.0,10,3.0,5,1,0,0,1,0,1,0,0,0,0,1,85000.0
34.0,40.0,34.0,5.0,4.0,0.0,10,8.0,7,1,1,0,1,1,1,0,0,0,0,1,180000.0
2.0,8.0,2.0,3.0,4.0,1.0,6,0.0,9,1,1,0,1,0,1,0,0,0,0,1,25489.0
25.0,30.0,10.0,5.0,4.0,0.0,10,6.0,5,0,0,0,0,0,0,0,0,0,1,1,150000.0
4.0,6.0,4.0,5.0,3.0,1.0,6,1.0,2,1,0,0,0,0,0,0,0,1,0,1,70966.0
16.0,14.0,12.0,2.0,9.0,0.0,0,1.0,6,1,1,1,1,0,0,0,0,1,0,1,47843.0
27.0,41.0,10.0,5.0,4.0,1.0,6,6.0,2,1,0,0,0,0,0,0,0,0,0,1,163359.0
2.0,5.0,3.0,6.0,7.0,1.0,6,1.0,3,0,0,0,0,1,0,0,0,0,1,1,35981.0
20.0,23.0,20.0,5.0,3.0,1.0,4,8.0,4,0,0,0,0,1,1,0,0,0,0,0,47854.0
12.0,15.0,12.0,6.0,6.0,1.0,6,1.0,2,0,0,0,1,1,0,0,0,0,0,1,139271.0
13.0,15.0,10.0,5.0,3.0,1.0,6,1.0,11,1,1,1,1,0,1,1,0,0,0,1,41888.0
21.0,25.0,10.0,5.0,4.0,1.0,6,0.0,7,1,1,0,1,0,1,1,0,0,0,1,99099.0
17.0,22.0,10.0,6.0,9.0,1.0,9,4.0,1,0,0,0,0,0,0,0,0,0,0,1,191082.0
13.0,18.0,13.0,5.0,6.0,1.0,3,10.0,6,1,1,0,1,0,0,0,1,0,0,1,75184.0
10.0,17.0,10.0,5.0,1.0,1.0,6,0.0,13,1,1,1,1,1,1,1,1,1,1,1,53808.0
20.0,28.0,26.0,7.0,5.0,0.0,10,10.0,5,0,1,1,1,0,0,0,1,0,0,1,200000.0
3.0,20.0,10.0,5.0,9.0,0.0,10,8.0,7,1,0,0,1,0,0,0,1,0,0,1,106000.0
6.0,13.0,10.0,6.0,2.0,1.0,3,10.0,1,0,0,0,0,0,0,0,0,0,0,0,42962.0
1.0,5.0,10.0,5.0,8.0,2.0,6,10.0,7,1,1,0,0,0,1,1,0,1,0,1,72673.0
10.0,7.0,10.0,5.0,9.0,0.0,9,1.0,5,1,0,0,1,0,0,0,0,1,1,1,110827.0
5.0,5.0,10.0,6.0,1.0,0.0,10,4.0,6,1,1,0,1,0,0,0,0,0,0,0,135000.0
8.0,8.0,8.0,5.0,6.0,2.0,6,1.0,2,1,0,0,0,1,0,0,0,0,0,1,27595.0
28.0,39.0,29.0,5.0,2.0,0.0,6,4.0,2,1,0,0,1,0,0,0,0,0,0,1,25828.0
2.0,6.0,2.0,5.0,7.0,1.0,6,0.0,4,0,0,1,1,0,1,0,0,0,0,1,25698.0
8.0,12.0,7.0,5.0,3.0,2.0,6,0.0,6,1,1,1,1,0,0,1,0,0,0,1,111417.0
5.0,9.0,5.0,5.0,9.0,0.0,7,7.0,2,0,0,0,0,1,0,0,0,0,0,1,32759.0
25.0,40.0,10.0,3.0,6.0,1.0,9,10.0,2,0,0,0,1,0,0,0,0,0,0,1,29299.0
23.0,23.0,23.0,7.0,7.0,1.0,8,0.0,4,0,1,0,1,0,1,0,0,0,0,1,61710.0
19.0,23.0,19.0,6.0,6.0,0.0,6,1.0,1,0,0,0,0,1,0,0,0,0,0,1,55851.0
24.0,30.0,24.0,6.0,9.0,1.0,3,9.0,11,1,0,0,1,0,1,1,0,1,0,1,135332.0
10.0,25.0,10.0,6.0,5.0,0.0,6,1.0,1,0,0,0,0,0,0,0,0,0,0,1,74239.0
22.0,32.0,22.0,5.0,3.0,1.0,10,8.0,5,1,0,0,0,0,0,1,0,0,0,1,105000.0
8.0,13.0,10.0,3.0,4.0,1.0,9,10.0,0,0,0,0,0,0,0,0,0,0,0,1,114649.0
2.0,3.0,10.0,5.0,4.0,1.0,6,0.0,4,1,0,1,1,0,0,0,0,0,1,1,13623.0
22.0,31.0,10.0,7.0,9.0,2.0,10,3.0,8,1,1,1,1,0,0,1,1,0,0,1,180000.0
30.0,30.0,30.0,6.0,4.0,1.0,9,6.0,6,0,1,1,1,0,0,0,0,1,0,1,127388.0
3.0,12.0,3.0,6.0,6.0,1.0,2,1.0,5,1,1,0,0,0,0,1,0,0,0,1,47259.0
25.0,30.0,10.0,4.0,4.0,1.0,6,8.0,2,0,0,0,1,0,0,0,0,0,0,1,48333.0
18.0,26.0,10.0,6.0,4.0,1.0,10,0.0,3,0,1,0,0,1,0,0,0,0,0,1,115000.0
5.0,7.0,5.0,5.0,3.0,0.0,10,2.0,2,0,1,1,0,0,0,0,0,0,0,1,117000.0
6.0,10.0,10.0,7.0,5.0,0.0,6,1.0,1,0,0,1,0,0,0,0,0,0,0,1,64444.0
17.0,23.0,19.0,5.0,4.0,0.0,1,0.0,8,1,1,1,0,0,0,0,0,0,0,1,105405.0
23.0,27.0,25.0,5.0,4.0,2.0,10,0.0,8,1,1,0,1,0,0,0,1,0,0,1,120000.0
22.0,38.0,22.0,6.0,4.0,1.0,3,0.0,3,0,0,0,1,1,0,0,0,0,0,1,54777.0
7.0,26.0,7.0,7.0,7.0,1.0,10,3.0,3,1,0,0,1,0,0,0,0,0,0,1,240000.0
2.0,12.0,10.0,5.0,7.0,2.0,9,0.0,6,0,1,0,1,0,1,0,0,0,0,1,39721.0
14.0,20.0,14.0,2.0,4.0,1.0,5,1.0,5,0,1,1,1,0,0,0,1,0,0,1,75184.0
2.0,8.0,10.0,5.0,9.0,1.0,10,10.0,6,1,0,0,1,0,1,0,0,0,0,1,180000.0
30.0,40.0,35.0,5.0,4.0,0.0,10,0.0,1,0,0,1,0,0,0,0,0,0,0,1,184000.0
4.0,6.0,10.0,5.0,6.0,1.0,6,1.0,4,0,1,0,1,0,0,0,1,0,0,1,13800.0
27.0,28.0,29.0,7.0,1.0,0.0,10,0.0,4,0,1,0,1,0,1,0,0,0,0,1,50000.0
8.0,10.0,10.0,6.0,5.0,1.0,6,5.0,8,1,0,0,1,1,1,0,0,1,0,1,53703.0
4.0,8.0,5.0,5.0,3.0,0.0,10,1.0,3,1,1,1,0,0,0,0,0,0,0,1,150000.0
7.0,9.0,7.0,5.0,8.0,0.0,10,0.0,7,1,1,0,1,0,1,0,0,0,0,1,117000.0
12.0,17.0,10.0,2.0,4.0,0.0,6,0.0,6,0,1,1,1,0,0,0,0,0,0,1,214355.0
20.0,22.0,20.0,4.0,6.0,0.0,10,1.0,9,1,1,1,1,0,0,0,0,1,1,1,150000.0
12.0,16.0,12.0,5.0,5.0,1.0,6,1.0,2,0,1,1,0,0,0,0,0,0,0,1,20834.0
11.0,17.0,11.0,6.0,5.0,0.0,6,7.0,1,0,0,0,0,0,0,0,0,0,0,1,190000.0
19.0,22.0,10.0,3.0,1.0,0.0,6,0.0,4,0,1,0,0,0,0,0,1,0,0,0,53703.0
5.0,5.0,5.0,5.0,4.0,1.0,9,0.0,4,0,1,0,1,0,0,0,1,0,0,1,44586.0
13.0,18.0,13.0,5.0,7.0,0.0,10,10.0,4,0,0,1,0,0,1,0,0,0,0,1,225000.0
12.0,16.0,14.0,5.0,7.0,1.0,6,0.0,3,0,1,0,1,0,0,0,1,0,0,1,26852.0
17.0,20.0,21.0,3.0,9.0,1.0,6,0.0,11,0,1,0,1,1,0,0,1,1,0,1,37592.0
9.0,28.0,10.0,6.0,1.0,0.0,3,0.0,8,0,1,1,1,0,1,1,0,0,0,0,137136.0
3.0,7.0,3.0,5.0,5.0,0.0,8,8.0,3,0,0,0,1,0,1,0,0,0,0,1,23629.0
7.0,11.0,9.0,5.0,9.0,1.0,5,0.0,5,0,1,1,0,1,0,1,0,0,0,1,98814.0
12.0,20.0,10.0,2.0,5.0,0.0,10,6.0,4,1,0,0,1,0,1,0,0,0,0,1,150000.0
5.0,8.0,10.0,3.0,4.0,0.0,8,2.0,2,0,1,1,0,0,0,0,0,0,0,1,50000.0
6.0,11.0,6.0,5.0,9.0,1.0,10,7.0,6,1,0,0,1,1,1,0,0,0,0,1,155000.0
8.0,12.0,10.0,5.0,2.0,1.0,6,0.0,5,0,1,1,1,0,0,0,0,0,0,1,99099.0
4.0,8.0,3.0,5.0,7.0,0.0,6,0.0,5,1,1,0,0,0,0,0,1,0,0,1,10672.0
10.0,21.0,22.0,3.0,3.0,0.0,1,8.0,6,1,1,1,1,0,0,0,0,0,0,1,145386.0
30.0,30.0,10.0,6.0,8.0,2.0,6,0.0,3,0,1,0,1,0,1,0,0,0,0,1,112322.0
10.0,13.0,10.0,5.0,2.0,0.0,8,10.0,4,0,1,1,1,0,0,0,0,0,0,0,118000.0
8.0,14.0,8.0,5.0,3.0,1.0,6,9.0,2,0,0,0,1,0,1,0,0,0,0,1,67666.0
37.0,37.0,35.0,6.0,9.0,0.0,1,1.0,3,1,0,0,1,0,1,0,0,0,0,1,218079.0
27.0,34.0,30.0,3.0,3.0,0.0,1,0.0,5,0,1,0,1,0,0,0,0,0,0,1,73420.0
3.0,6.0,10.0,3.0,7.0,0.0,9,1.0,2,0,0,0,0,1,0,0,0,0,0,1,91082.0
3.0,6.0,3.0,5.0,2.0,2.0,10,10.0,4,1,1,1,0,0,0,0,0,0,0,1,120000.0
8.0,13.0,10.0,7.0,5.0,0.0,1,10.0,0,0,0,0,0,0,0,0,0,0,0,1,181732.0
9.0,12.0,9.0,2.0,5.0,1.0,6,10.0,8,1,1,1,1,0,0,1,0,0,1,1,72532.0
0.0,11.0,1.0,3.0,6.0,2.0,1,10.0,6,1,0,0,0,0,0,1,0,0,1,1,66529.0
18.0,19.0,18.0,5.0,4.0,1.0,6,5.0,2,0,0,0,0,0,1,0,0,0,0,1,84796.0
27.0,30.0,30.0,5.0,6.0,0.0,1,0.0,4,0,1,0,1,0,1,0,0,0,0,1,101770.0
3.0,3.0,13.0,6.0,4.0,0.0,0,1.0,2,0,1,0,0,0,0,0,0,0,0,1,19022.0
14.0,19.0,14.0,5.0,9.0,2.0,6,6.0,6,1,1,1,1,1,0,0,0,0,0,1,88699.0
0.0,3.0,1.0,5.0,2.0,0.0,8,0.0,10,0,1,1,1,1,1,0,1,1,0,1,12000.0
10.0,23.0,10.0,5.0,5.0,1.0,3,0.0,5,0,1,1,1,1,1,0,0,0,0,1,48333.0
17.0,17.0,17.0,6.0,5.0,0.0,1,10.0,2,1,0,0,1,0,0,0,0,0,0,1,123360.0
7.0,8.0,8.0,3.0,4.0,0.0,6,8.0,5,1,0,0,1,0,1,0,0,0,0,1,53703.0
3.0,6.0,10.0,5.0,3.0,0.0,9,0.0,8,1,1,1,1,0,1,0,0,0,0,1,38216.0
2.0,10.0,2.0,5.0,4.0,1.0,9,2.0,3,1,0,1,0,0,0,0,0,0,0,1,44586.0
10.0,15.0,15.0,6.0,9.0,1.0,6,10.0,2,0,0,0,0,0,1,0,0,0,0,1,78023.0
27.0,29.0,27.0,5.0,2.0,0.0,10,1.0,3,0,1,0,1,0,0,0,1,0,0,1,77000.0
7.0,12.0,7.0,5.0,9.0,0.0,10,10.0,3,1,0,0,1,0,0,0,0,0,0,1,205000.0
6.0,10.0,6.0,5.0,4.0,1.0,3,10.0,2,1,0,0,0,0,0,0,0,0,0,1,80555.0
2.0,4.0,2.0,7.0,3.0,0.0,1,10.0,5,1,0,0,0,0,1,1,0,0,0,1,26896.0
8.0,7.0,10.0,5.0,5.0,0.0,0,10.0,2,0,0,0,1,0,0,0,0,0,0,0,140000.0
25.0,29.0,25.0,5.0,4.0,0.0,10,6.0,5,1,1,0,1,0,0,0,0,0,0,1,185000.0
23.0,28.0,23.0,5.0,4.0,2.0,6,0.0,6,1,1,1,1,0,1,0,0,0,0,1,95292.0
6.0,9.0,7.0,3.0,7.0,1.0,6,7.0,1,0,0,0,0,0,0,0,0,0,0,1,69814.0
1.0,10.0,1.0,5.0,6.0,2.0,10,0.0,9,1,1,1,1,0,1,0,0,0,0,1,75000.0
18.0,26.0,18.0,5.0,4.0,0.0,1,1.0,1,1,0,0,0,0,0,0,0,0,0,0,130847.0
2.0,5.0,5.0,2.0,3.0,0.0,10,10.0,7,0,0,1,0,1,1,0,0,0,1,1,24000.0
5.0,10.0,5.0,6.0,9.0,0.0,8,1.0,1,0,0,0,0,1,0,0,0,0,0,1,36000.0
15.0,19.0,15.0,5.0,5.0,0.0,9,0.0,5,0,1,0,1,0,0,0,1,0,0,1,63066.0
10.0,14.0,10.0,5.0,7.0,1.0,6,6.0,3,1,0,0,0,0,1,0,0,0,1,1,215098.0
2.0,6.0,10.0,6.0,3.0,1.0,8,1.0,6,1,1,0,1,1,0,0,0,1,0,1,34557.0
3.0,13.0,10.0,3.0,6.0,1.0,6,10.0,8,1,1,1,1,0,1,0,0,0,0,1,46041.0
11.0,15.0,10.0,5.0,4.0,0.0,10,0.0,9,1,1,1,1,0,1,1,0,0,0,1,132000.0
10.0,15.0,10.0,5.0,4.0,0.0,6,0.0,4,1,1,0,0,0,0,0,1,0,0,1,36000.0
2.0,6.0,2.0,3.0,3.0,1.0,10,0.0,6,0,1,1,1,0,0,0,1,1,1,1,53000.0
5.0,8.0,5.0,3.0,8.0,1.0,0,7.0,3,0,0,0,0,1,0,0,0,0,0,1,18649.0
18.0,24.0,18.0,4.0,7.0,0.0,6,1.0,5,0,0,1,1,1,1,0,0,0,0,1,60000.0
10.0,17.0,10.0,3.0,5.0,0.0,10,1.0,2,0,0,1,1,0,0,0,0,0,0,1,250000.0
6.0,9.0,10.0,5.0,6.0,0.0,10,1.0,4,1,0,0,1,1,0,0,0,1,0,1,350000.0
25.0,35.0,25.0,7.0,7.0,0.0,9,1.0,2,1,0,0,0,0,0,0,0,0,0,1,76433.0
13.0,18.0,19.0,5.0,8.0,1.0,10,0.0,8,0,1,1,1,1,0,0,0,0,1,1,200000.0
8.0,20.0,8.0,7.0,7.0,0.0,10,10.0,4,1,0,0,0,0,0,0,0,0,1,1,190000.0
10.0,20.0,10.0,5.0,7.0,0.0,8,10.0,2,0,0,1,0,0,1,0,0,0,0,0,49368.0
3.0,9.0,3.0,5.0,6.0,0.0,9,4.0,3,1,0,0,0,1,0,0,0,0,1,1,89172.0
5.0,13.0,10.0,5.0,5.0,2.0,10,10.0,4,1,0,0,0,0,1,1,0,0,0,1,65000.0
9.0,17.0,9.0,6.0,7.0,1.0,6,9.0,6,1,0,0,0,0,1,1,0,0,0,1,57280.0
3.0,6.0,3.0,2.0,2.0,2.0,3,0.0,4,0,0,1,1,0,1,0,0,0,0,1,42748.0
2.0,2.0,2.0,5.0,2.0,2.0,6,7.0,1,0,0,0,0,0,0,0,0,0,0,1,16807.0
1.0,4.0,1.0,5.0,4.0,2.0,6,10.0,6,1,1,0,0,0,0,1,0,0,1,1,51555.0
3.0,8.0,3.0,3.0,4.0,0.0,6,2.0,4,0,1,1,1,0,0,0,0,0,0,0,10782.0
14.0,17.0,10.0,6.0,3.0,0.0,8,1.0,4,0,0,0,1,0,1,0,0,0,0,0,29621.0
12.0,15.0,13.0,5.0,9.0,0.0,9,1.0,1,0,0,0,0,0,0,0,0,0,0,1,161783.0
6.0,11.0,10.0,6.0,1.0,0.0,6,0.0,3,0,1,1,0,0,0,0,0,0,0,0,32222.0
12.0,14.0,13.0,6.0,9.0,1.0,0,1.0,6,0,0,0,1,0,1,0,0,1,0,1,65271.0
2.0,2.0,10.0,6.0,1.0,0.0,8,0.0,1,0,1,0,0,0,0,0,0,0,0,0,29621.0
4.0,13.0,10.0,6.0,4.0,2.0,6,10.0,2,1,0,0,1,0,0,0,0,0,0,0,34748.0
22.0,37.0,22.0,6.0,9.0,1.0,3,0.0,3,0,1,1,0,1,0,0,0,0,0,1,112777.0
7.0,10.0,20.0,6.0,4.0,1.0,6,9.0,5,1,0,0,0,0,1,1,0,0,0,1,85925.0
4.0,7.0,10.0,6.0,9.0,1.0,10,2.0,2,0,1,1,0,0,0,0,0,0,0,1,142000.0
10.0,10.0,10.0,5.0,4.0,0.0,9,1.0,1,0,0,0,0,0,0,0,0,1,0,1,101910.0
12.0,16.0,10.0,6.0,7.0,1.0,3,1.0,5,1,1,0,1,0,0,0,0,0,0,1,96666.0
7.0,10.0,7.0,5.0,7.0,0.0,0,1.0,4,1,0,0,1,0,0,0,0,0,1,1,29838.0
2.0,4.0,10.0,3.0,3.0,1.0,6,0.0,6,0,1,1,1,0,0,0,0,0,1,1,160000.0
16.0,21.0,16.0,6.0,4.0,0.0,6,0.0,3,1,1,0,0,1,0,0,0,0,0,1,79481.0
12.0,20.0,9.0,7.0,7.0,2.0,6,10.0,4,1,0,1,0,0,0,0,0,0,0,1,77435.0
8.0,25.0,10.0,3.0,5.0,0.0,10,0.0,7,0,1,1,1,0,1,0,0,0,0,1,90000.0
25.0,25.0,25.0,6.0,2.0,0.0,6,0.0,3,0,0,0,1,0,0,0,0,0,0,1,53703.0
19.0,25.0,25.0,5.0,7.0,1.0,3,10.0,6,0,0,0,0,1,0,0,0,0,0,1,91295.0
13.0,13.0,10.0,5.0,4.0,1.0,10,1.0,8,1,1,1,1,0,1,0,0,0,0,1,100000.0
6.0,11.0,6.0,4.0,8.0,0.0,10,0.0,11,0,1,1,1,0,0,0,0,1,1,1,188000.0
4.0,14.0,10.0,6.0,4.0,1.0,6,4.0,9,1,1,1,1,0,0,1,0,0,0,1,49407.0
4.0,14.0,4.0,5.0,4.0,0.0,6,2.0,4,1,1,1,0,0,0,0,0,0,0,0,18905.0
6.0,9.0,8.0,5.0,5.0,1.0,6,0.0,18,1,1,1,1,1,1,1,1,0,0,1,37592.0
15.0,23.0,15.0,5.0,4.0,0.0,0,7.0,1,0,0,0,0,0,0,0,0,0,0,1,120379.0
15.0,15.0,15.0,5.0,7.0,0.0,9,0.0,3,0,1,1,0,0,0,0,0,0,0,1,98089.0
34.0,40.0,10.0,5.0,1.0,0.0,10,1.0,8,1,1,1,0,1,0,1,0,0,0,0,200000.0
15.0,20.0,15.0,5.0,5.0,0.0,10,0.0,6,0,1,1,0,0,0,0,1,0,0,1,216000.0
10.0,13.0,10.0,3.0,4.0,0.0,7,1.0,6,0,1,0,1,0,0,0,1,1,0,1,59073.0
1.0,10.0,1.0,3.0,3.0,2.0,3,0.0,6,1,1,1,0,0,1,0,0,0,0,1,12889.0
18.0,20.0,2.0,6.0,2.0,0.0,9,10.0,3,1,1,0,0,0,0,1,0,0,0,1,140127.0
20.0,27.0,10.0,5.0,1.0,0.0,6,0.0,9,0,1,1,1,0,1,0,1,0,0,0,35000.0
9.0,13.0,10.0,3.0,4.0,0.0,6,7.0,0,0,0,0,0,0,0,0,0,0,0,1,24000.0
4.0,7.0,4.0,3.0,5.0,1.0,6,0.0,6,0,1,1,1,0,1,0,0,0,0,1,69959.0
6.0,20.0,28.0,3.0,8.0,0.0,10,6.0,5,1,1,0,0,0,0,0,0,0,1,1,181000.0
10.0,10.0,11.0,5.0,7.0,1.0,1,9.0,3,1,0,0,0,0,0,0,0,0,0,1,101770.0
7.0,10.0,5.0,2.0,4.0,1.0,6,0.0,7,1,1,1,1,1,0,0,0,0,0,1,119810.0
24.0,27.0,10.0,3.0,9.0,0.0,6,10.0,4,1,0,0,1,0,0,0,0,0,0,1,233975.0
11.0,15.0,10.0,5.0,3.0,0.0,6,0.0,3,0,1,0,0,0,0,0,0,0,0,1,32672.0
0.0,7.0,3.0,5.0,4.0,2.0,6,0.0,9,1,1,0,0,0,1,1,0,0,0,0,15598.0
2.0,5.0,10.0,7.0,7.0,0.0,7,1.0,4,0,1,0,1,1,0,0,0,0,0,1,24703.0
24.0,34.0,24.0,5.0,6.0,1.0,1,0.0,6,0,0,0,1,1,0,0,0,0,1,1,203540.0
15.0,20.0,20.0,3.0,7.0,0.0,1,0.0,4,0,1,1,0,0,1,0,0,0,0,1,109039.0
6.0,8.0,6.0,5.0,5.0,0.0,0,1.0,5,1,1,1,1,0,0,0,1,0,0,1,18182.0
35.0,42.0,35.0,5.0,6.0,0.0,5,0.0,6,1,1,0,0,1,0,1,0,0,0,0,61564.0
6.0,10.0,6.0,4.0,6.0,1.0,10,0.0,5,0,0,0,1,0,1,0,1,0,0,1,110000.0
8.0,14.0,10.0,7.0,9.0,0.0,10,10.0,4,1,1,1,0,0,0,1,0,0,0,1,150000.0
19.0,22.0,19.0,5.0,5.0,1.0,10,0.0,3,1,1,0,0,0,0,0,0,0,0,1,95000.0
4.0,6.0,4.0,4.0,5.0,2.0,6,1.0,4,1,1,0,0,0,0,0,0,0,0,1,11405.0
5.0,10.0,10.0,6.0,5.0,1.0,6,10.0,1,1,0,0,0,0,0,0,0,0,0,1,42962.0
11.0,15.0,11.0,5.0,5.0,0.0,9,7.0,1,0,0,0,0,0,0,0,0,0,0,1,112101.0
5.0,10.0,5.0,4.0,8.0,1.0,7,5.0,5,0,1,0,0,1,0,0,1,1,0,1,24703.0
0.0,11.0,10.0,6.0,4.0,2.0,10,10.0,4,1,1,0,0,0,0,0,0,0,0,1,35000.0
14.0,17.0,10.0,6.0,3.0,0.0,8,1.0,4,1,0,0,1,0,0,0,0,1,0,1,110000.0
10.0,14.0,10.0,5.0,4.0,2.0,10,10.0,7,1,1,0,1,0,0,0,1,0,0,1,65000.0
3.0,6.0,5.0,4.0,3.0,1.0,1,0.0,8,0,1,1,1,1,0,0,0,0,0,1,54520.0
5.0,7.0,7.0,6.0,7.0,1.0,8,1.0,1,0,0,0,0,1,0,0,0,0,0,1,41963.0
16.0,22.0,10.0,6.0,5.0,0.0,7,10.0,4,0,1,1,0,1,0,0,0,0,0,1,56925.0
30.0,32.0,10.0,6.0,9.0,1.0,1,8.0,1,1,0,0,0,0,0,0,0,0,0,0,167194.0
7.0,10.0,10.0,5.0,4.0,1.0,10,1.0,7,1,1,0,1,0,1,0,1,0,0,1,98000.0
24.0,29.0,10.0,5.0,4.0,0.0,10,4.0,3,0,0,0,0,0,0,0,0,0,0,1,175000.0
1.0,5.0,2.0,5.0,3.0,2.0,6,2.0,2,0,1,1,0,0,0,0,0,0,0,1,15246.0
4.0,13.0,4.0,6.0,5.0,2.0,6,10.0,3,1,0,0,0,0,1,0,0,0,0,1,30549.0
29.0,41.0,29.0,6.0,4.0,1.0,3,5.0,10,1,1,1,1,1,0,0,1,1,0,1,63155.0
9.0,11.0,10.0,3.0,5.0,0.0,8,0.0,4,0,1,0,1,0,0,0,1,0,0,1,42962.0
27.0,28.0,10.0,3.0,9.0,1.0,10,8.0,12,1,1,1,1,0,1,0,1,0,0,1,136000.0
5.0,8.0,5.0,6.0,4.0,0.0,8,7.0,5,0,0,0,0,1,0,0,0,0,0,1,41469.0
5.0,10.0,5.0,5.0,7.0,1.0,9,0.0,5,1,1,0,1,1,1,0,0,0,0,1,57325.0
3.0,10.0,10.0,5.0,1.0,0.0,6,0.0,8,0,1,1,1,0,0,0,0,1,0,0,51555.0
10.0,20.0,10.0,6.0,4.0,1.0,6,0.0,8,0,1,1,1,1,0,1,1,0,0,1,42962.0
8.0,15.0,10.0,3.0,7.0,0.0,6,1.0,4,1,1,0,0,0,0,0,1,1,0,1,91474.0
8.0,10.0,8.0,6.0,2.0,2.0,1,10.0,10,1,1,0,1,0,0,1,0,0,0,1,23989.0
17.0,23.0,10.0,5.0,2.0,0.0,6,10.0,2,0,0,0,0,0,0,0,0,0,1,1,136096.0
2.0,4.0,2.0,5.0,4.0,1.0,8,5.0,8,1,1,0,1,0,0,1,0,0,0,1,20000.0
3.0,8.0,3.0,6.0,7.0,2.0,6,10.0,8,1,1,1,0,0,1,0,0,0,1,1,36315.0
10.0,21.0,12.0,5.0,4.0,0.0,9,1.0,5,0,1,0,1,0,0,0,0,0,0,1,108280.0
15.0,15.0,15.0,5.0,3.0,1.0,0,3.0,5,1,1,0,1,0,1,0,1,0,0,0,20514.0
14.0,17.0,14.0,4.0,4.0,0.0,7,10.0,1,0,0,0,0,0,1,0,0,0,0,1,57999.0
2.0,5.0,10.0,5.0,9.0,2.0,10,0.0,5,1,1,1,0,1,0,0,0,0,1,1,252000.0
9.0,13.0,9.0,5.0,2.0,1.0,6,1.0,3,0,1,0,1,0,0,0,0,0,0,1,23629.0
5.0,12.0,6.0,3.0,7.0,1.0,6,10.0,18,1,1,1,1,1,1,1,1,0,0,1,75184.0
19.0,30.0,19.0,6.0,4.0,2.0,6,8.0,4,1,0,0,1,0,0,1,0,0,0,1,88912.0
8.0,18.0,8.0,5.0,4.0,0.0,10,1.0,8,1,1,0,1,1,1,0,1,0,0,1,130000.0
10.0,15.0,10.0,5.0,4.0,0.0,0,2.0,4,0,1,1,0,0,1,0,0,0,0,1,11189.0
7.0,10.0,7.0,5.0,5.0,1.0,2,10.0,2,0,0,0,0,0,1,0,0,0,0,1,48333.0
12.0,24.0,12.0,6.0,4.0,0.0,6,1.0,5,0,0,0,1,0,0,0,0,1,1,1,129961.0
20.0,24.0,20.0,6.0,5.0,0.0,3,0.0,3,0,0,1,1,0,1,0,0,0,0,1,82703.0
6.0,8.0,6.0,7.0,4.0,0.0,0,2.0,4,1,1,0,0,0,0,0,0,0,0,1,23497.0
11.0,16.0,10.0,5.0,7.0,1.0,6,8.0,5,0,0,0,1,0,1,0,0,0,0,1,42962.0
10.0,12.0,10.0,6.0,2.0,0.0,10,10.0,11,1,1,0,1,1,1,1,0,1,0,1,450000.0
24.0,35.0,40.0,4.0,5.0,0.0,10,0.0,7,0,1,1,1,0,1,0,1,0,0,1,129285.0
10.0,24.0,10.0,6.0,4.0,1.0,10,10.0,7,1,1,0,1,0,0,0,0,0,1,1,25000.0
3.0,10.0,10.0,7.0,1.0,1.0,10,10.0,3,1,0,0,0,0,0,1,0,0,0,0,140000.0
14.0,21.0,14.0,6.0,5.0,0.0,9,0.0,3,0,1,0,0,1,0,0,0,0,0,1,76433.0
7.0,14.0,7.0,6.0,3.0,2.0,3,0.0,3,0,0,1,1,0,1,0,0,0,0,1,69814.0
6.0,15.0,6.0,6.0,4.0,0.0,1,1.0,6,1,0,1,0,0,0,0,0,0,0,1,72693.0
10.0,22.0,10.0,5.0,7.0,1.0,10,1.0,6,1,1,1,1,0,1,0,0,0,0,1,125000.0
11.0,18.0,11.0,6.0,9.0,0.0,6,9.0,5,1,1,0,0,0,0,1,0,0,0,1,42564.0
6.0,12.0,6.0,5.0,5.0,0.0,10,1.0,5,0,1,0,1,0,1,0,0,0,0,1,159000.0
20.0,28.0,10.0,5.0,2.0,2.0,10,9.0,10,1,1,0,0,1,0,1,1,0,0,1,100000.0
5.0,6.0,5.0,6.0,2.0,1.0,6,9.0,1,1,0,0,0,0,0,0,0,0,0,1,53703.0
6.0,30.0,10.0,6.0,6.0,1.0,9,10.0,3,0,0,0,1,0,0,0,0,0,0,1,191082.0
15.0,20.0,10.0,5.0,9.0,2.0,10,2.0,5,0,1,1,1,0,0,0,0,0,0,1,160000.0
28.0,32.0,28.0,6.0,2.0,0.0,6,0.0,2,0,0,0,0,0,1,0,0,0,0,0,61222.0
4.0,13.0,4.0,6.0,5.0,0.0,3,0.0,2,0,0,1,0,1,0,0,0,0,0,1,26852.0
34.0,40.0,10.0,5.0,5.0,0.0,10,0.0,5,1,1,1,0,0,0,0,0,0,0,1,200000.0
1.0,6.0,10.0,6.0,3.0,2.0,2,10.0,7,1,1,0,0,0,0,1,0,0,1,1,44037.0
37.0,42.0,37.0,6.0,4.0,2.0,6,9.0,3,1,0,0,0,0,0,1,0,0,0,1,129602.0
2.0,3.0,3.0,3.0,4.0,0.0,10,0.0,7,0,1,1,1,0,0,0,0,1,0,1,96000.0
3.0,11.0,3.0,6.0,9.0,1.0,2,10.0,7,1,1,0,0,0,0,1,0,0,0,1,99888.0
4.0,14.0,4.0,5.0,5.0,0.0,10,0.0,6,0,1,0,1,0,0,0,0,1,0,1,110000.0
11.0,14.0,10.0,7.0,7.0,1.0,6,1.0,1,0,0,0,0,0,1,0,0,0,0,1,38666.0
8.0,15.0,10.0,7.0,3.0,1.0,6,10.0,3,1,0,0,1,0,0,0,0,0,0,1,429429.0
5.0,15.0,5.0,3.0,5.0,0.0,6,1.0,3,0,1,0,0,1,0,0,0,0,0,1,22555.0
37.0,40.0,10.0,6.0,8.0,2.0,6,3.0,2,1,0,0,0,0,0,0,0,0,0,1,363363.0
16.0,20.0,10.0,5.0,7.0,0.0,1,1.0,2,1,0,0,0,0,0,0,0,0,0,1,196271.0
7.0,9.0,9.0,3.0,5.0,0.0,6,2.0,8,0,1,1,1,0,0,0,0,1,0,0,69170.0
6.0,9.0,10.0,3.0,9.0,0.0,8,1.0,5,0,1,0,1,0,0,1,0,1,0,1,15600.0
8.0,11.0,10.0,5.0,4.0,1.0,6,6.0,4,0,0,0,0,1,1,1,0,0,0,1,47165.0
8.0,14.0,10.0,6.0,6.0,0.0,6,1.0,2,0,0,0,0,0,0,1,0,0,0,0,56917.0
22.0,28.0,10.0,5.0,1.0,0.0,10,10.0,7,0,1,0,1,0,1,0,1,0,0,0,40000.0
5.0,15.0,5.0,5.0,5.0,2.0,10,10.0,3,1,0,0,0,0,0,0,0,0,0,1,88000.0
6.0,8.0,6.0,5.0,4.0,1.0,6,2.0,10,1,1,1,1,0,1,0,0,0,0,1,35444.0
9.0,13.0,9.0,5.0,4.0,0.0,0,0.0,3,0,1,1,0,0,0,0,0,0,0,1,69000.0
17.0,18.0,18.0,5.0,6.0,1.0,6,10.0,8,1,1,1,1,0,0,0,0,0,0,1,145715.0
4.0,6.0,3.0,5.0,3.0,0.0,4,0.0,10,1,1,1,1,1,0,0,1,0,0,1,10767.0
3.0,5.0,3.0,6.0,4.0,2.0,4,10.0,2,1,0,0,0,0,0,0,0,0,0,1,29909.0
4.0,8.0,4.0,5.0,9.0,2.0,6,8.0,1,0,0,0,0,0,0,1,0,0,0,1,37096.0
1.0,6.0,1.0,5.0,2.0,0.0,6,0.0,10,1,1,1,1,1,1,1,0,1,0,1,24731.0
17.0,20.0,17.0,6.0,3.0,0.0,2,0.0,9,0,1,0,1,1,1,1,1,0,0,1,85925.0
8.0,14.0,10.0,6.0,9.0,1.0,3,0.0,5,1,1,1,1,0,0,0,0,0,0,1,150369.0
17.0,25.0,20.0,5.0,8.0,0.0,10,0.0,5,0,1,1,0,1,0,0,0,0,0,1,205000.0
8.0,12.0,10.0,5.0,3.0,0.0,10,10.0,12,1,1,1,0,1,1,1,0,0,1,1,160000.0
13.0,25.0,13.0,6.0,3.0,0.0,6,10.0,1,0,0,1,0,0,0,0,0,0,0,1,130000.0
6.0,15.0,10.0,6.0,9.0,1.0,0,10.0,2,0,1,1,0,0,0,0,0,0,0,1,22378.0
4.0,9.0,10.0,6.0,3.0,1.0,1,1.0,2,1,0,0,1,0,0,0,0,0,0,1,94501.0
12.0,12.0,10.0,5.0,5.0,2.0,6,0.0,3,1,1,0,0,0,0,0,0,0,0,1,30280.0
12.0,23.0,10.0,7.0,9.0,2.0,9,7.0,4,0,0,0,0,1,0,1,0,0,0,1,270062.0
32.0,37.0,35.0,6.0,4.0,1.0,6,0.0,6,0,0,0,1,1,0,0,0,0,1,1,133700.0
6.0,10.0,6.0,3.0,4.0,0.0,9,10.0,10,1,1,1,1,1,0,0,0,1,0,1,180000.0
24.0,30.0,24.0,3.0,6.0,0.0,9,0.0,7,1,1,1,1,1,0,0,0,1,1,0,171974.0
10.0,15.0,10.0,5.0,9.0,0.0,6,0.0,6,0,0,0,1,0,1,0,0,0,0,1,48333.0
8.0,10.0,10.0,6.0,9.0,2.0,6,5.0,3,0,0,1,0,0,0,0,0,1,0,1,153755.0
3.0,5.0,3.0,3.0,6.0,1.0,1,0.0,7,0,1,1,1,0,1,0,0,0,0,1,94501.0
34.0,45.0,10.0,5.0,1.0,0.0,6,0.0,11,0,1,0,1,0,1,1,0,0,0,0,28615.0
6.0,13.0,6.0,5.0,7.0,1.0,10,0.0,6,1,1,0,0,0,1,0,1,0,0,1,200000.0
19.0,25.0,10.0,5.0,4.0,1.0,6,0.0,4,1,0,1,0,0,1,1,0,0,0,1,76577.0
12.0,25.0,10.0,6.0,5.0,0.0,7,1.0,5,1,1,0,1,0,0,0,0,0,0,1,59073.0
9.0,18.0,9.0,6.0,2.0,0.0,6,0.0,6,0,1,1,1,1,1,0,0,0,0,0,70008.0
9.0,18.0,10.0,3.0,3.0,2.0,6,10.0,4,0,0,0,1,0,0,0,1,1,0,1,48333.0
25.0,30.0,10.0,5.0,4.0,1.0,1,10.0,30,1,1,1,1,1,1,1,1,1,1,1,130847.0
24.0,30.0,24.0,6.0,9.0,1.0,1,10.0,4,0,0,0,0,0,1,1,0,0,1,1,254425.0
0.0,12.0,1.0,2.0,4.0,1.0,6,0.0,7,1,1,1,0,0,1,0,0,0,0,0,23040.0
20.0,26.0,10.0,3.0,3.0,0.0,3,10.0,4,0,0,0,1,0,1,0,0,0,0,1,64444.0
3.0,4.0,3.0,5.0,4.0,1.0,8,0.0,5,0,1,1,1,0,1,0,0,0,0,1,17772.0
28.0,35.0,10.0,6.0,6.0,1.0,3,10.0,7,0,1,0,1,0,0,0,0,0,0,1,134258.0
11.0,19.0,11.0,5.0,3.0,2.0,10,10.0,6,1,1,1,0,0,0,1,0,0,0,1,130000.0
9.0,17.0,9.0,6.0,5.0,0.0,3,7.0,1,0,0,0,0,0,0,0,0,0,0,1,66592.0
10.0,10.0,10.0,2.0,5.0,0.0,8,1.0,5,0,1,0,1,0,0,0,1,1,0,1,75184.0
4.0,16.0,10.0,5.0,4.0,1.0,6,0.0,5,0,1,1,1,0,0,0,1,0,1,1,47144.0
4.0,8.0,4.0,5.0,5.0,2.0,5,2.0,4,0,1,1,0,0,0,0,1,0,0,1,48977.0
16.0,25.0,16.0,5.0,7.0,0.0,10,6.0,6,0,1,1,1,0,0,0,0,1,0,1,229000.0
38.0,42.0,10.0,5.0,1.0,0.0,6,0.0,4,0,1,0,1,0,0,0,1,0,0,0,20613.0
18.0,20.0,18.0,2.0,5.0,1.0,6,0.0,5,0,1,0,1,0,1,0,0,0,0,1,56822.0
28.0,34.0,35.0,5.0,8.0,0.0,6,0.0,5,0,1,1,1,0,1,0,0,0,0,1,91878.0
8.0,15.0,10.0,6.0,9.0,1.0,6,4.0,5,1,1,0,0,1,0,0,0,0,0,0,64444.0
35.0,40.0,10.0,5.0,5.0,2.0,9,9.0,2,0,0,0,0,0,1,1,0,0,0,1,104458.0
1.0,5.0,10.0,6.0,4.0,1.0,9,3.0,5,1,0,0,1,1,0,0,0,0,0,1,63694.0
15.0,19.0,10.0,5.0,1.0,0.0,6,9.0,4,1,1,1,0,0,0,0,0,0,0,0,53808.0
26.0,30.0,26.0,5.0,5.0,0.0,9,0.0,5,0,0,1,1,0,1,0,0,0,0,1,110191.0
2.0,4.0,3.0,6.0,4.0,0.0,3,4.0,2,1,1,0,0,0,0,0,0,0,0,1,69814.0
51.0,51.0,10.0,6.0,1.0,0.0,0,8.0,11,1,1,1,1,1,0,0,0,0,0,0,447569.0
3.0,10.0,3.0,5.0,9.0,1.0,10,0.0,8,1,1,0,1,1,1,0,0,0,0,1,134000.0
26.0,35.0,35.0,2.0,3.0,2.0,6,0.0,14,1,1,1,1,0,1,0,0,1,0,1,14369.0
0.0,8.0,1.0,2.0,3.0,1.0,5,10.0,1,0,0,1,0,0,0,0,0,0,0,0,10741.0
23.0,18.0,10.0,5.0,5.0,0.0,9,10.0,2,0,0,0,1,0,0,0,0,0,0,1,127388.0
10.0,12.0,10.0,5.0,4.0,0.0,5,0.0,4,0,0,1,0,0,1,0,0,1,0,1,109554.0
10.0,26.0,10.0,7.0,3.0,0.0,6,10.0,2,1,0,0,0,0,0,1,0,0,0,0,84930.0
5.0,11.0,5.0,6.0,7.0,1.0,6,1.0,4,0,1,0,1,1,0,0,0,0,0,1,107937.0
19.0,23.0,10.0,6.0,9.0,1.0,6,8.0,3,1,0,0,0,0,0,1,0,0,0,1,108587.0
25.0,29.0,10.0,5.0,7.0,0.0,10,0.0,3,0,1,0,0,0,1,0,0,0,0,1,150000.0
7.0,15.0,10.0,7.0,4.0,0.0,6,1.0,4,1,1,0,1,0,0,0,0,0,0,1,72000.0
2.0,5.0,2.0,5.0,4.0,1.0,6,0.0,5,0,1,1,1,0,0,0,0,0,0,1,21523.0
19.0,25.0,10.0,5.0,8.0,2.0,10,8.0,6,0,0,0,1,0,1,1,0,0,0,1,150000.0
8.0,11.0,8.0,5.0,7.0,0.0,7,7.0,1,0,0,0,0,0,0,0,0,0,0,1,60255.0
5.0,9.0,5.0,5.0,4.0,0.0,6,0.0,2,0,0,1,1,0,0,0,0,0,0,1,41244.0
14.0,26.0,10.0,7.0,7.0,2.0,6,10.0,4,1,0,0,0,0,0,1,0,0,1,1,82360.0
6.0,14.0,5.0,4.0,7.0,2.0,5,0.0,8,1,1,1,1,1,0,0,0,1,0,1,17262.0
3.0,7.0,10.0,5.0,4.0,0.0,10,10.0,2,1,0,0,0,0,0,0,0,1,0,0,15000.0
3.0,6.0,10.0,7.0,3.0,1.0,3,10.0,6,1,1,0,1,0,0,0,1,0,0,1,75184.0
3.0,5.0,0.0,5.0,3.0,2.0,6,0.0,4,0,1,0,1,0,0,0,1,0,0,1,64603.0
11.0,14.0,10.0,5.0,1.0,0.0,6,0.0,3,0,0,1,1,1,0,0,0,0,0,0,118147.0
15.0,20.0,10.0,3.0,4.0,1.0,7,10.0,6,0,1,0,1,0,1,0,1,0,0,1,26315.0
2.0,6.0,2.0,5.0,7.0,0.0,10,1.0,5,1,0,0,0,0,0,0,0,1,1,1,110000.0
4.0,8.0,4.0,5.0,4.0,1.0,6,1.0,1,1,0,0,0,0,0,0,0,0,0,1,22010.0
3.0,7.0,7.0,6.0,5.0,0.0,6,1.0,5,1,0,0,1,1,0,0,0,0,0,1,39740.0
18.0,25.0,10.0,3.0,3.0,0.0,6,2.0,3,0,1,0,1,0,0,0,0,0,0,1,211336.0
2.0,8.0,10.0,6.0,5.0,0.0,10,10.0,6,1,1,0,1,0,1,0,0,0,0,1,180000.0
9.0,13.0,9.0,5.0,5.0,1.0,10,6.0,6,0,1,0,1,0,1,0,0,0,0,1,115500.0
25.0,25.0,25.0,2.0,4.0,0.0,6,10.0,10,0,1,1,0,0,0,0,1,1,0,1,134258.0
4.0,7.0,4.0,3.0,9.0,1.0,6,5.0,7,1,1,1,1,1,0,0,0,1,0,1,28788.0
0.0,7.0,1.0,2.0,5.0,0.0,8,0.0,8,1,1,1,1,1,1,1,0,0,0,1,24684.0
6.0,9.0,6.0,6.0,4.0,2.0,4,0.0,5,0,1,0,1,0,0,0,1,0,0,1,17227.0
9.0,11.0,9.0,4.0,6.0,0.0,10,1.0,4,1,0,0,1,0,0,0,0,1,0,1,175000.0
3.0,7.0,3.0,2.0,5.0,1.0,3,9.0,12,1,1,0,1,0,0,1,0,1,1,0,18044.0
10.0,13.0,10.0,6.0,4.0,0.0,10,10.0,2,1,0,0,1,0,0,0,0,0,0,1,225000.0
13.0,15.0,13.0,5.0,5.0,0.0,10,10.0,6,1,0,0,1,1,0,0,0,1,0,1,163000.0
3.0,6.0,4.0,5.0,3.0,0.0,3,0.0,4,0,1,1,0,0,0,0,0,1,0,0,72000.0
16.0,17.0,21.0,3.0,9.0,0.0,10,10.0,8,1,1,0,1,0,0,0,1,0,0,1,93000.0
3.0,7.0,3.0,6.0,7.0,1.0,6,3.0,4,1,0,0,0,0,1,0,0,1,0,1,74193.0
0.0,4.0,0.0,3.0,5.0,1.0,6,0.0,6,1,1,1,0,0,0,0,0,0,0,1,42943.0
4.0,12.0,13.0,6.0,9.0,0.0,7,10.0,9,1,1,1,1,1,0,0,0,0,0,1,75571.0
2.0,5.0,10.0,3.0,2.0,1.0,6,0.0,5,1,1,1,0,0,0,0,0,0,0,1,46953.0
11.0,16.0,11.0,6.0,4.0,0.0,8,8.0,2,0,0,0,1,0,1,0,0,0,0,1,63600.0
3.0,5.0,3.0,5.0,5.0,0.0,10,4.0,3,1,0,0,1,0,0,0,0,0,0,1,120000.0
20.0,30.0,20.0,5.0,7.0,1.0,3,5.0,6,1,0,0,1,0,0,0,0,1,1,1,107406.0
5.0,8.0,10.0,5.0,9.0,1.0,10,0.0,15,1,1,1,1,1,1,1,0,0,0,1,135000.0
2.0,7.0,3.0,7.0,9.0,1.0,10,3.0,6,1,1,0,1,0,0,0,0,0,0,1,117000.0
10.0,15.0,10.0,5.0,4.0,0.0,5,0.0,6,1,1,1,0,0,1,0,0,1,0,1,128887.0
7.0,11.0,7.0,6.0,5.0,1.0,3,8.0,8,1,0,0,0,0,0,1,0,0,1,1,73036.0
6.0,9.0,6.0,3.0,4.0,0.0,6,2.0,2,0,1,0,0,0,0,0,0,0,0,1,75000.0
30.0,30.0,30.0,6.0,4.0,0.0,10,0.0,5,0,1,0,1,0,1,0,0,0,0,1,217100.0
8.0,15.0,10.0,5.0,7.0,1.0,6,1.0,9,1,1,1,1,1,0,0,0,0,0,1,108884.0
1.0,2.0,2.0,5.0,2.0,0.0,8,0.0,5,0,1,1,1,0,0,0,1,0,0,1,11848.0
2.0,4.0,2.0,6.0,4.0,1.0,2,4.0,6,1,0,0,1,0,0,0,0,0,0,1,39740.0
3.0,5.0,10.0,5.0,2.0,0.0,0,0.0,4,0,1,0,1,0,0,0,0,0,0,1,36000.0
8.0,10.0,10.0,3.0,7.0,0.0,8,0.0,3,0,1,1,0,0,0,0,0,0,0,1,37000.0
20.0,23.0,20.0,6.0,5.0,0.0,1,1.0,4,0,0,0,1,0,0,0,0,1,0,1,149020.0
4.0,8.0,4.0,3.0,3.0,1.0,6,1.0,6,0,1,1,1,0,1,0,0,0,0,1,61651.0
9.0,14.0,9.0,5.0,3.0,0.0,6,1.0,3,1,0,0,0,0,1,0,0,0,0,1,76872.0
10.0,25.0,10.0,3.0,4.0,1.0,5,8.0,2,1,0,0,0,0,0,1,0,0,0,1,69814.0
11.0,13.0,11.0,5.0,4.0,0.0,0,0.0,5,0,1,1,1,0,1,0,0,0,0,1,10630.0
19.0,34.0,19.0,5.0,7.0,1.0,6,0.0,4,1,1,1,0,0,0,0,0,0,0,1,107406.0
4.0,10.0,10.0,6.0,5.0,1.0,10,1.0,5,1,0,1,1,1,0,0,0,0,0,1,215000.0
6.0,11.0,12.0,6.0,4.0,0.0,6,0.0,4,0,1,1,1,1,0,0,0,0,0,1,38839.0
5.0,10.0,5.0,5.0,7.0,1.0,6,7.0,3,0,0,0,0,0,0,0,0,0,0,1,39000.0
12.0,25.0,20.0,5.0,4.0,1.0,10,9.0,4,0,1,1,0,0,0,1,0,0,0,1,70000.0
3.0,10.0,3.0,3.0,5.0,1.0,6,0.0,6,0,1,1,0,0,1,0,0,0,0,1,43183.0
20.0,27.0,25.0,7.0,9.0,0.0,6,8.0,2,0,0,0,1,0,1,0,0,0,0,1,134454.0
15.0,17.0,16.0,3.0,4.0,0.0,2,10.0,5,0,0,1,1,0,0,0,1,0,0,1,70888.0
1.0,6.0,1.0,6.0,7.0,1.0,6,1.0,6,0,0,0,1,1,0,0,0,1,0,1,72577.0
8.0,10.0,10.0,5.0,4.0,1.0,10,8.0,6,1,1,0,1,0,1,0,1,0,0,1,94400.0
4.0,7.0,4.0,6.0,4.0,1.0,6,0.0,9,0,1,1,1,1,0,0,0,1,0,1,35041.0
41.0,45.0,41.0,5.0,9.0,1.0,9,10.0,4,0,0,0,0,0,0,0,0,0,0,1,152865.0
10.0,15.0,10.0,6.0,4.0,2.0,6,10.0,7,1,1,0,1,0,0,0,1,0,0,1,40149.0
20.0,22.0,25.0,5.0,9.0,0.0,10,4.0,2,1,0,0,0,1,0,0,0,0,0,1,182000.0
7.0,10.0,10.0,5.0,4.0,1.0,10,10.0,8,1,1,1,1,0,0,1,0,0,0,1,97000.0
5.0,7.0,10.0,4.0,4.0,1.0,8,0.0,3,0,1,1,0,0,0,1,0,0,0,1,55000.0
4.0,10.0,10.0,5.0,3.0,2.0,1,0.0,3,0,1,0,0,0,0,0,1,0,0,1,39981.0
18.0,30.0,10.0,7.0,4.0,0.0,8,7.0,3,0,0,0,0,1,0,1,0,0,0,1,37026.0
17.0,22.0,17.0,3.0,5.0,2.0,7,0.0,7,0,1,0,1,0,0,0,1,0,0,1,85350.0
9.0,13.0,9.0,5.0,4.0,0.0,10,1.0,1,0,0,0,0,0,0,0,0,0,1,1,159000.0
7.0,14.0,7.0,3.0,1.0,0.0,9,8.0,9,0,1,0,1,0,1,1,0,0,0,1,50955.0
17.0,20.0,18.0,2.0,2.0,0.0,9,0.0,10,0,1,1,1,0,0,0,1,0,0,0,84000.0
6.0,7.0,10.0,6.0,7.0,0.0,6,10.0,3,1,0,1,1,0,0,0,0,0,0,1,28011.0
23.0,21.0,23.0,6.0,2.0,1.0,6,10.0,7,0,1,1,1,1,0,0,0,1,0,0,77332.0
8.0,14.0,8.0,5.0,4.0,2.0,3,0.0,13,0,1,1,1,1,1,1,1,1,0,1,64444.0
5.0,9.0,10.0,5.0,2.0,0.0,6,0.0,4,1,1,0,0,0,0,0,1,0,0,0,35918.0
11.0,15.0,15.0,5.0,9.0,0.0,10,0.0,4,0,1,1,0,0,1,0,0,0,0,1,130000.0
9.0,20.0,9.0,5.0,4.0,2.0,5,0.0,9,1,1,1,1,0,0,0,0,1,0,1,45111.0
5.0,8.0,5.0,5.0,4.0,0.0,6,1.0,3,0,0,0,0,0,0,0,0,0,1,1,91295.0
6.0,7.0,6.0,5.0,4.0,1.0,6,2.0,4,0,1,1,0,1,0,0,0,0,0,1,44397.0
7.0,10.0,3.0,5.0,3.0,1.0,1,9.0,17,1,1,1,1,1,1,1,1,0,1,1,50885.0
3.0,8.0,3.0,5.0,2.0,2.0,6,0.0,9,1,1,1,1,0,1,0,1,0,0,1,11091.0
8.0,9.0,10.0,5.0,4.0,0.0,0,0.0,5,0,1,1,1,1,0,1,0,0,0,0,223785.0
18.0,19.0,10.0,6.0,9.0,1.0,5,9.0,3,1,0,0,0,0,1,0,0,0,0,1,107406.0
17.0,27.0,10.0,6.0,1.0,0.0,2,1.0,1,1,0,0,0,0,0,0,0,0,0,0,53703.0
4.0,6.0,5.0,6.0,4.0,2.0,4,2.0,3,1,1,0,0,0,0,0,0,0,0,1,14356.0
11.0,13.0,11.0,6.0,4.0,0.0,4,0.0,3,0,1,1,0,0,0,0,0,0,0,1,38283.0
10.0,16.0,10.0,5.0,3.0,1.0,10,10.0,2,0,0,0,0,0,0,0,0,0,0,1,130000.0
19.0,30.0,19.0,5.0,7.0,0.0,6,0.0,6,0,1,0,1,0,0,0,0,0,0,1,99099.0
9.0,13.0,10.0,7.0,5.0,1.0,6,10.0,5,1,0,0,1,0,0,0,0,1,0,1,54369.0
10.0,15.0,19.0,5.0,4.0,1.0,7,10.0,7,1,1,0,1,1,0,0,0,0,0,1,48333.0
40.0,44.0,40.0,3.0,7.0,1.0,9,8.0,5,1,1,0,1,1,0,0,0,0,0,1,76433.0
30.0,30.0,10.0,5.0,5.0,0.0,1,4.0,5,1,0,0,1,1,0,0,0,0,0,0,312580.0
10.0,14.0,10.0,5.0,7.0,1.0,3,10.0,2,0,0,0,0,0,0,1,0,0,0,1,86999.0
3.0,8.0,3.0,4.0,5.0,1.0,10,5.0,17,1,1,1,1,1,1,1,0,1,1,0,80000.0
6.0,10.0,10.0,5.0,8.0,0.0,6,0.0,6,0,1,1,0,1,1,0,0,0,0,1,95796.0
2.0,10.0,2.0,5.0,6.0,2.0,6,8.0,4,1,0,0,0,0,0,1,0,0,0,1,37253.0
4.0,7.0,5.0,5.0,3.0,1.0,7,0.0,6,0,1,0,1,1,1,0,0,0,0,1,19333.0
4.0,8.0,4.0,3.0,2.0,2.0,10,0.0,6,0,1,0,1,1,1,0,0,0,0,1,67500.0
2.0,4.0,10.0,3.0,3.0,0.0,9,2.0,6,1,1,1,1,0,0,0,1,0,0,1,31847.0
3.0,6.0,2.0,3.0,7.0,1.0,6,0.0,9,1,1,0,1,1,0,0,1,0,0,1,23889.0
2.0,5.0,10.0,5.0,4.0,2.0,6,1.0,8,1,0,0,1,1,1,1,0,0,0,1,29328.0
8.0,12.0,8.0,5.0,5.0,1.0,9,7.0,1,0,0,0,0,0,0,0,0,0,0,1,78980.0
11.0,13.0,13.0,4.0,2.0,0.0,2,0.0,6,0,1,1,1,0,0,0,1,0,0,1,42962.0
0.0,5.0,10.0,6.0,4.0,1.0,7,0.0,7,0,1,1,1,1,0,0,0,0,0,1,16755.0
16.0,20.0,16.0,5.0,8.0,0.0,10,1.0,10,1,1,1,1,0,0,0,1,1,0,1,195000.0
20.0,28.0,20.0,5.0,3.0,0.0,9,0.0,8,0,1,1,1,0,1,0,0,0,0,1,140127.0
25.0,39.0,26.0,5.0,5.0,0.0,10,3.0,3,1,0,0,1,0,0,0,0,0,0,1,225000.0
35.0,40.0,35.0,7.0,2.0,1.0,3,8.0,13,0,1,1,1,0,1,0,1,0,0,0,96666.0
18.0,26.0,18.0,6.0,5.0,0.0,6,1.0,4,1,0,0,1,1,0,0,0,0,0,1,62503.0
20.0,30.0,20.0,6.0,5.0,0.0,7,0.0,2,0,1,0,0,0,1,0,0,0,0,1,53703.0
6.0,8.0,6.0,6.0,9.0,0.0,8,1.0,4,0,0,1,1,1,0,0,0,1,0,1,60000.0
0.0,4.0,1.0,5.0,5.0,2.0,10,0.0,12,1,1,1,1,1,0,1,0,0,1,1,63000.0
7.0,9.0,10.0,4.0,2.0,2.0,10,0.0,4,0,1,0,1,0,0,0,1,0,0,1,60000.0
34.0,48.0,10.0,4.0,6.0,2.0,10,8.0,7,0,1,0,1,1,1,0,0,0,0,1,62000.0
20.0,25.0,25.0,6.0,4.0,0.0,8,0.0,5,0,1,1,1,0,1,0,0,0,0,1,15876.0
25.0,30.0,10.0,2.0,1.0,1.0,3,1.0,6,1,1,0,1,0,0,0,1,1,0,0,107406.0
2.0,5.0,5.0,4.0,7.0,2.0,10,2.0,4,1,1,1,0,0,0,0,0,0,0,1,75000.0
15.0,20.0,20.0,7.0,5.0,0.0,10,4.0,3,1,0,0,1,0,0,0,0,0,0,1,180000.0
0.0,25.0,25.0,6.0,4.0,1.0,6,10.0,12,1,1,0,1,1,0,0,1,0,0,0,167125.0
8.0,13.0,10.0,5.0,4.0,0.0,3,0.0,5,1,1,0,0,1,0,0,0,0,0,1,81092.0
28.0,40.0,10.0,3.0,2.0,0.0,6,10.0,2,0,1,0,0,1,0,0,0,0,0,0,268515.0
12.0,16.0,12.0,5.0,9.0,1.0,4,0.0,8,1,1,1,1,0,1,0,0,0,0,1,29909.0
4.0,6.0,4.0,5.0,4.0,0.0,6,1.0,4,1,0,0,1,1,0,0,0,0,0,1,60000.0
7.0,16.0,10.0,5.0,4.0,1.0,6,0.0,5,0,1,1,0,0,1,0,0,0,0,1,35444.0
25.0,20.0,18.0,6.0,2.0,2.0,3,0.0,7,1,1,1,0,0,0,0,0,1,0,1,51555.0
6.0,7.0,7.0,5.0,3.0,1.0,6,3.0,6,1,1,1,0,0,0,0,0,0,0,1,36000.0
4.0,10.0,4.0,3.0,7.0,0.0,8,10.0,2,0,0,0,0,0,0,0,0,1,0,1,32400.0
25.0,30.0,25.0,3.0,9.0,1.0,6,1.0,6,0,1,0,1,0,1,0,0,0,0,0,62000.0
16.0,20.0,16.0,5.0,7.0,1.0,6,0.0,3,0,1,0,0,0,1,0,0,0,0,1,35551.0
3.0,9.0,3.0,2.0,4.0,2.0,6,9.0,1,0,0,0,0,0,0,1,0,0,0,1,30503.0
16.0,20.0,16.0,6.0,4.0,0.0,8,7.0,1,0,0,0,0,0,0,0,0,0,0,1,74000.0
10.0,20.0,23.0,3.0,9.0,0.0,10,10.0,3,1,0,0,1,0,0,0,0,0,0,1,180000.0
20.0,25.0,25.0,6.0,9.0,1.0,6,10.0,7,1,1,0,1,1,0,0,1,1,0,1,184971.0
8.0,8.0,10.0,2.0,3.0,0.0,10,0.0,4,0,1,0,0,0,0,0,1,0,0,1,170000.0
18.0,27.0,18.0,5.0,6.0,0.0,6,10.0,3,0,1,0,1,0,1,0,0,0,0,1,200000.0
25.0,30.0,25.0,2.0,9.0,1.0,6,0.0,6,0,1,1,1,1,1,0,0,0,0,1,53703.0
6.0,7.0,8.0,7.0,7.0,1.0,6,4.0,2,1,0,0,0,0,0,0,0,0,0,1,48114.0
8.0,10.0,10.0,5.0,4.0,1.0,3,0.0,6,1,1,1,1,0,0,0,1,1,0,1,64444.0
7.0,8.0,7.0,5.0,7.0,0.0,10,1.0,9,1,1,0,1,1,0,1,0,0,0,1,200000.0
31.0,42.0,31.0,5.0,4.0,0.0,9,0.0,5,0,1,0,1,1,0,0,0,0,0,1,118853.0
6.0,10.0,10.0,6.0,7.0,2.0,7,3.0,2,1,0,0,0,0,0,1,0,0,0,1,38666.0
15.0,20.0,10.0,5.0,5.0,0.0,9,0.0,3,0,1,0,0,0,0,0,1,0,0,1,63694.0
2.0,8.0,2.0,5.0,4.0,1.0,6,10.0,8,1,1,0,1,1,0,1,0,0,0,1,30208.0
14.0,20.0,29.0,5.0,5.0,1.0,1,8.0,6,1,1,1,1,0,1,0,0,0,0,1,61062.0
10.0,14.0,10.0,5.0,9.0,1.0,10,9.0,6,1,0,0,1,0,0,1,0,0,1,1,160000.0
25.0,30.0,10.0,5.0,5.0,0.0,1,0.0,1,0,0,0,0,0,0,0,1,0,0,1,48704.0
4.0,5.0,5.0,5.0,6.0,1.0,1,0.0,7,0,1,1,1,0,1,0,0,1,0,1,90866.0
4.0,7.0,4.0,5.0,3.0,1.0,7,8.0,5,1,0,0,0,0,0,1,0,0,0,1,29000.0
8.0,8.0,22.0,2.0,6.0,2.0,10,10.0,8,1,1,0,1,0,0,0,0,0,1,1,50000.0
11.0,11.0,10.0,3.0,1.0,0.0,9,0.0,3,0,1,1,0,0,1,0,0,0,0,0,82802.0
2.0,6.0,10.0,2.0,4.0,2.0,6,0.0,4,0,1,0,1,0,0,0,1,0,0,1,45649.0
0.0,3.0,1.0,2.0,2.0,1.0,6,0.0,6,0,1,1,1,0,0,0,0,1,0,0,40321.0
1.0,3.0,3.0,2.0,5.0,1.0,3,10.0,7,1,0,0,1,0,1,0,0,0,1,1,37592.0
6.0,7.0,10.0,6.0,2.0,0.0,7,0.0,4,0,0,0,1,1,0,0,0,0,0,1,42962.0
5.0,6.0,5.0,5.0,5.0,1.0,6,2.0,7,1,1,1,1,0,1,0,1,0,0,1,29444.0
10.0,14.0,10.0,5.0,5.0,1.0,6,7.0,4,0,1,0,0,0,0,0,1,0,0,1,25409.0
23.0,25.0,10.0,5.0,2.0,0.0,6,0.0,5,1,1,0,1,0,0,0,1,0,0,1,57999.0
5.0,9.0,10.0,2.0,2.0,0.0,6,2.0,3,0,1,1,0,0,0,0,0,0,0,1,39636.0
17.0,25.0,17.0,5.0,6.0,0.0,10,10.0,7,1,0,0,1,1,0,0,0,1,0,1,277000.0
5.0,5.0,9.0,5.0,5.0,0.0,9,4.0,4,1,0,0,1,0,0,0,0,0,0,1,84076.0
17.0,19.0,17.0,5.0,7.0,0.0,0,1.0,7,1,1,1,1,1,1,0,0,0,0,1,37297.0
20.0,25.0,20.0,6.0,4.0,0.0,7,10.0,4,0,1,0,1,0,1,0,0,0,0,0,180000.0
0.0,5.0,0.0,5.0,4.0,2.0,6,1.0,10,1,1,1,1,1,0,0,0,0,1,1,11852.0
2.0,9.0,2.0,3.0,3.0,2.0,6,7.0,12,1,1,0,1,1,1,1,1,0,1,1,12567.0
12.0,17.0,12.0,5.0,4.0,0.0,10,1.0,3,0,1,1,0,0,0,0,0,0,0,1,165000.0
6.0,20.0,6.0,6.0,5.0,0.0,6,10.0,6,0,1,1,0,0,0,0,0,0,1,1,63101.0
14.0,19.0,10.0,6.0,4.0,0.0,6,2.0,6,1,1,1,0,0,1,0,0,0,0,0,123732.0
27.0,37.0,27.0,6.0,6.0,0.0,10,10.0,8,1,1,1,0,1,0,0,0,1,0,1,227000.0
30.0,30.0,35.0,5.0,9.0,0.0,10,4.0,6,1,1,0,1,1,0,0,0,0,0,1,195000.0
4.0,6.0,5.0,5.0,4.0,0.0,8,0.0,1,0,0,0,0,0,1,0,0,0,0,1,37000.0
18.0,25.0,18.0,7.0,5.0,0.0,10,10.0,6,1,1,1,0,0,0,0,0,0,0,1,200000.0
12.0,16.0,12.0,6.0,7.0,1.0,10,9.0,5,1,0,0,0,0,0,1,0,0,0,1,151400.0
4.0,11.0,5.0,3.0,2.0,2.0,6,10.0,1,0,0,0,0,0,0,1,0,0,0,1,12889.0
8.0,11.0,8.0,3.0,5.0,0.0,10,0.0,9,1,1,1,1,0,0,0,0,1,0,1,56000.0
5.0,14.0,5.0,5.0,5.0,0.0,9,1.0,6,0,1,1,1,0,1,0,0,1,0,1,101910.0
13.0,15.0,13.0,5.0,7.0,2.0,4,6.0,6,0,0,0,1,1,0,0,0,0,0,1,47854.0
5.0,7.0,5.0,2.0,6.0,1.0,6,0.0,3,0,0,0,1,0,1,1,0,0,0,1,18350.0
4.0,8.0,4.0,5.0,2.0,1.0,2,1.0,5,0,1,0,1,0,0,0,1,1,0,1,25777.0
13.0,15.0,13.0,6.0,5.0,0.0,10,1.0,6,0,1,0,1,0,0,0,1,0,0,1,172550.0
7.0,16.0,7.0,6.0,4.0,1.0,3,0.0,5,0,1,1,0,0,1,0,0,0,0,1,78407.0
3.0,9.0,3.0,6.0,5.0,2.0,8,4.0,3,1,0,0,1,0,0,0,0,0,0,1,36779.0
5.0,9.0,5.0,6.0,6.0,1.0,6,0.0,9,0,1,1,1,1,1,0,0,0,1,1,83296.0
9.0,15.0,9.0,3.0,5.0,1.0,3,9.0,3,0,0,1,0,0,0,0,0,0,1,1,214812.0
6.0,9.0,10.0,4.0,2.0,2.0,6,10.0,1,0,0,0,0,0,1,0,0,0,0,0,43201.0
0.0,7.0,1.0,5.0,5.0,2.0,3,9.0,3,1,0,1,0,0,0,0,0,0,0,1,48333.0
2.0,5.0,2.0,6.0,7.0,1.0,6,10.0,4,1,0,0,0,1,0,0,0,0,1,1,85886.0
25.0,30.0,20.0,7.0,9.0,1.0,2,10.0,4,1,1,0,0,0,0,0,0,0,0,1,69814.0
3.0,6.0,10.0,6.0,4.0,1.0,8,1.0,7,1,1,1,0,1,0,0,0,1,0,1,36000.0
1.0,5.0,1.0,6.0,4.0,1.0,6,1.0,4,1,0,0,1,0,0,0,0,1,0,1,47692.0
11.0,17.0,10.0,5.0,6.0,1.0,6,0.0,4,0,1,1,1,1,0,0,0,0,0,1,41888.0
7.0,10.0,7.0,5.0,4.0,0.0,6,5.0,8,1,1,1,1,0,0,0,1,0,0,0,21564.0
8.0,10.0,13.0,5.0,5.0,0.0,10,2.0,6,0,1,1,1,0,0,0,0,0,0,1,170000.0
25.0,37.0,10.0,5.0,1.0,1.0,9,10.0,5,0,1,0,1,0,1,0,0,0,0,0,127388.0
10.0,15.0,10.0,5.0,9.0,1.0,10,8.0,5,0,1,1,1,0,1,0,0,0,0,1,120000.0
5.0,6.0,5.0,7.0,4.0,0.0,8,1.0,1,1,0,0,0,0,0,0,0,0,0,1,18883.0
22.0,23.0,10.0,5.0,8.0,0.0,10,1.0,3,0,1,0,1,1,0,0,0,0,0,1,220000.0
8.0,12.0,8.0,5.0,7.0,0.0,7,1.0,4,0,1,0,0,0,0,0,0,1,0,1,81629.0
27.0,27.0,10.0,3.0,1.0,0.0,6,4.0,8,1,0,0,1,0,0,0,0,0,0,0,189409.0
5.0,10.0,5.0,5.0,4.0,1.0,4,10.0,3,1,1,0,0,0,1,0,0,0,0,1,13160.0
24.0,27.0,24.0,3.0,5.0,1.0,1,10.0,11,1,1,0,1,0,0,0,0,1,1,1,90866.0
25.0,28.0,24.0,2.0,4.0,1.0,3,0.0,9,0,1,1,1,1,0,0,0,1,1,1,88073.0
9.0,11.0,9.0,7.0,9.0,2.0,10,10.0,4,0,1,0,0,0,0,0,0,0,0,1,80000.0
3.0,4.0,3.0,5.0,9.0,1.0,9,0.0,1,0,0,1,0,0,0,0,0,0,0,1,82802.0
29.0,41.0,29.0,6.0,7.0,0.0,10,0.0,8,1,1,1,0,1,0,1,0,1,0,1,350000.0
25.0,31.0,33.0,4.0,2.0,0.0,10,10.0,5,1,0,0,0,0,0,1,0,0,0,0,55000.0
6.0,7.0,10.0,5.0,5.0,1.0,3,8.0,1,0,0,0,0,0,1,0,0,0,0,1,85925.0
5.0,7.0,10.0,6.0,2.0,0.0,8,0.0,4,0,1,1,0,0,1,1,0,0,0,1,27231.0
13.0,18.0,10.0,5.0,1.0,0.0,6,0.0,7,0,1,0,1,0,0,0,0,0,0,0,105706.0
2.0,8.0,10.0,4.0,2.0,2.0,6,0.0,5,1,1,1,1,0,0,0,0,0,0,1,42351.0
1.0,2.0,10.0,5.0,3.0,2.0,4,0.0,6,0,1,1,0,0,0,1,0,0,0,1,16749.0
5.0,5.0,5.0,6.0,4.0,0.0,6,2.0,3,0,1,1,0,0,0,0,0,0,0,1,42962.0
5.0,6.0,19.0,5.0,5.0,2.0,10,0.0,11,1,1,1,1,0,1,0,0,0,0,1,108000.0
8.0,10.0,10.0,5.0,5.0,1.0,1,0.0,9,1,1,1,1,1,0,0,0,0,0,1,87231.0
6.0,5.0,6.0,5.0,6.0,1.0,6,0.0,4,0,0,0,0,0,1,1,0,0,0,1,24003.0
3.0,10.0,3.0,5.0,9.0,2.0,6,9.0,2,1,0,0,0,0,0,1,0,0,0,1,97915.0
10.0,10.0,10.0,3.0,4.0,0.0,10,3.0,2,1,0,0,0,0,0,0,0,0,0,1,110000.0
0.0,5.0,10.0,5.0,4.0,1.0,4,3.0,3,1,1,0,1,0,0,0,0,0,0,1,14356.0
1.0,2.0,4.0,6.0,5.0,2.0,9,0.0,4,0,1,1,1,1,0,0,0,0,0,1,38216.0
1.0,6.0,10.0,5.0,5.0,1.0,9,1.0,4,1,0,0,1,1,0,0,0,0,0,1,48407.0
15.0,23.0,15.0,6.0,7.0,1.0,6,1.0,5,1,0,1,0,1,0,0,0,0,0,1,107943.0
8.0,13.0,7.0,3.0,4.0,2.0,10,0.0,14,0,1,0,1,1,1,1,0,1,0,1,90000.0
2.0,4.0,10.0,2.0,1.0,0.0,6,7.0,4,1,1,0,0,0,0,0,0,0,0,0,99099.0
9.0,16.0,8.0,6.0,9.0,1.0,3,10.0,3,1,0,0,0,0,0,0,0,0,0,1,98814.0
23.0,23.0,10.0,3.0,2.0,0.0,1,0.0,5,0,1,0,1,0,0,0,1,0,0,1,72693.0
16.0,26.0,16.0,2.0,3.0,1.0,9,2.0,4,0,1,1,1,0,0,0,0,0,0,1,82802.0
2.0,6.0,10.0,5.0,4.0,1.0,3,0.0,3,0,0,1,0,1,0,0,0,0,0,1,85925.0
12.0,42.0,20.0,7.0,9.0,0.0,6,10.0,4,1,0,0,0,0,0,1,0,0,0,1,103015.0
20.0,30.0,20.0,5.0,5.0,0.0,10,0.0,5,0,1,1,1,0,1,0,0,0,0,1,125000.0
11.0,15.0,25.0,5.0,4.0,2.0,6,0.0,8,1,1,0,1,0,1,0,1,0,0,0,21189.0
3.0,7.0,10.0,5.0,4.0,1.0,6,1.0,10,1,1,1,1,1,0,1,0,0,1,1,21523.0
45.0,45.0,45.0,3.0,9.0,0.0,9,0.0,6,0,1,0,1,0,1,0,0,0,0,1,127388.0
4.0,7.0,7.0,3.0,5.0,2.0,3,0.0,5,0,1,1,0,0,0,0,1,0,1,1,53703.0
7.0,12.0,9.0,5.0,8.0,0.0,10,2.0,2,0,1,1,0,0,0,0,0,0,0,1,291182.0
11.0,16.0,11.0,5.0,9.0,0.0,10,2.0,4,0,1,1,0,0,0,0,0,0,0,1,149000.0
10.0,15.0,9.0,6.0,7.0,0.0,3,1.0,5,0,1,1,0,1,0,0,0,0,0,1,64444.0
8.0,11.0,8.0,6.0,5.0,1.0,2,2.0,2,0,1,0,0,0,0,0,0,0,0,1,71962.0
11.0,14.0,11.0,5.0,5.0,1.0,0,10.0,8,1,1,1,1,1,0,1,0,0,0,1,22378.0
5.0,6.0,7.0,6.0,9.0,1.0,7,3.0,6,1,1,0,1,0,0,0,1,0,0,1,65518.0
27.0,41.0,10.0,5.0,9.0,0.0,10,0.0,4,0,1,1,1,1,0,0,0,0,0,1,135000.0
25.0,35.0,25.0,6.0,6.0,0.0,2,8.0,2,1,0,0,0,0,0,1,0,0,0,1,91295.0
2.0,5.0,2.0,3.0,4.0,1.0,3,8.0,9,1,1,1,1,1,0,0,0,0,0,0,16111.0
12.0,14.0,12.0,6.0,4.0,1.0,10,0.0,5,0,1,1,0,0,1,0,0,0,0,1,101000.0
20.0,38.0,20.0,5.0,9.0,1.0,6,1.0,5,1,0,0,1,1,0,0,0,0,0,1,82576.0
16.0,24.0,10.0,5.0,5.0,1.0,8,1.0,5,0,0,1,1,0,1,0,0,0,0,1,48000.0
1.0,2.0,10.0,2.0,3.0,1.0,6,0.0,8,1,1,0,1,0,1,0,1,0,1,0,13963.0
3.0,6.0,10.0,2.0,4.0,2.0,9,8.0,4,0,1,0,1,0,1,0,0,0,0,1,45860.0
5.0,12.0,5.0,5.0,8.0,1.0,3,10.0,6,1,1,0,0,0,0,0,1,0,0,1,50266.0
2.0,6.0,10.0,4.0,4.0,1.0,1,0.0,4,0,1,1,0,0,0,0,0,0,0,1,33439.0
8.0,14.0,8.0,5.0,9.0,1.0,6,0.0,8,1,1,1,1,0,1,0,0,0,0,1,84232.0
10.0,15.0,19.0,5.0,5.0,1.0,1,10.0,3,0,0,0,0,0,0,1,0,0,0,1,127213.0
14.0,45.0,10.0,2.0,4.0,0.0,2,10.0,3,1,0,0,1,0,0,0,0,0,0,0,32222.0
6.0,26.0,6.0,6.0,5.0,1.0,3,1.0,9,1,1,1,0,0,0,1,0,0,1,1,85925.0
9.0,10.0,15.0,6.0,1.0,0.0,10,4.0,8,1,1,0,1,0,0,0,0,1,1,1,180000.0
11.0,17.0,10.0,3.0,2.0,0.0,3,7.0,6,0,1,0,1,0,0,1,1,0,0,1,46399.0
6.0,6.0,10.0,6.0,4.0,0.0,10,2.0,1,0,1,0,0,0,0,0,0,0,0,1,100000.0
10.0,17.0,10.0,6.0,1.0,0.0,3,0.0,6,1,0,1,1,0,0,0,1,0,0,0,21481.0
8.0,11.0,8.0,6.0,7.0,1.0,4,0.0,10,1,1,1,1,1,1,1,1,0,0,1,31105.0
11.0,21.0,11.0,7.0,5.0,1.0,3,1.0,4,0,0,0,1,1,0,0,0,1,0,1,85925.0
10.0,15.0,10.0,5.0,2.0,1.0,9,0.0,8,1,1,1,1,0,0,0,0,0,0,1,53503.0
13.0,15.0,13.0,5.0,7.0,1.0,5,10.0,2,1,0,0,0,0,0,0,0,0,0,1,107406.0
11.0,15.0,11.0,6.0,9.0,1.0,10,1.0,2,0,0,0,0,0,1,1,0,0,0,1,300000.0
5.0,9.0,10.0,5.0,5.0,2.0,3,10.0,5,0,1,0,1,1,1,0,0,0,0,0,16111.0
11.0,20.0,12.0,5.0,5.0,0.0,10,8.0,2,0,0,0,0,0,1,1,0,0,0,1,160000.0
6.0,12.0,6.0,5.0,4.0,2.0,10,1.0,5,1,0,0,1,0,0,1,0,1,0,1,220000.0
13.0,14.0,13.0,5.0,5.0,0.0,1,7.0,1,0,0,0,0,0,0,0,0,0,0,1,69058.0
15.0,25.0,15.0,6.0,7.0,0.0,3,9.0,5,1,0,1,0,1,0,0,0,0,0,1,93443.0
5.0,7.0,8.0,3.0,2.0,0.0,10,0.0,5,0,1,1,0,0,0,0,0,0,0,1,120000.0
4.0,15.0,4.0,5.0,5.0,1.0,10,8.0,13,1,1,1,1,1,1,1,1,0,0,1,100000.0
7.0,11.0,7.0,5.0,9.0,1.0,10,0.0,9,0,1,1,1,1,0,1,0,0,1,1,155000.0
3.0,3.0,10.0,5.0,7.0,0.0,8,2.0,6,0,1,1,1,0,0,0,0,0,0,1,29644.0
4.0,4.0,10.0,3.0,3.0,2.0,6,0.0,5,1,0,1,0,0,1,0,1,0,1,1,77992.0
6.0,11.0,6.0,5.0,5.0,0.0,10,0.0,7,1,1,1,0,0,0,0,0,1,0,1,120000.0
10.0,25.0,20.0,5.0,4.0,1.0,6,0.0,3,0,0,0,1,0,1,0,0,0,0,1,64762.0
8.0,8.0,10.0,6.0,1.0,0.0,9,0.0,4,0,1,0,0,0,0,0,1,0,1,0,50955.0
5.0,10.0,5.0,5.0,9.0,1.0,10,0.0,8,1,1,1,1,1,0,0,0,1,1,1,151000.0
23.0,26.0,10.0,5.0,5.0,0.0,7,1.0,5,0,1,0,1,1,0,0,0,0,0,1,69814.0
12.0,15.0,28.0,5.0,5.0,0.0,6,0.0,6,0,1,0,1,1,1,0,0,0,0,1,37096.0
35.0,35.0,10.0,4.0,2.0,2.0,6,1.0,4,0,0,0,0,0,0,0,0,0,0,1,57143.0
3.0,5.0,10.0,6.0,3.0,0.0,6,4.0,3,1,0,0,0,0,0,0,0,0,1,0,53703.0
20.0,24.0,22.0,5.0,4.0,1.0,2,5.0,5,1,0,0,1,0,0,0,0,1,0,1,96666.0
10.0,25.0,10.0,6.0,4.0,0.0,3,8.0,5,1,0,0,0,0,1,1,0,0,0,1,112777.0
25.0,29.0,10.0,3.0,4.0,1.0,6,1.0,1,0,0,0,0,0,0,0,0,1,0,1,124418.0
20.0,25.0,20.0,6.0,5.0,1.0,6,0.0,2,0,0,0,1,0,1,0,0,0,0,1,71538.0
4.0,8.0,5.0,5.0,6.0,0.0,4,0.0,7,0,1,1,0,1,0,1,0,0,1,1,23927.0
35.0,40.0,10.0,5.0,4.0,1.0,10,4.0,3,0,1,0,1,0,0,0,0,0,0,1,170000.0
8.0,10.0,8.0,5.0,7.0,0.0,10,10.0,8,1,1,0,1,1,1,0,0,0,0,1,220000.0
2.0,2.0,15.0,3.0,5.0,0.0,9,0.0,3,0,1,0,0,0,0,0,0,0,0,1,57325.0
3.0,7.0,6.0,6.0,5.0,1.0,8,1.0,8,1,1,1,1,1,0,0,0,0,0,1,44431.0
25.0,25.0,10.0,7.0,4.0,0.0,6,0.0,5,0,1,1,1,0,1,0,0,0,0,1,85886.0
11.0,15.0,11.0,5.0,5.0,0.0,6,0.0,5,0,1,1,1,0,0,0,1,0,0,0,48333.0
10.0,13.0,10.0,3.0,5.0,0.0,7,0.0,7,1,1,0,1,0,1,0,0,0,1,1,89362.0
21.0,30.0,10.0,3.0,4.0,1.0,3,0.0,8,0,1,1,1,0,0,0,1,0,0,1,42962.0
0.0,3.0,1.0,3.0,9.0,1.0,9,10.0,6,1,1,0,0,0,0,0,0,0,0,1,30573.0
16.0,20.0,10.0,2.0,6.0,1.0,10,1.0,7,1,1,0,1,1,0,0,1,0,0,1,207000.0
9.0,10.0,10.0,3.0,6.0,2.0,6,8.0,3,0,0,0,0,0,0,1,0,0,0,1,48333.0
43.0,48.0,10.0,3.0,9.0,0.0,9,4.0,2,1,0,0,1,0,0,0,0,0,0,0,280253.0
7.0,11.0,10.0,6.0,2.0,1.0,2,1.0,5,1,0,0,0,0,0,0,0,1,1,0,64444.0
22.0,25.0,10.0,5.0,2.0,0.0,6,0.0,17,1,1,1,1,1,0,0,1,1,0,1,97143.0
13.0,15.0,13.0,5.0,8.0,0.0,4,10.0,9,1,1,1,1,0,0,0,1,0,0,0,108906.0
6.0,10.0,10.0,5.0,2.0,1.0,6,10.0,12,1,1,1,1,0,1,1,0,1,1,1,52853.0
10.0,17.0,10.0,5.0,4.0,1.0,6,0.0,7,1,1,1,1,0,1,0,0,0,0,1,68677.0
0.0,4.0,10.0,2.0,5.0,2.0,2,10.0,13,1,1,0,1,1,0,1,1,0,1,0,10741.0
12.0,23.0,12.0,5.0,9.0,1.0,10,3.0,6,1,1,1,0,0,0,0,0,0,0,1,165000.0
21.0,24.0,35.0,5.0,6.0,0.0,10,1.0,6,0,1,1,1,0,1,0,0,0,0,1,224400.0
3.0,4.0,10.0,6.0,9.0,0.0,8,0.0,7,0,1,1,1,0,1,1,0,0,0,1,24000.0
4.0,5.0,4.0,7.0,5.0,0.0,6,1.0,3,0,1,1,1,0,0,0,0,0,0,1,49972.0
3.0,6.0,4.0,5.0,7.0,0.0,6,7.0,2,0,0,0,0,0,0,0,0,0,0,1,49493.0
6.0,10.0,10.0,4.0,8.0,0.0,0,1.0,3,0,1,0,0,1,0,0,0,1,0,1,24243.0
13.0,17.0,10.0,5.0,9.0,0.0,10,1.0,4,0,1,1,0,0,0,0,0,0,0,1,270000.0
15.0,20.0,15.0,6.0,7.0,0.0,10,0.0,5,1,1,0,1,0,0,0,0,1,0,1,320000.0
18.0,29.0,19.0,5.0,3.0,0.0,10,0.0,7,1,1,1,1,0,1,0,0,1,0,1,202020.0
15.0,21.0,15.0,5.0,2.0,0.0,6,0.0,3,0,1,0,0,0,1,0,0,0,0,1,52812.0
3.0,5.0,10.0,5.0,2.0,1.0,6,7.0,3,1,0,0,0,0,0,0,0,0,0,1,21760.0
3.0,5.0,3.0,3.0,3.0,1.0,3,1.0,7,0,1,1,1,0,0,0,0,1,0,1,39955.0
12.0,15.0,10.0,6.0,5.0,2.0,4,6.0,3,0,1,1,0,1,0,0,0,0,0,1,71781.0
15.0,15.0,15.0,5.0,9.0,0.0,6,1.0,1,0,0,0,0,0,1,0,0,0,0,1,20000.0
3.0,7.0,4.0,5.0,8.0,0.0,0,0.0,7,1,1,0,1,1,0,0,0,0,0,1,25250.0
1.0,5.0,1.0,5.0,7.0,2.0,10,0.0,2,0,1,0,0,0,1,0,0,0,0,1,55000.0
5.0,6.0,10.0,6.0,6.0,1.0,2,10.0,3,0,1,0,0,1,0,0,1,0,0,1,61222.0
12.0,14.0,14.0,5.0,2.0,0.0,6,0.0,4,0,0,0,0,0,1,0,0,0,1,1,32222.0
10.0,15.0,10.0,6.0,3.0,0.0,6,0.0,9,0,1,1,0,1,1,0,0,1,1,1,46080.0
2.0,4.0,8.0,5.0,9.0,0.0,6,10.0,6,1,1,0,0,0,1,0,1,0,0,1,64444.0
3.0,5.0,3.0,3.0,2.0,0.0,8,0.0,11,1,1,1,1,0,0,1,0,0,0,0,10000.0
7.0,7.0,7.0,5.0,9.0,1.0,4,0.0,5,1,1,0,1,0,1,0,0,0,0,1,39479.0
7.0,7.0,10.0,6.0,4.0,0.0,6,0.0,6,1,1,0,0,0,0,0,0,1,0,1,125656.0
12.0,17.0,10.0,5.0,7.0,0.0,6,1.0,2,0,0,0,0,0,0,0,0,1,0,1,36614.0
15.0,15.0,17.0,3.0,5.0,1.0,6,6.0,8,1,1,1,1,0,0,0,0,0,1,1,95796.0
36.0,40.0,40.0,6.0,4.0,2.0,6,0.0,4,0,1,0,0,1,0,0,1,0,0,1,32222.0
3.0,7.0,10.0,5.0,5.0,2.0,6,1.0,5,0,0,0,1,1,0,1,0,0,0,1,24000.0
5.0,8.0,10.0,5.0,4.0,0.0,6,0.0,7,0,1,1,1,0,0,1,1,0,0,1,14790.0
9.0,13.0,10.0,5.0,7.0,1.0,6,1.0,4,1,0,0,1,0,1,0,0,0,0,1,79894.0
8.0,8.0,15.0,3.0,6.0,0.0,9,10.0,3,1,0,0,1,0,0,0,0,0,0,1,63694.0
12.0,11.0,21.0,6.0,5.0,0.0,8,1.0,8,1,1,0,1,0,0,0,1,1,0,1,61710.0
10.0,24.0,10.0,6.0,9.0,1.0,3,9.0,5,1,0,0,0,0,0,0,0,0,0,1,94517.0
5.0,7.0,5.0,5.0,4.0,0.0,6,0.0,5,0,1,1,1,0,0,0,1,0,0,1,37348.0
1.0,8.0,2.0,3.0,4.0,1.0,6,0.0,8,1,1,1,1,1,0,0,0,0,1,1,48333.0
21.0,26.0,20.0,6.0,1.0,1.0,6,10.0,2,0,1,0,0,0,1,0,0,0,0,1,16111.0
3.0,9.0,10.0,5.0,2.0,2.0,6,0.0,7,0,1,0,1,0,1,0,0,0,0,1,39947.0
17.0,19.0,17.0,6.0,5.0,0.0,1,0.0,5,1,1,1,0,0,1,0,0,0,0,1,130847.0
5.0,15.0,7.0,6.0,3.0,0.0,6,1.0,6,0,0,0,0,1,1,1,0,1,0,1,56422.0
18.0,21.0,17.0,6.0,5.0,2.0,6,1.0,3,0,0,1,0,0,0,0,0,1,0,1,91295.0
15.0,24.0,10.0,7.0,6.0,1.0,3,10.0,2,0,0,1,0,1,0,0,0,0,0,1,85925.0
3.0,6.0,3.0,5.0,4.0,1.0,9,0.0,5,0,1,1,1,0,1,0,0,0,0,1,53503.0
10.0,25.0,15.0,5.0,4.0,0.0,6,10.0,6,1,1,0,1,0,0,0,0,0,1,0,71874.0
12.0,14.0,10.0,5.0,5.0,1.0,10,7.0,3,0,1,0,0,0,1,0,0,0,0,1,140000.0
9.0,13.0,10.0,5.0,3.0,1.0,6,10.0,6,1,0,1,0,0,0,0,0,1,0,1,121429.0
8.0,16.0,8.0,5.0,7.0,1.0,4,0.0,3,1,1,0,0,1,0,0,0,0,0,1,25123.0
6.0,10.0,10.0,6.0,4.0,0.0,0,1.0,3,1,0,0,0,0,0,0,0,1,0,1,18649.0
6.0,6.0,6.0,5.0,5.0,0.0,9,1.0,3,0,0,0,1,0,1,0,0,0,1,1,61146.0
13.0,16.0,13.0,5.0,2.0,0.0,6,0.0,4,0,0,1,1,1,0,0,0,0,0,1,59073.0
7.0,20.0,10.0,7.0,5.0,1.0,1,10.0,6,1,1,0,0,0,0,0,0,0,0,1,87231.0
15.0,15.0,25.0,5.0,1.0,0.0,6,10.0,4,0,1,0,1,0,0,0,1,0,0,1,122913.0
28.0,30.0,29.0,6.0,5.0,1.0,2,1.0,2,1,0,0,0,1,0,0,0,0,0,1,96666.0
6.0,13.0,5.0,5.0,5.0,0.0,10,10.0,4,1,0,0,1,0,1,0,0,0,0,1,155000.0
28.0,28.0,10.0,3.0,9.0,0.0,10,10.0,2,0,1,0,0,0,0,0,0,0,0,1,201000.0
20.0,24.0,20.0,5.0,2.0,0.0,9,0.0,6,1,1,1,1,0,1,0,0,0,0,1,82802.0
11.0,20.0,11.0,5.0,9.0,1.0,7,9.0,5,1,1,0,1,0,0,0,1,0,0,1,39740.0
6.0,12.0,5.0,6.0,5.0,2.0,2,10.0,2,1,0,0,0,0,0,0,0,0,0,1,63370.0
9.0,10.0,6.0,7.0,6.0,1.0,0,10.0,5,1,0,0,0,0,0,0,0,0,0,1,20141.0
16.0,30.0,16.0,6.0,4.0,1.0,9,6.0,4,0,1,0,1,0,1,0,0,0,0,1,127388.0
5.0,5.0,5.0,5.0,4.0,2.0,6,1.0,5,1,0,1,1,1,0,0,0,0,0,1,75184.0
5.0,11.0,10.0,6.0,4.0,2.0,2,0.0,4,0,1,0,0,1,0,0,1,0,0,1,32222.0
0.0,3.0,25.0,6.0,9.0,0.0,10,10.0,4,1,0,0,0,1,0,0,0,0,0,1,140000.0
4.0,10.0,10.0,6.0,6.0,1.0,6,3.0,4,1,0,0,1,0,0,0,0,0,1,1,38994.0
6.0,10.0,10.0,5.0,3.0,2.0,6,0.0,9,1,1,1,1,0,0,0,1,0,0,1,13997.0
11.0,18.0,11.0,3.0,5.0,0.0,6,2.0,3,0,1,1,0,0,0,0,0,0,0,1,93980.0
4.0,5.0,4.0,6.0,4.0,0.0,8,2.0,3,0,1,1,0,0,0,0,0,0,0,1,34000.0
7.0,10.0,10.0,5.0,9.0,1.0,9,4.0,3,0,0,0,1,0,1,0,0,0,0,1,57325.0
10.0,14.0,12.0,5.0,4.0,2.0,6,10.0,6,0,0,1,1,1,1,0,0,0,1,1,130000.0
15.0,25.0,15.0,6.0,5.0,1.0,6,8.0,7,0,0,0,0,0,0,1,0,0,0,1,59073.0
8.0,13.0,10.0,6.0,2.0,0.0,8,1.0,7,0,1,0,1,0,1,1,1,0,0,1,42962.0
13.0,18.0,13.0,6.0,5.0,0.0,4,7.0,3,0,1,0,0,0,0,0,0,0,0,1,26320.0
21.0,21.0,21.0,5.0,7.0,0.0,0,0.0,5,0,1,1,1,1,0,0,0,0,0,1,36701.0
15.0,20.0,10.0,6.0,5.0,1.0,6,1.0,3,1,0,0,0,0,0,0,0,0,0,1,75184.0
5.0,8.0,10.0,2.0,4.0,1.0,3,1.0,2,0,0,0,0,0,1,0,0,0,0,1,85925.0
7.0,12.0,7.0,3.0,5.0,0.0,6,0.0,5,0,1,1,0,0,0,0,1,0,1,1,45000.0
8.0,16.0,12.0,6.0,5.0,0.0,2,0.0,6,1,1,1,1,0,0,0,0,0,0,1,70888.0
7.0,9.0,10.0,3.0,2.0,0.0,6,0.0,5,0,1,1,1,0,0,0,1,0,0,1,10093.0
13.0,19.0,13.0,6.0,5.0,2.0,10,1.0,4,1,0,0,0,0,1,0,0,0,0,1,500000.0
7.0,9.0,7.0,6.0,6.0,0.0,8,1.0,5,1,1,0,1,0,0,0,0,0,0,1,80000.0
3.0,10.0,3.0,6.0,9.0,0.0,6,3.0,4,1,1,0,1,1,0,0,0,0,0,0,64444.0
13.0,17.0,17.0,5.0,9.0,2.0,10,0.0,5,0,1,0,1,0,0,0,1,0,0,1,120000.0
25.0,33.0,10.0,6.0,4.0,1.0,6,1.0,3,0,0,0,1,1,0,0,0,0,0,0,84000.0
25.0,25.0,10.0,5.0,7.0,1.0,6,8.0,4,0,1,0,1,0,1,0,0,0,0,1,122222.0
8.0,15.0,8.0,5.0,7.0,2.0,4,0.0,4,0,1,1,1,0,1,0,0,0,0,1,22731.0
2.0,6.0,10.0,6.0,2.0,1.0,6,1.0,7,1,0,0,1,0,0,1,0,1,1,0,69814.0
5.0,10.0,7.0,7.0,6.0,1.0,3,8.0,6,1,0,0,0,0,1,1,0,0,0,1,91295.0
5.0,8.0,5.0,4.0,6.0,0.0,10,10.0,9,1,1,1,1,1,1,1,0,0,0,1,230000.0
4.0,7.0,4.0,6.0,3.0,0.0,8,0.0,5,0,1,1,0,0,0,0,0,1,0,1,63904.0
24.0,37.0,24.0,6.0,9.0,1.0,6,1.0,2,0,0,0,0,0,0,0,0,0,0,1,63862.0
7.0,25.0,18.0,5.0,7.0,2.0,6,10.0,5,1,0,0,0,0,0,1,0,0,1,1,15256.0
17.0,23.0,10.0,6.0,4.0,1.0,3,0.0,2,0,0,0,0,1,0,0,0,0,0,0,92799.0
8.0,9.0,7.0,6.0,6.0,1.0,2,0.0,4,0,1,0,1,0,0,0,1,0,0,1,48333.0
1.0,4.0,10.0,5.0,2.0,2.0,10,10.0,5,1,1,0,0,0,0,1,0,0,0,1,75000.0
2.0,10.0,10.0,6.0,9.0,2.0,10,10.0,10,0,1,0,1,1,1,1,0,0,1,1,80000.0
8.0,13.0,9.0,3.0,5.0,0.0,6,1.0,3,0,0,0,0,0,0,0,1,0,0,1,73000.0
5.0,9.0,5.0,6.0,5.0,1.0,8,1.0,3,0,1,0,0,0,1,0,0,0,0,1,48000.0
12.0,15.0,12.0,6.0,5.0,0.0,3,0.0,4,0,1,1,0,0,1,0,0,0,0,0,69814.0
8.0,8.0,10.0,6.0,6.0,1.0,2,2.0,3,0,1,1,0,0,0,0,0,0,0,0,42962.0
10.0,13.0,10.0,5.0,2.0,0.0,10,0.0,8,1,1,1,0,1,1,0,0,0,0,0,200000.0
4.0,10.0,5.0,5.0,6.0,0.0,1,1.0,7,1,1,1,0,1,0,0,0,0,0,1,203540.0
8.0,12.0,9.0,3.0,8.0,2.0,9,8.0,5,0,1,0,0,0,1,0,0,0,0,1,53503.0
28.0,34.0,28.0,7.0,3.0,0.0,6,0.0,13,1,1,1,1,1,1,1,0,0,0,1,140000.0
10.0,13.0,13.0,6.0,3.0,2.0,2,0.0,4,0,1,0,1,0,0,0,1,0,0,1,53703.0
3.0,10.0,10.0,5.0,6.0,0.0,6,5.0,8,0,0,0,0,1,1,1,0,1,1,1,18548.0
4.0,10.0,4.0,6.0,7.0,0.0,0,1.0,6,1,1,1,0,0,0,0,0,0,1,1,80000.0
27.0,22.0,27.0,6.0,4.0,1.0,2,1.0,3,0,0,0,0,0,0,1,0,0,0,1,53703.0
15.0,19.0,15.0,7.0,4.0,1.0,2,10.0,5,0,1,0,1,0,0,0,1,0,0,1,69814.0
24.0,24.0,24.0,6.0,3.0,0.0,1,10.0,6,0,1,0,0,0,1,0,0,0,0,1,82870.0
17.0,18.0,17.0,5.0,5.0,0.0,10,1.0,4,0,1,1,1,0,1,0,0,0,0,1,98000.0
6.0,8.0,10.0,3.0,5.0,0.0,8,2.0,3,0,1,0,0,0,0,0,1,0,0,1,22709.0
13.0,19.0,13.0,5.0,8.0,0.0,10,10.0,7,1,1,1,0,1,0,0,0,1,1,1,240000.0
25.0,26.0,10.0,5.0,5.0,0.0,9,10.0,3,0,1,0,0,0,0,0,0,0,0,1,203821.0
17.0,20.0,10.0,3.0,8.0,1.0,3,10.0,8,1,1,0,0,1,0,0,0,1,0,1,107406.0
4.0,6.0,4.0,4.0,2.0,2.0,7,0.0,8,0,1,1,1,0,1,0,1,0,0,0,17185.0
2.0,6.0,2.0,5.0,4.0,1.0,6,1.0,5,0,1,1,1,0,0,0,0,0,0,1,16111.0
18.0,25.0,18.0,3.0,7.0,1.0,6,4.0,3,1,0,0,1,0,0,0,0,0,0,1,59073.0
8.0,10.0,10.0,6.0,9.0,1.0,10,0.0,6,1,1,0,0,0,0,0,1,0,0,1,114000.0
21.0,30.0,21.0,5.0,4.0,0.0,10,9.0,8,1,1,1,0,0,1,1,0,0,0,1,160000.0
5.0,9.0,5.0,5.0,4.0,0.0,6,2.0,7,1,1,1,0,0,0,1,0,0,0,0,57144.0
5.0,8.0,10.0,2.0,3.0,2.0,6,7.0,8,0,1,1,1,0,0,0,0,1,0,1,21564.0
47.0,51.0,10.0,6.0,2.0,0.0,1,10.0,8,1,1,0,1,0,1,0,0,1,0,0,45070.0
30.0,33.0,31.0,2.0,7.0,1.0,6,0.0,3,0,0,0,1,0,1,0,0,0,0,1,99099.0
19.0,21.0,10.0,5.0,7.0,1.0,10,1.0,4,0,0,0,0,1,1,0,0,0,0,1,175000.0
8.0,6.0,10.0,7.0,4.0,2.0,9,10.0,4,1,0,0,0,0,0,1,0,0,0,0,24204.0
12.0,14.0,12.0,5.0,4.0,0.0,10,2.0,4,0,1,1,0,0,0,0,0,0,0,1,135000.0
25.0,30.0,10.0,5.0,2.0,1.0,6,0.0,5,0,1,0,1,0,1,0,0,0,0,0,53808.0
5.0,10.0,25.0,6.0,4.0,0.0,6,0.0,5,0,1,1,0,0,1,0,0,0,0,1,132132.0
4.0,5.0,5.0,5.0,9.0,0.0,10,2.0,10,1,1,1,1,0,0,0,1,0,0,1,150000.0
1.0,2.0,1.0,5.0,1.0,2.0,6,0.0,5,1,1,0,1,1,0,0,0,0,0,1,15257.0
5.0,10.0,12.0,3.0,4.0,1.0,10,0.0,11,0,1,1,1,1,1,1,0,1,1,1,60000.0
8.0,14.0,8.0,3.0,7.0,1.0,3,0.0,7,1,1,1,1,0,1,0,0,0,0,1,70888.0
27.0,35.0,10.0,6.0,9.0,1.0,10,9.0,6,1,1,0,0,0,0,1,0,0,0,1,250000.0
10.0,16.0,7.0,7.0,7.0,0.0,3,10.0,5,0,0,0,0,0,0,1,0,0,1,0,118147.0
3.0,7.0,3.0,5.0,4.0,2.0,4,1.0,2,0,0,0,1,0,0,0,0,1,0,1,26320.0
6.0,12.0,8.0,6.0,5.0,1.0,2,10.0,4,1,0,0,0,0,1,1,0,0,0,0,15466.0
5.0,10.0,31.0,5.0,4.0,1.0,6,1.0,6,0,0,0,0,0,1,1,0,0,0,1,66769.0
12.0,20.0,15.0,5.0,5.0,1.0,6,10.0,5,1,1,0,1,0,0,0,1,1,0,1,15333.0
6.0,10.0,10.0,7.0,9.0,1.0,10,10.0,3,1,0,0,1,0,0,0,0,0,0,1,60000.0
2.0,14.0,2.0,5.0,7.0,1.0,6,10.0,3,0,0,0,0,0,0,1,0,0,0,1,53703.0
10.0,16.0,16.0,5.0,4.0,0.0,0,0.0,5,0,1,0,1,0,0,0,1,0,0,1,27973.0
32.0,40.0,32.0,6.0,5.0,0.0,10,0.0,12,1,1,0,1,1,1,1,1,0,0,1,149500.0
24.0,35.0,10.0,5.0,4.0,0.0,9,6.0,9,1,1,1,1,1,0,0,0,1,0,1,97770.0
0.0,3.0,1.0,4.0,3.0,2.0,6,8.0,3,0,0,0,1,0,1,0,0,0,0,1,38154.0
10.0,23.0,18.0,3.0,5.0,1.0,10,10.0,10,1,1,1,1,1,0,0,1,0,0,1,350000.0
7.0,7.0,7.0,6.0,3.0,2.0,5,10.0,7,1,1,1,1,0,0,0,0,0,0,0,59073.0
7.0,17.0,10.0,6.0,4.0,1.0,6,0.0,3,1,1,0,0,0,0,0,0,0,0,1,129524.0
4.0,8.0,10.0,5.0,6.0,0.0,1,1.0,1,0,0,0,0,0,0,0,0,1,0,1,103951.0
4.0,8.0,10.0,6.0,4.0,1.0,3,6.0,11,1,0,0,1,0,0,1,0,0,0,1,128887.0
7.0,10.0,10.0,5.0,3.0,1.0,6,6.0,3,1,1,1,0,0,0,0,0,0,0,1,48333.0
12.0,20.0,14.0,6.0,4.0,0.0,3,1.0,4,1,1,0,0,0,1,1,0,0,0,0,102036.0
39.0,43.0,39.0,5.0,2.0,0.0,10,8.0,4,0,0,0,0,0,0,1,0,0,0,1,110000.0
12.0,16.0,10.0,5.0,6.0,1.0,10,0.0,11,1,1,1,1,1,0,1,1,0,0,1,119000.0
10.0,14.0,10.0,5.0,3.0,0.0,10,0.0,4,0,1,1,0,0,0,0,0,0,0,1,172000.0
25.0,25.0,10.0,6.0,3.0,1.0,6,0.0,5,0,1,0,0,0,0,0,0,0,0,1,132132.0
14.0,14.0,14.0,6.0,5.0,0.0,4,1.0,1,0,0,0,0,0,0,0,0,0,0,1,47854.0
6.0,7.0,6.0,3.0,6.0,1.0,6,0.0,8,1,1,1,0,1,0,0,0,0,0,1,13616.0
5.0,11.0,8.0,6.0,4.0,1.0,2,5.0,5,1,0,1,0,0,0,0,0,0,0,1,59073.0
3.0,13.0,3.0,7.0,3.0,2.0,7,10.0,5,1,0,0,0,0,1,1,0,0,0,1,22555.0
3.0,3.0,10.0,6.0,9.0,0.0,10,8.0,9,0,1,1,1,1,1,0,1,0,0,1,75000.0
8.0,19.0,8.0,3.0,9.0,1.0,6,0.0,9,0,1,1,1,0,1,0,0,1,0,1,127813.0
13.0,15.0,15.0,3.0,3.0,1.0,6,0.0,6,1,1,1,1,0,0,0,1,0,0,0,32113.0
12.0,15.0,12.0,6.0,5.0,1.0,3,0.0,6,0,1,1,0,1,0,0,0,0,0,1,85925.0
7.0,10.0,10.0,3.0,8.0,0.0,10,1.0,8,1,1,1,1,1,0,1,0,1,0,1,140000.0
29.0,40.0,30.0,6.0,7.0,1.0,9,7.0,1,0,0,0,0,0,0,0,0,0,0,1,127388.0
2.0,3.0,10.0,3.0,4.0,1.0,6,0.0,3,1,0,0,1,0,1,0,0,0,0,1,74761.0
25.0,26.0,10.0,6.0,1.0,0.0,9,0.0,7,0,1,1,0,0,1,0,1,1,0,0,76433.0
15.0,17.0,15.0,6.0,4.0,1.0,6,8.0,3,0,0,0,0,1,0,1,0,0,0,1,39740.0
7.0,13.0,6.0,6.0,3.0,0.0,6,1.0,7,1,1,0,1,1,0,0,0,0,0,1,38666.0
5.0,15.0,10.0,7.0,5.0,1.0,10,3.0,7,1,1,0,0,1,0,1,1,0,0,0,40000.0
11.0,12.0,12.0,5.0,9.0,0.0,3,0.0,6,0,1,1,1,1,0,0,1,0,0,1,161109.0
6.0,12.0,6.0,5.0,5.0,0.0,6,1.0,2,0,0,0,1,0,1,0,0,0,0,1,49889.0
6.0,8.0,6.0,6.0,4.0,1.0,3,10.0,10,1,1,1,1,1,1,1,0,1,0,1,107406.0
11.0,14.0,10.0,6.0,2.0,2.0,10,1.0,1,1,0,0,0,0,0,0,0,0,0,1,90000.0
15.0,20.0,15.0,5.0,5.0,0.0,1,9.0,5,1,0,0,0,0,0,1,0,0,0,1,123578.0
3.0,9.0,10.0,6.0,5.0,2.0,6,10.0,3,1,0,0,0,0,0,0,0,0,0,1,44567.0
14.0,22.0,14.0,5.0,3.0,2.0,6,6.0,6,0,1,1,1,0,1,0,0,0,0,1,38642.0
6.0,8.0,6.0,5.0,5.0,2.0,4,1.0,4,0,1,0,0,0,0,0,1,0,0,1,20338.0
12.0,18.0,10.0,6.0,5.0,1.0,6,0.0,4,1,1,1,0,0,0,0,0,0,0,1,118147.0
6.0,6.0,10.0,5.0,8.0,0.0,10,1.0,8,1,1,1,1,1,0,0,0,0,1,1,105000.0
23.0,25.0,25.0,6.0,5.0,1.0,6,0.0,5,0,1,1,1,0,1,0,0,1,0,1,70675.0
3.0,5.0,10.0,6.0,4.0,1.0,8,10.0,1,1,0,0,0,0,0,0,0,0,0,1,27000.0
2.0,11.0,3.0,5.0,9.0,1.0,10,0.0,6,1,1,1,1,0,1,0,0,0,0,1,117000.0
4.0,12.0,10.0,6.0,1.0,1.0,6,1.0,6,0,1,1,1,0,1,0,0,0,0,0,139628.0
12.0,13.0,12.0,3.0,5.0,0.0,10,10.0,4,0,1,1,0,0,0,0,0,0,0,1,225000.0
20.0,37.0,10.0,3.0,1.0,0.0,5,1.0,4,0,0,0,1,0,0,0,1,1,0,0,161109.0
4.0,5.0,7.0,6.0,5.0,0.0,0,2.0,7,1,1,1,1,0,0,0,0,0,0,1,27973.0
10.0,18.0,15.0,6.0,6.0,2.0,0,10.0,7,1,1,0,0,1,1,1,0,0,0,1,27973.0
28.0,32.0,10.0,6.0,1.0,0.0,4,10.0,5,1,0,0,0,0,0,1,0,0,0,0,11963.0
20.0,28.0,28.0,5.0,8.0,1.0,6,0.0,10,1,1,1,1,0,1,0,1,1,0,1,144842.0
22.0,40.0,22.0,3.0,5.0,1.0,3,1.0,2,0,0,0,1,1,0,0,0,0,0,1,98814.0
12.0,17.0,12.0,6.0,2.0,1.0,2,0.0,1,0,0,1,0,0,0,0,0,0,0,0,75184.0
24.0,29.0,10.0,5.0,5.0,1.0,10,0.0,2,0,1,0,0,1,0,0,0,0,0,1,225000.0
13.0,18.0,13.0,5.0,5.0,0.0,10,8.0,2,0,0,0,0,1,0,0,0,0,0,1,150000.0
12.0,30.0,10.0,6.0,1.0,0.0,10,10.0,4,0,1,0,0,0,0,0,1,0,0,0,130000.0
5.0,8.0,10.0,6.0,5.0,1.0,10,3.0,9,1,1,0,1,0,0,0,0,0,1,1,165000.0
7.0,12.0,10.0,3.0,2.0,1.0,6,8.0,3,1,0,0,0,0,1,1,0,0,0,1,97143.0
6.0,14.0,7.0,5.0,5.0,1.0,10,0.0,8,1,1,0,1,1,0,0,0,0,0,1,100000.0
2.0,12.0,3.0,5.0,4.0,2.0,10,0.0,6,0,1,1,1,0,1,0,0,0,0,1,60000.0
2.0,9.0,10.0,3.0,5.0,2.0,10,10.0,9,1,1,0,0,0,0,1,0,0,0,0,16000.0
9.0,15.0,9.0,6.0,5.0,0.0,8,1.0,9,1,1,1,1,0,1,1,0,0,0,1,61710.0
17.0,20.0,20.0,5.0,9.0,0.0,9,10.0,8,1,0,1,1,0,1,0,0,0,1,1,161783.0
9.0,9.0,10.0,3.0,4.0,1.0,10,1.0,3,0,0,0,1,0,0,0,0,0,0,1,205000.0
11.0,12.0,11.0,5.0,5.0,1.0,6,0.0,7,0,1,1,1,0,1,0,1,0,0,1,36697.0
2.0,4.0,10.0,6.0,4.0,1.0,6,0.0,1,0,0,0,0,0,1,0,0,0,0,1,13623.0
10.0,11.0,10.0,5.0,4.0,2.0,6,7.0,11,1,1,1,1,1,0,0,0,1,0,1,60964.0
8.0,10.0,8.0,5.0,6.0,1.0,3,1.0,3,0,0,0,1,1,0,0,0,0,0,1,80555.0
4.0,8.0,8.0,5.0,8.0,2.0,6,1.0,2,0,0,0,0,1,0,0,0,0,0,1,41392.0
2.0,6.0,10.0,5.0,1.0,0.0,10,7.0,6,1,0,0,1,0,0,1,0,0,0,1,58000.0
20.0,26.0,10.0,5.0,4.0,0.0,10,10.0,6,1,1,1,1,0,0,0,0,1,0,1,185000.0
4.0,13.0,4.0,5.0,2.0,1.0,6,9.0,8,1,1,1,0,1,1,1,0,0,0,1,11038.0
3.0,5.0,4.0,6.0,5.0,1.0,4,4.0,1,0,0,0,1,0,0,0,0,0,0,1,12777.0
8.0,15.0,10.0,5.0,9.0,1.0,5,9.0,2,1,0,0,0,0,0,1,0,0,0,1,91295.0
6.0,12.0,20.0,5.0,8.0,1.0,10,0.0,7,1,1,0,1,1,1,0,0,0,0,1,130000.0
2.0,6.0,10.0,2.0,5.0,0.0,6,8.0,8,1,1,0,0,0,0,1,0,1,1,0,14594.0
23.0,35.0,10.0,5.0,3.0,0.0,10,0.0,4,0,1,0,0,0,0,0,1,0,0,1,150000.0
42.0,46.0,10.0,6.0,1.0,1.0,6,0.0,5,0,1,0,1,0,0,0,1,0,0,0,46185.0
8.0,8.0,12.0,5.0,9.0,1.0,10,10.0,5,1,1,0,0,0,0,0,0,0,0,1,191000.0
10.0,12.0,10.0,5.0,4.0,0.0,9,0.0,0,0,0,0,0,0,0,0,0,0,0,1,59618.0
10.0,12.0,11.0,3.0,4.0,0.0,1,10.0,4,0,0,0,0,0,0,0,0,0,1,1,145386.0
14.0,20.0,10.0,2.0,6.0,0.0,6,2.0,4,0,1,1,0,0,0,0,0,0,0,1,105000.0
16.0,26.0,10.0,5.0,6.0,0.0,10,7.0,3,0,0,1,0,0,0,0,0,0,0,1,227000.0
2.0,7.0,2.0,6.0,5.0,1.0,2,0.0,12,1,1,1,1,1,1,1,0,0,0,1,35444.0
5.0,15.0,10.0,6.0,1.0,0.0,9,4.0,1,1,0,0,0,0,0,0,0,0,0,0,114649.0
6.0,8.0,9.0,2.0,5.0,1.0,3,2.0,7,0,1,1,0,0,0,0,0,0,0,1,74110.0
5.0,6.0,5.0,3.0,3.0,0.0,6,0.0,6,1,1,1,1,0,0,0,0,0,0,1,60000.0
8.0,15.0,15.0,6.0,9.0,1.0,10,1.0,1,0,0,0,0,1,0,0,0,0,0,1,170000.0
7.0,10.0,9.0,5.0,6.0,0.0,10,1.0,6,1,1,1,1,0,0,1,0,0,0,1,180000.0
9.0,12.0,10.0,6.0,9.0,1.0,3,10.0,5,1,1,0,1,0,0,0,0,0,0,1,139628.0
10.0,14.0,10.0,6.0,4.0,1.0,6,1.0,6,1,1,0,1,0,0,0,0,0,0,1,77332.0
12.0,18.0,12.0,5.0,6.0,0.0,4,7.0,4,0,0,0,1,1,0,0,0,0,0,1,17945.0
6.0,11.0,7.0,6.0,5.0,2.0,6,1.0,4,1,0,0,0,0,0,1,0,0,0,1,25548.0
5.0,6.0,10.0,2.0,6.0,1.0,6,0.0,5,0,1,1,1,1,0,0,0,0,0,1,48333.0
5.0,6.0,6.0,6.0,4.0,0.0,8,0.0,4,0,1,1,0,0,0,0,0,0,0,1,24881.0
0.0,8.0,1.0,5.0,5.0,1.0,6,0.0,8,1,1,1,1,0,1,0,0,0,1,1,16307.0
6.0,8.0,10.0,5.0,6.0,0.0,10,2.0,4,0,1,1,0,0,0,0,0,0,0,1,187000.0
10.0,20.0,10.0,6.0,1.0,0.0,6,7.0,8,0,1,1,0,1,0,0,1,0,0,0,15000.0
17.0,22.0,17.0,5.0,5.0,1.0,3,0.0,7,0,1,1,0,0,1,0,0,0,0,0,50696.0
3.0,12.0,12.0,5.0,8.0,2.0,6,9.0,4,1,0,0,0,0,0,1,0,0,0,1,111417.0
18.0,47.0,43.0,3.0,3.0,2.0,6,1.0,4,0,1,1,0,0,1,0,0,0,0,1,33033.0
1.0,4.0,4.0,2.0,3.0,1.0,6,10.0,4,1,1,1,0,0,0,0,0,0,0,0,30000.0
5.0,6.0,5.0,6.0,4.0,1.0,6,1.0,2,1,0,0,0,0,0,0,0,0,0,1,42425.0
3.0,6.0,3.0,5.0,3.0,0.0,6,1.0,2,1,0,0,1,0,0,0,0,0,0,1,49493.0
39.0,44.0,40.0,5.0,3.0,1.0,9,9.0,6,1,0,0,0,0,0,1,0,0,0,1,89172.0
1.0,2.0,1.0,4.0,4.0,0.0,0,0.0,7,1,1,1,0,0,0,0,0,0,1,1,22378.0
1.0,2.0,2.0,3.0,8.0,1.0,1,0.0,10,0,1,1,1,1,1,0,0,0,1,1,45797.0
12.0,14.0,9.0,5.0,5.0,0.0,1,10.0,5,1,0,0,1,0,0,0,0,1,0,1,138117.0
6.0,9.0,6.0,5.0,8.0,0.0,6,10.0,10,1,1,1,1,0,1,0,0,1,1,1,53703.0
35.0,43.0,10.0,5.0,7.0,1.0,6,8.0,5,1,0,0,0,0,0,1,0,1,0,0,90000.0
12.0,15.0,10.0,5.0,5.0,1.0,10,0.0,6,0,1,1,0,0,0,0,1,0,0,1,75000.0
4.0,9.0,4.0,6.0,3.0,1.0,4,0.0,6,1,1,1,1,0,0,0,1,0,0,1,11963.0
15.0,17.0,16.0,4.0,6.0,2.0,6,2.0,2,0,1,0,0,0,0,0,0,0,0,1,99099.0
33.0,38.0,30.0,5.0,7.0,0.0,10,1.0,7,0,0,1,1,0,1,1,1,1,0,1,180000.0
3.0,10.0,3.0,5.0,5.0,1.0,10,0.0,9,0,1,0,1,0,0,0,0,0,1,1,100000.0
41.0,45.0,41.0,3.0,7.0,1.0,6,8.0,5,1,0,0,1,1,1,0,0,0,0,1,55323.0
15.0,18.0,18.0,3.0,6.0,1.0,7,0.0,9,1,1,1,1,1,1,0,1,0,0,1,75184.0
9.0,12.0,7.0,6.0,4.0,2.0,4,1.0,2,0,1,0,0,0,0,0,1,0,0,1,17945.0
5.0,6.0,5.0,7.0,7.0,0.0,8,7.0,4,0,1,1,0,0,0,1,0,0,0,1,60000.0
4.0,11.0,18.0,5.0,8.0,1.0,6,0.0,6,0,1,0,0,1,0,0,0,0,0,1,74362.0
20.0,32.0,20.0,5.0,9.0,0.0,6,2.0,5,0,1,1,1,0,0,0,0,0,0,1,76000.0
5.0,6.0,10.0,6.0,7.0,1.0,9,4.0,3,1,0,0,1,0,0,0,0,0,0,1,110827.0
12.0,18.0,12.0,3.0,4.0,0.0,1,2.0,3,0,1,0,0,0,0,0,0,0,0,1,98135.0
13.0,15.0,10.0,6.0,7.0,0.0,8,3.0,2,1,0,0,0,0,0,0,0,1,0,1,72000.0
5.0,10.0,5.0,6.0,2.0,1.0,3,10.0,1,0,0,0,0,0,0,0,0,0,0,1,64444.0
7.0,11.0,7.0,6.0,7.0,0.0,6,0.0,8,1,1,1,1,0,0,0,0,1,0,1,37592.0
7.0,12.0,7.0,6.0,4.0,0.0,6,0.0,5,1,1,0,0,0,0,0,0,0,0,1,96666.0
3.0,10.0,10.0,6.0,7.0,0.0,6,3.0,8,1,1,0,1,1,0,1,0,0,0,1,42962.0
16.0,27.0,10.0,3.0,9.0,1.0,10,1.0,11,1,1,1,0,1,0,0,0,1,1,1,220000.0
2.0,10.0,2.0,6.0,4.0,1.0,2,4.0,3,1,0,0,1,1,0,0,0,0,0,1,48333.0
4.0,10.0,10.0,5.0,4.0,0.0,6,1.0,6,1,1,0,1,1,0,1,0,0,0,1,40000.0
19.0,32.0,32.0,5.0,3.0,0.0,9,1.0,5,0,1,1,0,0,1,0,0,0,0,1,80254.0
14.0,20.0,10.0,6.0,6.0,0.0,6,8.0,3,1,0,0,0,0,0,1,0,0,0,1,91295.0
1.0,3.0,2.0,3.0,4.0,2.0,10,0.0,3,0,1,1,0,0,0,0,0,0,0,1,95000.0
13.0,17.0,12.0,5.0,6.0,0.0,10,10.0,9,1,1,1,1,1,1,0,0,0,0,1,111000.0
1.0,13.0,1.0,6.0,5.0,1.0,6,1.0,1,0,0,0,0,0,1,0,0,0,0,1,45212.0
4.0,4.0,4.0,4.0,2.0,1.0,5,10.0,7,1,1,0,1,0,0,0,0,1,0,0,73036.0
16.0,19.0,17.0,6.0,4.0,0.0,3,5.0,17,1,1,1,1,1,0,1,0,1,0,1,128887.0
6.0,13.0,17.0,6.0,9.0,1.0,10,0.0,7,1,1,1,1,0,1,0,0,0,0,1,134000.0
1.0,7.0,1.0,5.0,9.0,1.0,10,1.0,3,1,0,0,0,1,0,0,0,0,0,1,145000.0
5.0,5.0,10.0,3.0,9.0,0.0,7,0.0,3,0,0,1,1,1,0,0,0,0,0,1,29537.0
25.0,29.0,25.0,5.0,5.0,0.0,9,6.0,5,0,1,1,1,0,1,0,0,0,0,1,121018.0
15.0,25.0,10.0,6.0,2.0,0.0,3,0.0,6,1,1,1,0,0,0,0,0,0,1,1,103110.0
1.0,10.0,10.0,5.0,3.0,1.0,3,1.0,4,0,1,0,1,0,0,0,1,0,0,1,60147.0
2.0,10.0,10.0,5.0,7.0,1.0,10,1.0,3,0,1,0,0,0,1,0,0,0,0,1,180000.0
12.0,27.0,12.0,6.0,2.0,0.0,6,1.0,4,1,1,1,0,0,0,0,0,0,1,1,72000.0
9.0,9.0,10.0,5.0,7.0,1.0,9,0.0,5,0,1,1,0,0,1,0,0,0,0,1,89172.0
28.0,39.0,25.0,3.0,4.0,1.0,6,10.0,4,1,0,0,0,1,0,0,0,1,1,1,107406.0
10.0,14.0,10.0,4.0,5.0,1.0,10,0.0,5,0,1,1,1,0,1,0,0,0,0,1,150000.0
15.0,18.0,15.0,6.0,4.0,0.0,10,10.0,7,1,1,1,1,0,0,0,0,0,1,0,95550.0
1.0,5.0,10.0,5.0,4.0,1.0,8,9.0,6,1,0,0,0,1,0,1,0,0,0,1,27427.0
10.0,14.0,10.0,4.0,1.0,0.0,10,0.0,3,0,1,1,0,0,0,0,0,0,0,0,170000.0
8.0,16.0,10.0,6.0,9.0,0.0,4,0.0,3,0,0,0,0,1,0,1,0,0,0,1,16151.0
7.0,15.0,7.0,6.0,6.0,0.0,6,0.0,3,0,0,1,1,0,0,0,0,0,0,1,64444.0
1.0,7.0,1.0,4.0,6.0,0.0,10,3.0,7,1,1,0,1,1,0,1,0,0,0,1,33000.0
6.0,12.0,6.0,6.0,8.0,0.0,8,1.0,9,0,1,1,1,1,0,0,0,0,0,1,59073.0
10.0,16.0,10.0,6.0,3.0,0.0,1,7.0,5,0,1,0,0,0,0,0,0,0,0,1,109039.0
3.0,12.0,10.0,5.0,6.0,1.0,10,0.0,6,1,1,1,0,0,1,0,0,0,0,1,115000.0
7.0,16.0,10.0,5.0,4.0,1.0,5,5.0,7,1,1,1,1,0,0,1,0,0,0,1,44037.0
10.0,15.0,10.0,6.0,4.0,0.0,3,1.0,2,0,0,1,0,0,0,0,0,0,0,1,64444.0
9.0,14.0,9.0,2.0,4.0,1.0,6,10.0,3,1,0,0,1,0,0,0,1,0,0,1,107406.0
4.0,10.0,4.0,5.0,4.0,0.0,1,2.0,3,0,1,0,0,0,0,0,0,0,0,1,49431.0
8.0,8.0,10.0,6.0,1.0,0.0,6,1.0,7,1,1,0,1,1,0,0,0,0,0,0,74239.0
13.0,15.0,13.0,6.0,3.0,1.0,6,1.0,4,1,1,1,0,0,1,0,0,0,0,1,86870.0
4.0,12.0,10.0,2.0,2.0,2.0,6,0.0,10,1,1,1,1,1,0,0,1,0,0,1,16000.0
14.0,21.0,17.0,6.0,6.0,2.0,6,4.0,5,0,0,0,1,1,0,0,0,0,0,1,107563.0
25.0,26.0,25.0,3.0,7.0,1.0,6,0.0,4,1,1,0,0,0,1,0,0,0,0,1,57230.0
3.0,6.0,3.0,6.0,3.0,1.0,2,0.0,8,1,1,1,1,1,0,0,0,0,1,1,38666.0
9.0,16.0,9.0,6.0,7.0,1.0,3,1.0,3,0,0,0,0,1,1,0,0,1,0,0,68740.0
5.0,6.0,6.0,3.0,3.0,1.0,6,2.0,3,0,1,1,0,0,0,0,0,0,0,1,105706.0
12.0,15.0,10.0,5.0,6.0,2.0,6,0.0,6,1,1,1,0,0,1,0,0,0,0,1,98015.0
4.0,20.0,18.0,6.0,6.0,1.0,10,10.0,7,1,1,0,1,0,1,0,0,0,0,1,90000.0
27.0,40.0,10.0,5.0,3.0,0.0,6,8.0,3,1,0,0,0,0,0,1,0,0,0,1,122913.0
20.0,34.0,24.0,5.0,8.0,1.0,9,6.0,4,1,1,0,0,0,0,0,1,0,0,1,63694.0
24.0,26.0,24.0,4.0,5.0,0.0,9,0.0,5,1,1,1,1,0,0,0,0,0,0,1,78980.0
10.0,14.0,10.0,6.0,7.0,0.0,6,1.0,1,0,0,0,0,1,0,0,0,0,0,1,44818.0
26.0,29.0,35.0,7.0,9.0,0.0,10,0.0,5,0,1,1,0,0,1,0,0,0,0,1,164000.0
8.0,15.0,8.0,5.0,9.0,0.0,10,0.0,7,1,1,1,0,0,1,0,0,0,0,1,210000.0
11.0,18.0,11.0,5.0,8.0,1.0,4,7.0,5,0,0,0,0,0,0,1,0,0,0,1,31105.0
1.0,6.0,1.0,5.0,2.0,0.0,6,1.0,1,1,0,0,0,0,0,0,0,0,0,1,38666.0
4.0,7.0,4.0,6.0,7.0,1.0,2,9.0,1,0,0,0,0,0,0,1,0,0,0,1,40814.0
6.0,15.0,6.0,5.0,5.0,1.0,0,0.0,7,0,1,1,1,0,0,0,1,0,1,1,40281.0
7.0,12.0,10.0,5.0,2.0,0.0,1,0.0,11,0,1,1,1,0,1,0,1,1,0,1,79962.0
2.0,5.0,2.0,5.0,7.0,2.0,6,9.0,5,1,0,0,0,0,0,1,0,0,0,1,64444.0
2.0,11.0,3.0,3.0,5.0,2.0,10,10.0,8,1,0,0,0,0,1,0,0,0,0,1,45000.0
20.0,23.0,20.0,5.0,4.0,1.0,1,0.0,6,0,1,1,1,1,0,0,0,0,0,1,76328.0
5.0,8.0,5.0,6.0,3.0,1.0,6,0.0,4,1,1,0,0,0,0,0,0,0,0,1,51555.0
6.0,11.0,6.0,6.0,5.0,1.0,6,2.0,7,0,1,1,1,0,0,0,1,1,0,1,34370.0
2.0,2.0,2.0,5.0,4.0,0.0,6,0.0,4,0,1,0,1,0,1,0,0,0,0,1,26351.0
5.0,8.0,14.0,5.0,8.0,0.0,7,1.0,6,0,1,1,1,1,0,0,0,0,0,1,42962.0
2.0,8.0,10.0,6.0,7.0,2.0,5,1.0,5,1,0,0,1,1,0,0,0,0,0,1,52629.0
17.0,30.0,17.0,2.0,7.0,0.0,3,2.0,3,0,1,1,0,1,0,0,0,0,0,0,128887.0
20.0,26.0,18.0,3.0,9.0,1.0,6,5.0,3,1,1,0,0,0,0,0,0,0,0,1,51159.0
35.0,40.0,35.0,6.0,3.0,0.0,6,0.0,12,1,0,1,1,0,1,1,0,0,0,1,102667.0
35.0,40.0,37.0,4.0,5.0,1.0,1,8.0,3,0,0,0,1,0,1,0,0,0,0,1,79962.0
24.0,27.0,25.0,5.0,5.0,0.0,6,0.0,3,1,1,0,0,0,0,0,0,0,0,0,128887.0
12.0,30.0,17.0,7.0,7.0,1.0,10,10.0,8,1,0,0,0,0,0,1,0,0,0,0,60000.0
3.0,5.0,4.0,3.0,7.0,0.0,10,0.0,6,0,1,1,1,1,0,0,0,0,0,1,96000.0
7.0,7.0,10.0,6.0,5.0,1.0,3,10.0,6,1,1,1,1,0,0,0,0,1,0,1,91295.0
36.0,45.0,36.0,3.0,4.0,2.0,10,6.0,8,0,1,0,0,0,1,1,1,0,0,1,110000.0
2.0,8.0,5.0,5.0,9.0,1.0,3,8.0,4,1,0,0,0,0,0,1,0,0,0,0,42962.0
17.0,20.0,10.0,5.0,2.0,0.0,8,0.0,4,0,1,0,1,0,1,0,0,0,0,1,50000.0
4.0,6.0,5.0,5.0,5.0,1.0,6,0.0,4,0,1,0,1,0,1,0,0,0,0,1,15720.0
7.0,7.0,5.0,4.0,4.0,0.0,3,0.0,5,0,1,1,0,0,0,0,0,0,0,0,71500.0
8.0,12.0,10.0,6.0,4.0,0.0,8,1.0,1,0,0,0,0,1,0,0,0,0,0,1,65000.0
38.0,42.0,30.0,6.0,9.0,1.0,9,0.0,12,1,1,1,1,1,0,0,0,1,0,1,159235.0
14.0,24.0,14.0,2.0,2.0,0.0,3,0.0,7,1,1,0,1,1,0,0,1,0,0,1,38666.0
9.0,13.0,10.0,5.0,1.0,1.0,4,10.0,4,1,1,0,0,1,1,0,0,0,0,0,47854.0
24.0,35.0,35.0,3.0,5.0,0.0,10,1.0,5,1,0,1,1,1,0,0,0,1,0,1,190000.0
20.0,30.0,10.0,5.0,7.0,0.0,6,8.0,2,0,0,0,0,0,1,0,0,0,0,1,65152.0
5.0,13.0,5.0,5.0,5.0,1.0,6,2.0,6,1,1,1,0,0,0,0,0,0,0,1,43883.0
10.0,17.0,10.0,6.0,6.0,1.0,3,0.0,6,0,1,1,1,0,1,0,0,0,0,1,80555.0
16.0,19.0,16.0,5.0,4.0,2.0,6,1.0,7,0,1,1,1,0,1,0,0,0,1,1,102950.0
5.0,14.0,10.0,5.0,6.0,1.0,3,1.0,4,0,0,0,0,1,0,0,1,1,0,0,51555.0
15.0,19.0,10.0,5.0,4.0,0.0,7,8.0,8,1,1,1,1,0,1,0,1,0,0,1,52629.0
14.0,25.0,20.0,6.0,4.0,1.0,3,0.0,6,0,1,0,1,0,1,0,0,0,0,1,53703.0
19.0,27.0,19.0,6.0,2.0,0.0,6,1.0,12,0,1,1,1,1,1,0,0,0,1,0,45875.0
4.0,10.0,4.0,3.0,4.0,2.0,3,10.0,3,0,0,0,0,0,1,0,1,0,0,1,32222.0
0.0,8.0,4.0,5.0,7.0,1.0,3,10.0,9,1,1,1,1,1,0,0,0,0,0,1,85925.0
4.0,5.0,5.0,5.0,4.0,0.0,6,4.0,1,1,0,0,0,0,0,0,0,0,0,1,57669.0
7.0,8.0,6.0,6.0,9.0,1.0,10,1.0,4,1,0,1,0,1,0,0,0,0,0,1,186271.0
3.0,10.0,6.0,5.0,5.0,0.0,10,0.0,5,0,1,1,0,0,1,0,0,0,0,1,95000.0
1.0,10.0,1.0,6.0,7.0,1.0,2,3.0,7,1,1,0,1,0,0,0,0,0,0,1,48333.0
22.0,35.0,22.0,5.0,7.0,0.0,1,1.0,5,1,0,1,0,1,0,0,0,0,0,1,218079.0
7.0,12.0,7.0,7.0,3.0,1.0,2,10.0,10,1,1,0,0,1,0,1,0,0,0,1,94517.0
10.0,20.0,10.0,7.0,7.0,1.0,4,10.0,0,0,0,0,0,0,0,0,0,0,0,1,23927.0
25.0,25.0,10.0,5.0,9.0,1.0,10,4.0,3,0,0,1,1,0,0,1,0,0,0,1,190000.0
26.0,28.0,10.0,6.0,1.0,0.0,3,0.0,5,0,1,1,1,1,0,0,0,0,0,0,161109.0
10.0,14.0,10.0,6.0,2.0,0.0,6,10.0,7,0,1,0,1,0,0,0,1,0,0,1,53703.0
15.0,20.0,10.0,3.0,5.0,1.0,2,1.0,6,1,1,1,1,0,0,0,0,0,0,1,48333.0
3.0,4.0,2.0,3.0,2.0,2.0,6,10.0,2,0,1,1,0,0,0,0,0,0,0,0,44000.0
8.0,11.0,10.0,6.0,3.0,0.0,8,0.0,4,0,1,0,1,0,0,0,1,0,0,1,26066.0
8.0,12.0,10.0,5.0,6.0,1.0,6,5.0,6,1,1,0,0,1,0,0,0,0,0,1,145715.0
7.0,10.0,10.0,5.0,9.0,1.0,4,1.0,1,1,0,0,0,0,0,0,0,0,0,1,29909.0
4.0,5.0,4.0,5.0,6.0,0.0,10,1.0,1,0,0,1,0,0,0,0,0,0,0,1,150000.0
18.0,20.0,17.0,3.0,3.0,1.0,5,0.0,3,0,0,1,0,0,1,0,0,0,0,1,53703.0
17.0,24.0,17.0,5.0,7.0,1.0,10,2.0,4,0,1,1,0,0,0,0,0,0,0,1,165000.0
10.0,12.0,10.0,6.0,7.0,0.0,6,7.0,2,0,1,0,0,0,0,0,0,0,0,0,161109.0
15.0,18.0,16.0,6.0,3.0,1.0,6,10.0,4,0,0,0,0,0,1,0,0,1,0,1,37592.0
11.0,13.0,11.0,6.0,6.0,0.0,3,1.0,3,0,0,0,1,0,0,0,0,0,0,1,91295.0
3.0,4.0,3.0,5.0,5.0,1.0,9,0.0,5,1,1,1,0,0,0,0,0,0,0,1,46777.0
10.0,14.0,11.0,6.0,5.0,1.0,8,0.0,5,0,1,1,0,0,1,0,0,0,0,1,51984.0
3.0,9.0,3.0,6.0,4.0,1.0,2,0.0,4,1,1,1,0,0,0,0,0,0,0,1,62296.0
6.0,8.0,10.0,5.0,9.0,2.0,6,4.0,5,1,1,1,0,0,0,0,0,0,0,0,132132.0
26.0,32.0,26.0,3.0,4.0,0.0,6,9.0,12,1,1,0,1,0,0,1,1,1,0,1,54777.0
1.0,4.0,10.0,2.0,5.0,2.0,6,8.0,3,1,0,0,0,1,1,0,0,0,0,0,15037.0
9.0,11.0,10.0,7.0,4.0,0.0,0,10.0,4,1,0,0,1,0,0,0,0,0,0,1,12122.0
30.0,40.0,10.0,5.0,1.0,1.0,5,10.0,7,0,1,1,1,1,0,0,0,0,0,1,107406.0
1.0,2.0,1.0,5.0,2.0,0.0,10,0.0,7,1,0,1,1,1,0,0,0,0,0,1,85000.0
6.0,9.0,6.0,7.0,4.0,0.0,10,4.0,3,0,0,0,0,0,0,0,0,0,0,1,93000.0
23.0,27.0,23.0,5.0,7.0,0.0,0,1.0,6,0,1,0,1,1,0,0,0,0,0,1,67135.0
8.0,13.0,8.0,6.0,8.0,1.0,9,10.0,2,1,0,0,1,0,0,0,0,0,0,1,146496.0
19.0,29.0,10.0,3.0,2.0,2.0,6,0.0,4,0,1,0,1,0,0,0,1,0,0,1,145715.0
5.0,8.0,5.0,3.0,4.0,1.0,6,2.0,7,0,1,1,1,0,1,0,0,0,0,1,26852.0
20.0,32.0,32.0,5.0,9.0,1.0,6,1.0,8,0,0,0,0,1,1,1,0,1,0,1,29696.0
18.0,20.0,18.0,5.0,7.0,1.0,6,0.0,8,1,1,1,1,1,0,0,0,0,0,1,70030.0
10.0,14.0,10.0,5.0,8.0,0.0,0,1.0,2,0,1,1,0,0,0,0,0,0,0,1,30024.0
15.0,20.0,20.0,5.0,4.0,2.0,1,0.0,6,0,1,1,1,0,1,0,1,0,0,1,72693.0
17.0,28.0,17.0,5.0,4.0,1.0,10,6.0,4,0,1,0,0,0,0,0,0,1,0,1,180000.0
15.0,20.0,15.0,7.0,5.0,1.0,7,0.0,4,1,0,0,1,0,0,0,1,0,0,1,102036.0
50.0,51.0,50.0,7.0,9.0,0.0,10,10.0,6,1,0,0,0,0,0,1,0,0,0,1,210000.0
10.0,14.0,12.0,5.0,4.0,2.0,4,0.0,4,0,1,0,1,0,1,0,0,0,0,1,29909.0
4.0,9.0,10.0,6.0,4.0,2.0,2,0.0,7,1,1,1,1,0,0,0,1,0,0,1,42962.0
8.0,16.0,13.0,5.0,2.0,0.0,6,1.0,9,0,1,1,0,1,0,1,0,1,1,1,139271.0
6.0,10.0,6.0,5.0,9.0,0.0,6,0.0,7,1,1,1,1,0,0,0,1,0,0,1,53703.0
24.0,34.0,24.0,6.0,5.0,0.0,6,1.0,1,0,0,0,0,0,1,0,0,0,0,1,49407.0
20.0,26.0,20.0,5.0,6.0,2.0,6,10.0,13,1,1,1,1,1,1,1,0,1,0,1,104955.0
20.0,35.0,10.0,5.0,9.0,0.0,10,2.0,6,0,1,1,1,0,0,0,0,0,0,1,135000.0
15.0,20.0,20.0,6.0,7.0,1.0,8,0.0,1,0,0,1,0,0,0,0,0,0,0,1,88000.0
28.0,34.0,10.0,7.0,5.0,2.0,7,10.0,6,1,0,0,0,1,0,0,0,0,0,1,75184.0
20.0,30.0,20.0,6.0,3.0,0.0,6,0.0,4,1,1,1,0,0,0,0,0,0,0,1,237600.0
5.0,9.0,5.0,5.0,7.0,1.0,10,1.0,4,1,0,1,1,1,0,0,0,0,0,1,214000.0
8.0,18.0,10.0,5.0,5.0,1.0,6,8.0,2,0,0,0,0,0,0,1,0,0,0,1,27675.0
13.0,16.0,10.0,3.0,9.0,0.0,6,6.0,4,0,1,0,0,0,0,0,0,0,1,1,300600.0
7.0,10.0,10.0,6.0,5.0,0.0,6,1.0,3,0,0,0,1,1,0,0,0,0,0,1,45111.0
5.0,10.0,10.0,6.0,4.0,0.0,8,1.0,4,0,1,1,1,0,0,0,0,0,0,1,40000.0
10.0,17.0,18.0,2.0,4.0,1.0,6,0.0,12,1,1,1,1,1,0,0,1,0,0,1,27545.0
6.0,9.0,10.0,3.0,1.0,0.0,6,0.0,6,0,1,1,0,0,0,0,0,1,0,0,85925.0
2.0,3.0,3.0,6.0,6.0,0.0,8,10.0,2,0,1,0,0,0,1,0,0,0,0,1,14810.0
4.0,6.0,10.0,5.0,9.0,0.0,1,10.0,4,1,1,0,0,0,0,0,0,1,0,1,167194.0
22.0,25.0,25.0,5.0,4.0,1.0,5,2.0,2,0,1,1,0,0,0,0,0,0,0,0,64444.0
2.0,9.0,10.0,5.0,6.0,2.0,6,0.0,10,1,1,0,1,1,1,0,1,0,0,1,43006.0
8.0,13.0,13.0,5.0,2.0,0.0,6,1.0,2,1,0,0,0,0,0,0,0,0,0,1,12000.0
11.0,23.0,11.0,5.0,7.0,1.0,3,1.0,3,0,0,0,0,1,0,0,0,0,0,1,64444.0
4.0,7.0,12.0,5.0,8.0,1.0,0,10.0,1,0,1,0,0,0,0,0,0,0,0,1,17903.0
2.0,8.0,1.0,6.0,2.0,1.0,9,10.0,6,1,0,0,1,0,0,1,0,0,0,1,43949.0
6.0,9.0,10.0,5.0,4.0,1.0,6,1.0,1,0,0,0,0,0,0,0,0,0,0,1,63644.0
5.0,10.0,5.0,5.0,5.0,0.0,10,1.0,3,0,0,0,1,0,0,0,0,1,0,1,157000.0
10.0,13.0,10.0,6.0,4.0,1.0,8,0.0,10,1,1,1,1,1,1,1,0,0,0,1,56773.0
6.0,10.0,6.0,5.0,4.0,2.0,9,0.0,9,1,1,1,1,0,1,0,0,0,0,1,41401.0
4.0,6.0,5.0,6.0,6.0,0.0,0,4.0,5,1,0,0,1,0,0,0,0,0,0,1,11562.0
4.0,12.0,4.0,6.0,4.0,1.0,6,1.0,2,1,0,0,0,0,1,0,0,0,0,1,52461.0
12.0,15.0,10.0,5.0,7.0,0.0,10,1.0,5,0,0,0,1,1,0,0,0,0,0,1,225000.0
4.0,4.0,10.0,7.0,4.0,2.0,5,10.0,3,0,1,0,1,0,0,0,0,0,0,1,161109.0
20.0,25.0,10.0,5.0,9.0,0.0,10,10.0,2,0,0,0,1,0,0,0,0,0,0,1,200000.0
6.0,10.0,6.0,3.0,8.0,0.0,2,0.0,7,1,1,0,0,0,0,1,0,0,0,1,85925.0
10.0,20.0,10.0,6.0,7.0,1.0,3,10.0,13,1,1,1,1,0,1,1,0,1,0,1,85925.0
1.0,3.0,1.0,6.0,5.0,2.0,7,0.0,6,1,1,0,1,0,0,0,0,0,0,1,37592.0
11.0,15.0,11.0,6.0,4.0,0.0,8,2.0,3,0,1,1,0,0,0,0,0,0,0,1,71090.0
5.0,5.0,5.0,6.0,9.0,1.0,2,10.0,6,0,1,1,1,1,0,0,0,0,0,1,36303.0
32.0,28.0,25.0,6.0,4.0,0.0,6,10.0,10,1,1,1,1,1,0,1,1,0,0,1,85000.0
4.0,15.0,5.0,6.0,2.0,1.0,6,0.0,5,0,1,1,0,0,1,0,0,0,0,1,86039.0
2.0,6.0,2.0,3.0,8.0,1.0,3,5.0,6,0,1,0,0,1,0,0,0,0,0,0,10741.0
12.0,14.0,12.0,6.0,2.0,1.0,6,0.0,5,1,1,0,1,0,0,0,1,0,0,1,17336.0
4.0,5.0,10.0,5.0,5.0,0.0,8,10.0,5,0,1,1,1,0,0,0,0,0,1,1,62796.0
4.0,6.0,10.0,6.0,5.0,0.0,8,0.0,2,0,1,0,0,0,1,0,0,0,0,1,118483.0
12.0,14.0,10.0,6.0,5.0,1.0,3,1.0,3,0,0,1,0,0,0,1,0,0,1,1,107406.0
26.0,31.0,26.0,5.0,5.0,0.0,10,0.0,14,1,1,1,0,1,0,1,0,0,1,1,150000.0
6.0,20.0,10.0,6.0,6.0,0.0,3,10.0,2,1,0,0,0,0,0,0,0,0,0,1,98814.0
5.0,8.0,6.0,6.0,4.0,0.0,8,10.0,1,1,0,0,0,0,0,0,0,0,0,1,80555.0
12.0,18.0,13.0,6.0,6.0,1.0,6,6.0,2,0,0,0,0,0,0,0,0,0,0,1,96666.0
0.0,4.0,1.0,5.0,3.0,2.0,6,2.0,2,0,1,1,0,0,0,0,0,0,0,1,23936.0
8.0,13.0,8.0,6.0,2.0,1.0,8,8.0,9,1,1,0,1,1,0,1,0,0,0,1,42533.0
12.0,15.0,10.0,6.0,4.0,1.0,6,10.0,4,0,1,0,1,0,1,0,0,0,0,0,85846.0
17.0,24.0,10.0,6.0,5.0,2.0,9,10.0,9,1,1,0,1,0,1,1,0,0,0,1,76433.0
15.0,19.0,10.0,6.0,3.0,1.0,7,1.0,3,0,0,0,1,1,0,0,0,0,0,1,51555.0
0.0,5.0,1.0,5.0,7.0,0.0,9,4.0,4,1,1,0,1,0,0,0,0,0,0,1,56051.0
10.0,20.0,10.0,5.0,3.0,2.0,10,10.0,10,1,1,0,1,1,1,1,0,0,0,1,72000.0
20.0,25.0,20.0,5.0,4.0,1.0,10,6.0,4,0,1,0,1,0,0,0,0,0,0,1,26000.0
3.0,8.0,3.0,5.0,8.0,1.0,9,0.0,5,0,0,1,1,0,1,0,0,0,1,1,71337.0
8.0,12.0,12.0,5.0,4.0,0.0,0,0.0,3,0,1,0,0,0,0,0,0,0,0,1,90000.0
12.0,17.0,10.0,3.0,3.0,2.0,6,10.0,6,0,1,0,1,0,0,0,0,0,0,1,74400.0
5.0,7.0,6.0,5.0,8.0,1.0,10,2.0,3,0,1,1,0,0,0,0,0,0,0,1,160000.0
13.0,15.0,20.0,5.0,3.0,1.0,10,10.0,9,1,1,0,1,1,0,1,0,0,0,1,106000.0
12.0,14.0,12.0,5.0,6.0,1.0,9,8.0,4,1,0,0,0,1,0,0,0,0,1,1,68789.0
3.0,4.0,10.0,5.0,3.0,2.0,6,2.0,2,0,1,0,0,0,0,0,0,0,0,1,71280.0
32.0,40.0,32.0,5.0,5.0,0.0,10,1.0,4,1,0,0,1,0,0,0,0,0,0,1,220000.0
3.0,5.0,3.0,5.0,4.0,0.0,2,1.0,3,1,1,0,0,0,0,0,0,0,0,1,32222.0
5.0,13.0,5.0,5.0,4.0,1.0,3,0.0,10,0,1,1,0,1,1,0,0,1,1,1,55851.0
6.0,14.0,10.0,3.0,1.0,0.0,6,0.0,5,0,1,1,1,1,0,0,0,0,0,0,28011.0
5.0,9.0,5.0,2.0,5.0,2.0,5,9.0,6,1,0,0,0,1,0,1,0,0,0,1,59073.0
13.0,20.0,13.0,5.0,5.0,0.0,3,10.0,4,1,0,0,0,0,1,1,0,0,0,1,67666.0
6.0,10.0,6.0,5.0,6.0,1.0,6,0.0,5,0,1,1,1,0,0,0,0,0,0,1,86999.0
10.0,15.0,10.0,5.0,2.0,0.0,1,7.0,14,1,1,1,0,0,1,1,0,1,0,1,72693.0
3.0,4.0,3.0,3.0,5.0,0.0,6,2.0,1,0,1,0,0,0,0,0,0,0,0,1,32378.0
12.0,23.0,12.0,5.0,9.0,0.0,1,10.0,3,1,1,0,0,0,0,0,1,0,0,1,363465.0
22.0,23.0,23.0,3.0,6.0,1.0,6,1.0,3,0,0,0,1,0,0,0,0,0,0,1,129524.0
9.0,10.0,10.0,5.0,4.0,1.0,3,10.0,7,1,1,1,0,0,0,0,1,1,0,1,64444.0
38.0,44.0,10.0,5.0,1.0,0.0,9,0.0,7,0,1,0,0,1,1,1,0,0,0,0,63694.0
3.0,9.0,5.0,5.0,2.0,0.0,4,0.0,9,1,1,1,0,0,0,1,1,1,1,0,71781.0
5.0,9.0,5.0,5.0,4.0,1.0,6,8.0,3,0,1,0,0,0,1,0,0,0,0,1,38243.0
5.0,6.0,6.0,6.0,4.0,0.0,8,1.0,4,1,1,0,1,0,0,0,0,1,0,1,68000.0
12.0,17.0,10.0,6.0,1.0,0.0,8,0.0,8,1,1,1,1,0,0,0,0,0,0,0,30000.0
2.0,9.0,10.0,6.0,5.0,1.0,9,2.0,3,0,1,1,0,0,0,0,0,0,0,0,43312.0
8.0,10.0,10.0,3.0,7.0,0.0,10,0.0,6,0,0,1,1,0,0,0,0,1,0,1,170000.0
3.0,10.0,5.0,5.0,6.0,1.0,9,1.0,2,0,0,0,0,0,1,0,0,0,0,1,63694.0
5.0,7.0,5.0,5.0,8.0,0.0,8,0.0,1,0,0,0,0,0,1,0,0,0,0,1,37026.0
4.0,6.0,4.0,6.0,8.0,1.0,3,1.0,7,1,0,1,0,1,0,0,0,1,0,1,64444.0
10.0,18.0,12.0,3.0,2.0,1.0,5,0.0,11,0,1,0,1,1,0,1,1,0,0,0,36518.0
3.0,20.0,3.0,5.0,6.0,2.0,10,10.0,7,0,1,0,0,0,0,1,0,1,0,1,60000.0
26.0,30.0,10.0,6.0,9.0,1.0,6,10.0,9,1,1,0,1,1,0,1,0,0,0,1,85925.0
8.0,13.0,8.0,5.0,9.0,1.0,6,1.0,7,1,0,0,1,1,0,0,0,0,0,1,47548.0
20.0,24.0,24.0,6.0,5.0,1.0,3,6.0,10,1,1,1,0,1,0,1,0,0,0,1,102036.0
7.0,8.0,7.0,5.0,5.0,1.0,9,2.0,1,0,0,0,0,0,0,0,0,0,0,1,105095.0
6.0,9.0,9.0,5.0,7.0,1.0,6,8.0,2,0,0,0,0,0,1,1,0,0,0,1,48916.0
4.0,6.0,4.0,5.0,3.0,1.0,3,0.0,4,0,1,0,0,1,0,0,0,0,0,1,39740.0
7.0,10.0,7.0,5.0,7.0,0.0,4,0.0,5,0,1,1,1,1,0,0,0,0,0,1,20936.0
9.0,22.0,7.0,6.0,7.0,0.0,3,9.0,2,1,0,0,0,0,0,1,0,0,0,1,75184.0
6.0,9.0,6.0,6.0,9.0,0.0,8,1.0,3,0,0,1,0,1,0,0,0,0,0,1,49368.0
27.0,37.0,10.0,6.0,5.0,1.0,6,7.0,8,1,0,0,0,1,0,1,0,0,0,1,184793.0
12.0,20.0,12.0,6.0,3.0,0.0,8,10.0,7,1,1,1,1,0,1,0,0,0,0,1,59241.0
2.0,5.0,10.0,4.0,4.0,1.0,8,0.0,11,1,1,1,1,1,1,1,0,0,1,1,24000.0
23.0,23.0,10.0,5.0,2.0,0.0,10,1.0,5,0,1,0,0,0,0,1,1,0,0,1,170000.0
10.0,12.0,11.0,5.0,9.0,2.0,6,8.0,5,1,0,0,0,0,0,1,0,0,0,1,107937.0
3.0,5.0,3.0,6.0,5.0,0.0,6,0.0,11,1,1,1,0,1,0,0,1,1,0,1,21886.0
6.0,10.0,6.0,2.0,9.0,1.0,6,10.0,4,1,1,0,1,0,0,0,0,0,0,1,47778.0
8.0,12.0,8.0,3.0,2.0,0.0,6,10.0,3,0,0,0,0,0,0,0,0,1,1,1,72673.0
3.0,6.0,10.0,5.0,3.0,2.0,6,0.0,6,1,1,1,1,0,1,0,0,0,0,1,62763.0
7.0,12.0,10.0,6.0,1.0,0.0,6,0.0,5,0,1,1,1,0,0,0,1,0,0,0,41026.0
22.0,26.0,10.0,6.0,1.0,1.0,3,8.0,2,0,0,0,0,0,1,1,0,0,0,0,161109.0
3.0,4.0,2.0,5.0,4.0,1.0,6,1.0,9,0,1,1,1,1,0,0,0,1,1,0,32222.0
15.0,25.0,15.0,6.0,5.0,2.0,6,10.0,9,1,1,1,1,0,0,0,1,1,0,1,64444.0
25.0,25.0,27.0,3.0,4.0,1.0,10,0.0,7,1,1,0,1,0,1,0,0,0,0,1,135000.0
11.0,15.0,10.0,6.0,9.0,0.0,10,1.0,4,1,0,0,1,0,0,0,0,1,0,1,315000.0
2.0,8.0,2.0,6.0,6.0,1.0,5,7.0,6,1,0,0,0,1,0,0,0,0,1,1,64444.0
10.0,10.0,15.0,5.0,6.0,2.0,9,0.0,3,0,0,0,1,0,1,0,0,0,0,1,50955.0
4.0,0.0,7.0,5.0,3.0,1.0,6,0.0,4,0,1,0,1,0,1,0,0,0,0,1,27840.0
17.0,21.0,17.0,6.0,4.0,0.0,6,1.0,2,0,0,0,1,0,0,0,0,0,0,1,75184.0
30.0,35.0,30.0,6.0,7.0,2.0,3,9.0,2,0,0,0,0,0,1,0,0,0,0,1,77332.0
11.0,15.0,11.0,5.0,3.0,0.0,9,10.0,5,0,1,1,0,1,0,0,0,1,0,0,152865.0
4.0,4.0,4.0,5.0,5.0,2.0,3,9.0,5,1,0,0,0,0,1,1,0,0,1,0,45111.0
35.0,45.0,10.0,5.0,1.0,0.0,9,0.0,6,1,1,1,1,0,1,0,0,0,0,0,63694.0
24.0,24.0,30.0,5.0,4.0,2.0,6,0.0,5,0,1,1,1,0,1,0,0,0,0,1,45111.0
4.0,8.0,4.0,5.0,4.0,2.0,6,0.0,9,1,1,1,1,1,0,1,1,0,0,1,53117.0
26.0,41.0,28.0,3.0,2.0,1.0,6,1.0,13,1,1,1,0,1,0,1,1,1,0,1,53968.0
4.0,5.0,10.0,3.0,9.0,0.0,6,1.0,5,1,1,1,0,1,0,0,0,0,0,1,32222.0
13.0,17.0,13.0,5.0,4.0,2.0,6,1.0,4,0,1,1,0,0,0,0,1,0,0,1,80220.0
8.0,10.0,10.0,6.0,3.0,0.0,8,0.0,4,0,1,1,0,1,0,0,0,0,0,1,63720.0
9.0,13.0,9.0,5.0,9.0,1.0,10,1.0,4,0,1,0,0,1,1,0,0,0,0,1,180000.0
1.0,9.0,1.0,2.0,2.0,2.0,6,1.0,9,1,1,0,1,0,1,0,1,0,0,1,47521.0
13.0,15.0,15.0,5.0,3.0,0.0,9,0.0,7,1,1,0,1,0,0,0,1,0,0,1,59745.0
17.0,23.0,17.0,5.0,4.0,1.0,10,9.0,4,0,0,0,0,0,1,1,0,0,0,1,145000.0
7.0,12.0,10.0,6.0,4.0,1.0,10,3.0,5,1,1,0,1,0,0,0,0,0,0,1,130000.0
7.0,10.0,7.0,3.0,4.0,0.0,8,10.0,4,0,1,1,0,0,0,0,0,1,0,0,130000.0
5.0,13.0,10.0,3.0,9.0,0.0,10,0.0,8,1,1,1,1,0,1,1,0,0,0,1,133000.0
2.0,6.0,2.0,5.0,4.0,1.0,6,10.0,12,1,1,0,1,1,0,1,1,0,0,0,33033.0
16.0,20.0,18.0,6.0,5.0,0.0,8,1.0,4,1,0,1,1,1,0,0,0,0,0,1,88862.0
25.0,32.0,10.0,6.0,1.0,1.0,6,10.0,4,1,0,0,1,0,0,0,0,0,0,0,112309.0
7.0,9.0,7.0,5.0,2.0,1.0,6,0.0,7,1,1,1,0,0,1,0,0,1,0,0,106960.0
35.0,42.0,35.0,3.0,6.0,2.0,1,10.0,11,1,1,0,0,1,1,1,0,0,0,1,116309.0
5.0,11.0,7.0,6.0,4.0,1.0,6,0.0,6,1,1,1,1,0,0,0,0,0,0,1,20168.0
17.0,20.0,17.0,5.0,7.0,0.0,8,8.0,2,0,0,0,1,0,1,0,0,0,0,1,55835.0
8.0,15.0,8.0,3.0,7.0,1.0,9,0.0,10,1,1,1,1,1,0,0,1,1,1,1,152865.0
2.0,3.0,10.0,2.0,2.0,0.0,10,0.0,3,0,1,1,0,0,0,0,0,0,0,0,28080.0
1.0,7.0,5.0,3.0,4.0,1.0,3,1.0,4,1,1,1,0,0,0,0,0,0,0,1,47259.0
2.0,10.0,2.0,5.0,6.0,2.0,6,0.0,4,1,1,0,0,0,0,0,0,0,0,1,30189.0
7.0,18.0,10.0,6.0,9.0,0.0,6,10.0,16,1,0,0,1,1,0,1,1,1,0,1,69468.0
44.0,46.0,44.0,3.0,5.0,0.0,10,8.0,3,0,0,0,0,0,1,1,0,0,0,1,165000.0
15.0,15.0,20.0,3.0,7.0,0.0,10,10.0,4,1,0,0,0,0,0,0,0,1,0,1,350000.0
35.0,44.0,44.0,3.0,2.0,1.0,6,0.0,1,0,0,0,0,0,0,0,0,0,0,1,82703.0
32.0,40.0,10.0,4.0,7.0,1.0,10,0.0,9,0,1,1,1,0,1,0,0,0,0,1,105000.0
6.0,8.0,8.0,4.0,8.0,1.0,0,1.0,3,0,0,0,0,0,0,0,0,0,0,1,48487.0
10.0,13.0,10.0,5.0,7.0,1.0,10,10.0,4,1,0,0,1,0,0,1,0,0,0,1,90000.0
22.0,22.0,30.0,2.0,9.0,0.0,6,10.0,5,1,0,0,1,1,0,0,0,0,0,1,96855.0
24.0,28.0,24.0,5.0,4.0,1.0,6,0.0,4,0,0,1,0,0,0,0,0,0,0,1,64248.0
12.0,14.0,12.0,5.0,4.0,1.0,6,1.0,5,1,0,0,1,0,0,0,0,0,0,0,130305.0
7.0,10.0,7.0,3.0,4.0,1.0,10,0.0,6,0,1,1,1,0,0,0,1,0,0,1,75000.0
6.0,13.0,6.0,6.0,6.0,1.0,6,10.0,3,1,1,0,0,0,0,0,0,0,0,1,39203.0
11.0,15.0,10.0,6.0,7.0,1.0,10,10.0,6,1,1,0,1,0,0,1,0,0,0,1,165000.0
8.0,20.0,12.0,6.0,5.0,0.0,4,1.0,4,1,0,0,1,0,0,0,0,0,0,1,23927.0
32.0,32.0,10.0,3.0,2.0,1.0,9,8.0,6,1,1,0,1,0,1,0,0,0,0,0,63694.0
1.0,4.0,1.0,5.0,7.0,0.0,10,2.0,4,0,1,1,0,0,0,0,0,0,0,1,110000.0
14.0,24.0,10.0,6.0,2.0,0.0,6,0.0,1,0,0,0,0,0,0,0,0,0,0,1,48333.0
2.0,3.0,10.0,6.0,3.0,2.0,8,0.0,2,0,0,1,0,0,1,0,0,0,0,1,11848.0
2.0,11.0,2.0,5.0,4.0,1.0,10,0.0,5,1,1,0,1,0,0,0,0,0,0,1,95000.0
10.0,12.0,10.0,3.0,5.0,0.0,10,2.0,3,0,0,1,0,0,0,0,0,0,0,1,97500.0
25.0,40.0,25.0,6.0,9.0,1.0,10,7.0,11,1,1,0,1,1,0,1,0,0,0,1,350000.0
26.0,43.0,26.0,5.0,9.0,1.0,1,5.0,6,1,1,0,1,0,0,1,0,0,0,1,181732.0
18.0,24.0,18.0,6.0,4.0,0.0,6,10.0,4,1,0,0,0,0,0,0,0,0,0,1,158679.0
9.0,12.0,10.0,6.0,7.0,0.0,8,4.0,5,1,0,0,1,1,0,0,0,0,0,1,60000.0
7.0,9.0,7.0,5.0,7.0,0.0,6,0.0,5,0,1,1,1,0,1,0,0,0,0,1,72000.0
1.0,5.0,10.0,5.0,5.0,1.0,6,1.0,10,1,0,0,1,1,1,0,0,1,0,1,15037.0
11.0,15.0,10.0,4.0,2.0,2.0,6,6.0,3,0,1,0,0,0,0,0,0,0,0,1,129602.0
5.0,6.0,5.0,6.0,4.0,1.0,8,1.0,8,1,1,0,0,0,1,0,0,1,0,1,48000.0
4.0,17.0,4.0,2.0,9.0,1.0,9,8.0,6,0,1,1,1,0,0,0,0,0,0,1,152865.0
2.0,14.0,10.0,3.0,4.0,0.0,6,1.0,3,0,0,0,1,0,0,0,0,0,1,0,47660.0
12.0,18.0,10.0,7.0,5.0,2.0,2,10.0,1,1,0,0,0,0,0,0,0,0,0,1,38111.0
5.0,11.0,5.0,5.0,5.0,0.0,10,0.0,10,0,1,1,1,1,0,0,1,1,1,1,102000.0
33.0,42.0,33.0,5.0,7.0,0.0,10,0.0,7,0,1,0,1,1,0,0,0,0,0,1,130000.0
9.0,18.0,9.0,5.0,9.0,0.0,6,1.0,2,0,0,0,0,1,0,0,0,0,0,1,92492.0
20.0,33.0,10.0,3.0,5.0,1.0,6,1.0,5,0,1,0,1,0,0,0,1,0,0,0,71270.0
6.0,8.0,7.0,4.0,6.0,1.0,9,2.0,3,0,1,1,0,0,0,0,0,0,0,1,82802.0
10.0,18.0,10.0,3.0,4.0,1.0,6,0.0,5,0,1,1,1,0,0,0,1,0,0,1,115615.0
6.0,9.0,5.0,6.0,5.0,0.0,7,10.0,3,1,0,0,0,0,0,0,0,0,0,1,34370.0
21.0,25.0,10.0,5.0,5.0,0.0,9,10.0,8,1,1,1,1,0,1,0,0,0,0,1,95541.0
23.0,36.0,23.0,4.0,5.0,1.0,10,0.0,5,0,1,0,1,0,0,0,1,0,0,1,90000.0
3.0,6.0,4.0,5.0,6.0,2.0,6,2.0,3,0,1,1,0,0,0,0,0,0,0,1,39934.0
4.0,9.0,3.0,6.0,7.0,1.0,2,0.0,3,0,1,1,0,1,0,0,0,0,0,1,44037.0
6.0,10.0,15.0,5.0,9.0,1.0,10,10.0,1,1,0,0,0,0,0,0,0,0,0,1,140000.0
10.0,14.0,13.0,6.0,5.0,1.0,6,4.0,4,1,0,0,1,0,1,0,0,0,0,1,30000.0
10.0,15.0,10.0,7.0,5.0,2.0,7,9.0,4,0,1,1,1,0,0,0,0,0,0,1,42425.0
0.0,4.0,1.0,6.0,4.0,2.0,6,1.0,6,1,1,0,1,0,0,0,0,1,0,1,44037.0
3.0,4.0,8.0,3.0,4.0,1.0,10,0.0,5,1,1,1,1,0,0,0,1,0,0,1,69000.0
6.0,15.0,10.0,5.0,3.0,1.0,6,0.0,3,0,1,0,0,1,0,0,0,0,0,1,18548.0
2.0,4.0,10.0,5.0,5.0,1.0,8,0.0,3,0,1,1,0,0,0,0,0,0,0,1,18000.0
15.0,18.0,10.0,6.0,1.0,1.0,2,0.0,10,1,1,1,0,0,0,0,1,0,1,0,42962.0
24.0,25.0,25.0,6.0,9.0,1.0,3,10.0,5,1,0,0,0,0,0,1,0,0,0,1,85925.0
2.0,10.0,2.0,5.0,2.0,0.0,1,0.0,6,1,1,1,1,0,0,0,0,0,0,1,49431.0
8.0,10.0,8.0,5.0,6.0,0.0,10,0.0,9,1,1,1,1,0,0,0,0,1,1,1,176000.0
14.0,19.0,19.0,3.0,2.0,0.0,7,10.0,5,0,1,1,1,0,0,0,0,0,0,1,107406.0
10.0,15.0,10.0,6.0,9.0,0.0,6,10.0,1,0,0,0,0,0,0,0,0,0,0,0,59391.0
8.0,10.0,10.0,6.0,6.0,1.0,5,0.0,3,0,0,0,1,0,1,0,0,0,0,1,82703.0
6.0,14.0,10.0,5.0,2.0,1.0,1,0.0,5,1,1,0,1,0,1,0,0,0,0,1,43616.0
4.0,7.0,7.0,4.0,4.0,1.0,3,0.0,6,0,1,1,1,0,1,0,0,0,1,1,44037.0
6.0,10.0,6.0,6.0,5.0,1.0,7,9.0,3,1,0,0,0,0,0,1,0,0,0,1,51018.0
12.0,14.0,15.0,5.0,3.0,0.0,6,0.0,7,0,1,0,1,1,0,0,1,0,0,1,24918.0
2.0,3.0,10.0,5.0,7.0,2.0,6,10.0,1,1,0,0,0,0,0,0,0,0,0,1,24780.0
9.0,20.0,9.0,6.0,6.0,0.0,3,0.0,4,0,0,1,1,0,0,0,0,0,0,1,85925.0
18.0,18.0,10.0,6.0,4.0,0.0,6,10.0,7,1,1,1,1,0,0,0,1,0,0,1,61145.0
10.0,11.0,10.0,5.0,3.0,1.0,10,7.0,2,0,0,0,0,0,0,0,0,0,0,1,114000.0
35.0,43.0,10.0,3.0,5.0,0.0,10,8.0,5,0,1,0,1,1,0,0,0,0,0,1,105040.0
18.0,23.0,10.0,6.0,9.0,2.0,10,6.0,5,1,1,0,0,1,1,0,0,0,0,1,190000.0
24.0,32.0,10.0,5.0,1.0,1.0,2,0.0,9,0,1,1,1,0,0,1,1,0,1,0,80555.0
12.0,15.0,10.0,6.0,4.0,1.0,3,7.0,3,0,0,0,1,1,0,0,0,0,0,1,77332.0
10.0,13.0,2.0,5.0,4.0,2.0,3,10.0,3,1,0,0,0,0,0,1,0,0,1,0,10741.0
17.0,26.0,12.0,7.0,5.0,2.0,6,10.0,2,1,0,0,0,0,1,0,0,0,0,1,16183.0
5.0,6.0,9.0,5.0,5.0,1.0,6,5.0,1,0,0,0,0,0,1,0,0,0,0,1,41828.0
3.0,5.0,10.0,6.0,7.0,0.0,8,10.0,1,0,0,0,1,0,0,0,0,0,0,1,37026.0
8.0,10.0,8.0,5.0,2.0,1.0,10,1.0,2,0,0,0,0,0,0,0,0,1,0,1,160000.0
4.0,6.0,12.0,5.0,5.0,1.0,6,5.0,2,1,0,0,0,0,0,0,0,1,0,1,64341.0
16.0,25.0,16.0,6.0,4.0,0.0,2,0.0,11,1,1,1,1,1,0,0,1,0,0,1,64444.0
2.0,2.0,10.0,5.0,7.0,2.0,0,6.0,4,0,0,0,1,0,1,0,0,0,0,1,37297.0
0.0,3.0,0.0,5.0,4.0,0.0,10,9.0,8,1,1,0,0,0,1,1,0,0,0,1,58000.0
9.0,14.0,9.0,5.0,8.0,1.0,10,0.0,6,0,1,1,1,0,1,0,0,0,0,1,138000.0
3.0,9.0,3.0,6.0,2.0,1.0,6,1.0,5,1,0,0,1,0,1,0,0,0,1,1,32222.0
45.0,51.0,50.0,5.0,5.0,0.0,10,10.0,6,1,0,0,0,0,1,0,0,0,0,1,150000.0
22.0,26.0,10.0,5.0,8.0,0.0,10,8.0,8,1,1,0,1,0,1,0,1,0,0,1,120000.0
10.0,18.0,13.0,6.0,9.0,1.0,6,1.0,4,0,1,1,1,0,1,0,0,0,0,1,70656.0
4.0,10.0,10.0,6.0,5.0,2.0,2,0.0,5,1,1,0,1,0,0,0,1,0,0,1,34800.0
33.0,42.0,10.0,7.0,8.0,2.0,3,10.0,4,1,0,0,1,0,0,0,0,0,0,1,80555.0
9.0,10.0,15.0,5.0,5.0,0.0,10,0.0,4,1,1,1,0,0,0,0,0,0,0,1,190000.0
9.0,12.0,9.0,5.0,2.0,0.0,6,0.0,5,1,1,1,1,0,0,0,0,0,0,1,150369.0
11.0,38.0,10.0,1.0,1.0,0.0,9,8.0,8,0,1,0,1,0,0,0,1,0,0,0,76433.0
9.0,10.0,9.0,3.0,5.0,0.0,6,1.0,6,0,1,1,1,1,0,0,0,0,0,0,80426.0
3.0,4.0,10.0,3.0,3.0,2.0,6,0.0,3,1,1,0,0,0,0,0,0,0,0,1,22555.0
3.0,5.0,10.0,5.0,9.0,1.0,9,10.0,2,1,0,0,1,0,0,0,0,0,0,1,59872.0
2.0,3.0,10.0,5.0,3.0,2.0,2,0.0,5,1,1,1,0,0,0,1,0,0,0,1,42962.0
4.0,8.0,10.0,5.0,4.0,0.0,10,10.0,9,1,1,1,0,1,0,1,0,1,1,1,240000.0
2.0,5.0,10.0,5.0,8.0,1.0,6,10.0,9,1,1,1,1,1,1,0,0,0,0,0,38666.0
7.0,11.0,7.0,6.0,8.0,0.0,4,10.0,4,1,1,1,0,0,0,0,0,0,0,1,29909.0
0.0,10.0,0.0,2.0,9.0,1.0,6,9.0,16,1,1,1,0,1,0,1,0,1,1,0,38996.0
2.0,11.0,10.0,7.0,4.0,2.0,10,10.0,4,1,0,0,0,0,0,1,0,0,0,1,130000.0
9.0,15.0,10.0,5.0,4.0,0.0,6,6.0,3,1,0,0,1,0,0,0,0,0,0,1,70738.0
7.0,10.0,7.0,5.0,6.0,0.0,1,0.0,4,0,0,1,1,0,1,0,0,0,0,1,58154.0
5.0,12.0,10.0,6.0,3.0,1.0,2,4.0,5,1,1,1,1,0,0,0,0,1,0,1,83809.0
13.0,16.0,16.0,2.0,5.0,1.0,3,0.0,3,0,1,0,0,0,1,0,0,0,0,1,63047.0
11.0,15.0,11.0,5.0,7.0,0.0,6,2.0,4,0,1,1,0,0,0,0,1,0,0,1,135517.0
13.0,15.0,15.0,6.0,8.0,2.0,10,10.0,3,1,0,0,0,0,0,1,0,0,0,1,150000.0
9.0,13.0,9.0,5.0,7.0,1.0,10,2.0,3,0,1,1,0,0,0,0,0,0,0,1,132000.0
6.0,10.0,5.0,5.0,4.0,1.0,8,1.0,10,0,1,1,1,1,0,0,0,0,0,1,44702.0
25.0,27.0,25.0,6.0,7.0,1.0,2,10.0,7,1,1,1,1,0,0,0,0,1,0,1,75184.0
9.0,11.0,9.0,3.0,7.0,1.0,6,1.0,7,0,1,0,1,1,1,0,0,0,0,0,65152.0
6.0,10.0,6.0,5.0,7.0,0.0,6,2.0,4,0,1,1,0,0,0,0,0,0,0,1,102036.0
15.0,20.0,15.0,7.0,8.0,1.0,3,9.0,2,0,1,1,0,0,0,0,0,0,0,1,107406.0
9.0,13.0,10.0,5.0,9.0,0.0,10,6.0,3,0,0,1,0,0,1,0,0,0,0,1,180000.0
5.0,6.0,6.0,6.0,9.0,1.0,3,0.0,5,1,1,0,0,0,1,0,0,0,0,1,75184.0
9.0,12.0,10.0,6.0,5.0,0.0,6,10.0,4,0,1,1,1,0,0,0,0,0,0,1,83000.0
3.0,7.0,3.0,5.0,5.0,2.0,6,0.0,5,1,1,1,0,1,0,0,0,0,0,1,49379.0
15.0,20.0,15.0,6.0,7.0,1.0,6,6.0,7,1,0,0,0,1,0,1,0,0,1,1,139271.0
2.0,4.0,10.0,3.0,7.0,2.0,6,10.0,12,1,1,1,1,1,1,1,0,0,1,1,43604.0
4.0,8.0,5.0,6.0,5.0,1.0,6,0.0,12,1,1,1,1,1,0,1,1,0,0,1,12510.0
20.0,35.0,20.0,7.0,7.0,2.0,10,10.0,4,1,0,0,0,0,0,0,0,0,1,1,112000.0
19.0,26.0,19.0,3.0,8.0,0.0,9,0.0,8,1,1,1,1,0,0,0,1,1,1,1,70063.0
24.0,34.0,25.0,5.0,9.0,0.0,10,4.0,3,0,1,0,1,0,0,0,0,0,0,1,150000.0
7.0,11.0,8.0,6.0,6.0,0.0,6,1.0,4,0,0,0,0,1,0,0,1,1,1,1,37120.0
4.0,8.0,4.0,5.0,5.0,0.0,10,0.0,0,0,0,0,0,0,0,0,0,0,0,1,124500.0
10.0,15.0,10.0,6.0,2.0,0.0,6,2.0,5,0,1,1,1,0,0,0,0,0,0,1,53703.0
17.0,21.0,10.0,5.0,5.0,1.0,3,6.0,3,1,0,0,0,0,0,0,0,0,1,1,128887.0
12.0,12.0,12.0,5.0,5.0,0.0,10,2.0,3,0,1,1,0,0,0,0,0,0,0,1,180000.0
6.0,15.0,10.0,5.0,6.0,1.0,10,0.0,5,1,1,1,1,0,0,0,0,0,0,1,230000.0
2.0,4.0,10.0,6.0,6.0,2.0,8,10.0,2,1,0,0,0,0,0,0,0,0,1,1,17279.0
15.0,17.0,17.0,5.0,7.0,1.0,6,1.0,3,1,0,0,0,0,1,0,0,0,0,1,129602.0
7.0,10.0,7.0,5.0,7.0,2.0,6,0.0,8,0,1,0,1,0,1,0,0,0,0,1,60165.0
26.0,40.0,36.0,5.0,4.0,0.0,10,0.0,4,0,1,0,1,0,1,0,0,0,0,1,138000.0
10.0,18.0,10.0,5.0,5.0,1.0,3,0.0,4,0,1,1,1,0,0,0,1,0,0,1,70029.0
20.0,30.0,20.0,6.0,4.0,1.0,6,0.0,6,1,1,1,0,0,0,0,0,0,0,1,91569.0
5.0,11.0,2.0,7.0,4.0,0.0,0,10.0,5,1,1,0,0,1,0,0,0,0,0,1,40001.0
4.0,4.0,4.0,5.0,3.0,0.0,4,0.0,4,1,1,1,0,0,0,0,0,0,0,1,23927.0
5.0,12.0,5.0,2.0,8.0,0.0,10,8.0,4,1,1,0,1,0,0,0,0,0,0,1,165000.0
14.0,27.0,15.0,6.0,7.0,2.0,2,1.0,5,1,1,1,1,1,0,0,0,0,0,1,42962.0
2.0,10.0,2.0,5.0,9.0,1.0,9,8.0,7,1,1,0,1,0,1,0,0,0,0,1,50955.0
4.0,7.0,10.0,5.0,4.0,1.0,6,0.0,4,0,0,0,1,0,1,0,0,0,0,1,84099.0
20.0,23.0,23.0,6.0,5.0,2.0,6,0.0,10,1,1,1,1,0,1,0,0,0,0,1,52022.0
3.0,9.0,10.0,5.0,9.0,2.0,10,1.0,17,1,1,1,0,1,1,1,1,1,0,1,100000.0
12.0,34.0,17.0,5.0,5.0,0.0,9,1.0,4,0,0,0,0,1,0,0,0,0,1,1,146496.0
0.0,10.0,1.0,5.0,5.0,2.0,10,10.0,5,1,0,0,0,0,0,0,0,0,1,1,60000.0
12.0,15.0,10.0,5.0,4.0,0.0,6,1.0,5,0,1,0,1,0,0,0,0,0,0,1,70000.0
5.0,3.0,3.0,2.0,7.0,2.0,6,8.0,7,0,1,1,0,0,1,0,0,0,1,0,16713.0
36.0,43.0,40.0,6.0,2.0,0.0,10,0.0,4,0,1,1,0,0,1,0,0,0,0,1,150000.0
3.0,7.0,3.0,4.0,5.0,2.0,10,0.0,14,1,1,1,1,1,1,0,1,0,0,1,60000.0
19.0,25.0,10.0,5.0,3.0,2.0,6,10.0,5,1,1,0,1,0,0,0,0,0,0,1,10243.0
5.0,9.0,5.0,5.0,9.0,2.0,10,0.0,2,0,0,0,0,0,1,0,0,0,0,1,131000.0
7.0,9.0,7.0,3.0,7.0,0.0,10,0.0,10,1,1,1,1,0,1,0,0,1,1,0,145000.0
12.0,15.0,15.0,5.0,4.0,1.0,10,0.0,7,0,1,1,1,1,1,0,1,0,0,1,85000.0
8.0,9.0,8.0,7.0,9.0,0.0,6,3.0,2,1,0,0,0,0,0,1,0,0,0,1,34958.0
4.0,9.0,10.0,6.0,3.0,2.0,6,8.0,5,1,0,0,0,0,0,1,0,0,1,1,54047.0
17.0,28.0,10.0,6.0,9.0,0.0,10,6.0,7,1,0,0,0,0,0,0,0,1,1,1,280000.0
32.0,38.0,10.0,6.0,4.0,1.0,6,8.0,2,0,0,0,1,0,0,0,0,0,0,1,167125.0
20.0,37.0,20.0,5.0,4.0,1.0,9,1.0,6,0,1,1,0,0,0,0,1,0,1,1,101910.0
7.0,8.0,18.0,5.0,4.0,0.0,6,0.0,7,0,1,1,1,0,1,0,0,1,0,1,80488.0
2.0,6.0,2.0,5.0,9.0,1.0,6,1.0,5,1,1,0,0,1,0,0,0,0,0,1,75184.0
2.0,10.0,3.0,5.0,4.0,1.0,9,7.0,4,0,0,0,0,0,0,0,0,0,0,1,47770.0
24.0,25.0,24.0,6.0,8.0,2.0,6,1.0,2,0,0,1,0,0,0,0,0,0,0,1,132223.0
12.0,2.0,12.0,3.0,4.0,0.0,6,0.0,5,0,1,1,1,1,0,0,0,1,0,1,27461.0
25.0,30.0,25.0,6.0,7.0,1.0,9,10.0,5,1,0,0,1,0,0,0,0,0,0,1,98089.0
3.0,8.0,10.0,5.0,4.0,2.0,6,0.0,7,1,1,1,1,1,0,0,0,0,0,1,37500.0
12.0,18.0,12.0,5.0,5.0,0.0,6,0.0,3,0,1,1,0,0,0,0,0,0,0,1,107937.0
26.0,28.0,46.0,3.0,9.0,0.0,10,4.0,8,1,1,0,1,1,0,0,0,0,0,1,92000.0
10.0,40.0,15.0,3.0,6.0,1.0,1,0.0,6,0,1,0,1,0,1,0,1,0,0,1,66877.0
20.0,25.0,28.0,4.0,7.0,0.0,5,2.0,3,0,1,1,0,0,0,0,0,0,0,0,214812.0
9.0,10.0,9.0,5.0,5.0,1.0,6,1.0,1,0,0,0,0,1,0,0,0,0,0,1,53703.0
1.0,8.0,1.0,5.0,7.0,1.0,6,8.0,11,1,1,1,1,1,1,0,0,0,1,1,16305.0
6.0,8.0,6.0,5.0,6.0,0.0,6,10.0,2,1,0,0,0,0,0,0,0,0,0,1,46185.0
10.0,14.0,10.0,6.0,5.0,1.0,6,7.0,4,0,0,0,0,0,0,1,0,0,0,1,57334.0
37.0,42.0,40.0,5.0,9.0,0.0,6,5.0,4,0,1,0,1,1,0,0,0,0,0,0,150000.0
4.0,12.0,10.0,3.0,3.0,2.0,5,1.0,5,0,1,1,0,0,0,0,1,0,0,1,32222.0
14.0,19.0,10.0,5.0,1.0,1.0,6,1.0,4,0,1,0,1,1,0,0,0,0,0,0,128887.0
16.0,19.0,10.0,5.0,7.0,0.0,6,0.0,5,1,1,1,0,0,1,0,0,0,0,1,122913.0
10.0,16.0,10.0,6.0,9.0,1.0,6,5.0,3,1,0,0,1,1,0,0,0,0,0,1,163783.0
6.0,20.0,10.0,7.0,5.0,0.0,2,10.0,9,1,1,1,0,1,0,1,0,0,1,1,161109.0
38.0,42.0,38.0,5.0,4.0,1.0,10,10.0,2,1,1,0,0,0,0,0,0,0,0,1,165000.0
10.0,20.0,10.0,5.0,9.0,1.0,6,0.0,5,0,0,1,0,0,1,0,0,0,0,1,110380.0
3.0,8.0,1.0,6.0,5.0,1.0,9,10.0,5,1,0,0,1,0,0,0,0,1,1,1,34395.0
4.0,8.0,10.0,6.0,2.0,1.0,6,0.0,9,0,1,1,1,0,1,1,0,0,1,1,96933.0
14.0,18.0,18.0,3.0,2.0,0.0,1,0.0,3,0,1,0,0,0,0,0,1,0,0,1,112674.0
6.0,9.0,6.0,5.0,7.0,1.0,7,1.0,4,1,0,0,1,1,0,0,0,1,0,1,69814.0
5.0,13.0,5.0,6.0,9.0,1.0,3,4.0,6,1,0,0,1,0,1,1,0,0,0,1,96666.0
6.0,6.0,17.0,3.0,9.0,1.0,9,0.0,4,0,1,1,1,0,0,0,0,0,0,1,305731.0
7.0,12.0,7.0,6.0,5.0,0.0,6,1.0,1,0,0,1,0,0,0,0,0,0,0,0,52122.0
6.0,20.0,6.0,5.0,7.0,0.0,6,1.0,9,0,0,1,1,1,1,1,0,0,1,1,95796.0
15.0,30.0,10.0,7.0,7.0,2.0,6,10.0,7,0,0,0,0,1,0,1,1,0,0,1,85925.0
6.0,15.0,6.0,6.0,4.0,0.0,6,1.0,4,1,0,1,0,0,0,0,0,0,1,0,85925.0
20.0,25.0,25.0,4.0,8.0,0.0,0,0.0,10,0,0,1,1,1,0,1,0,1,1,1,42333.0
8.0,18.0,8.0,6.0,8.0,1.0,3,0.0,11,1,1,1,1,1,0,0,0,1,0,1,75184.0
9.0,14.0,10.0,5.0,9.0,1.0,10,0.0,5,0,1,0,1,0,1,0,0,0,0,1,115500.0
1.0,5.0,1.0,5.0,3.0,1.0,6,10.0,6,1,1,1,0,0,0,0,0,1,0,1,100000.0
2.0,4.0,2.0,6.0,3.0,2.0,2,10.0,4,1,0,0,0,0,1,1,0,0,0,1,30933.0
35.0,40.0,41.0,3.0,5.0,0.0,10,1.0,5,0,0,0,1,0,1,0,0,0,0,1,150000.0
20.0,25.0,10.0,2.0,5.0,0.0,10,5.0,7,1,0,0,1,0,0,1,0,1,1,1,160000.0
10.0,15.0,10.0,6.0,7.0,1.0,6,10.0,7,1,1,1,1,1,0,0,0,0,0,1,64444.0
4.0,10.0,10.0,7.0,5.0,1.0,7,10.0,4,0,0,0,0,0,0,1,0,0,1,1,26852.0
7.0,13.0,7.0,5.0,4.0,2.0,10,0.0,7,0,1,1,1,1,0,0,0,0,0,1,120000.0
7.0,10.0,10.0,6.0,5.0,0.0,8,1.0,2,0,1,0,0,0,1,0,0,0,0,1,71090.0
6.0,14.0,7.0,6.0,4.0,1.0,6,1.0,3,0,0,0,1,0,1,0,0,0,0,1,50621.0
32.0,45.0,39.0,5.0,5.0,0.0,9,0.0,2,0,0,1,0,0,0,0,0,0,0,1,80254.0
10.0,20.0,10.0,3.0,4.0,0.0,10,0.0,6,0,1,0,1,0,0,0,1,0,0,1,106000.0
12.0,16.0,12.0,6.0,4.0,0.0,8,1.0,5,0,1,0,1,0,1,1,0,0,0,1,74052.0
6.0,6.0,6.0,6.0,5.0,1.0,2,1.0,2,0,1,0,0,0,0,0,0,0,1,1,53703.0
15.0,30.0,26.0,5.0,5.0,0.0,10,0.0,8,0,1,0,1,0,1,0,0,1,1,1,155000.0
24.0,26.0,24.0,3.0,5.0,0.0,10,2.0,10,0,1,1,1,0,1,0,0,0,0,1,175000.0
1.0,3.0,2.0,5.0,2.0,0.0,1,8.0,2,0,0,0,1,1,0,0,0,0,0,1,47250.0
12.0,16.0,10.0,3.0,4.0,0.0,6,1.0,6,0,1,1,0,0,0,0,0,1,1,1,157140.0
24.0,28.0,24.0,5.0,4.0,0.0,2,1.0,1,0,0,0,0,0,0,1,0,0,0,1,69814.0
20.0,24.0,22.0,4.0,4.0,1.0,1,6.0,2,0,1,1,0,0,0,0,0,0,0,1,87231.0
45.0,50.0,42.0,5.0,7.0,2.0,10,9.0,8,1,0,0,1,1,1,1,0,0,0,1,145000.0
8.0,9.0,15.0,6.0,4.0,0.0,10,2.0,3,0,1,1,0,0,0,0,0,0,1,1,175000.0
40.0,51.0,50.0,6.0,4.0,1.0,10,0.0,8,1,1,0,1,0,0,0,0,0,0,0,120000.0
12.0,16.0,14.0,3.0,4.0,2.0,6,0.0,3,1,1,0,0,0,0,0,0,0,0,1,45111.0
3.0,5.0,3.0,3.0,4.0,1.0,5,1.0,2,0,0,0,1,0,0,0,0,0,0,1,64444.0
3.0,12.0,10.0,5.0,9.0,1.0,9,1.0,5,0,0,0,1,1,0,0,0,1,0,1,73885.0
5.0,7.0,5.0,5.0,4.0,1.0,3,0.0,1,1,0,0,0,0,0,0,0,0,0,1,75184.0
4.0,10.0,10.0,6.0,6.0,1.0,10,5.0,5,1,0,0,0,0,0,0,0,1,1,1,121000.0
10.0,14.0,10.0,6.0,3.0,0.0,1,0.0,3,0,1,0,0,0,0,0,1,0,0,1,72693.0
3.0,8.0,3.0,6.0,4.0,1.0,2,1.0,12,1,1,1,1,0,0,1,0,1,1,1,43500.0
9.0,25.0,9.0,5.0,9.0,2.0,4,0.0,4,0,1,0,1,1,0,0,0,0,0,1,59817.0
23.0,23.0,23.0,7.0,6.0,1.0,6,10.0,5,1,0,0,0,0,0,1,0,0,0,1,107406.0
3.0,8.0,3.0,5.0,7.0,2.0,6,0.0,2,0,0,0,0,0,1,0,1,0,0,1,12000.0
8.0,12.0,8.0,2.0,7.0,0.0,6,1.0,2,0,0,0,1,0,1,0,0,0,0,1,52122.0
8.0,20.0,10.0,5.0,7.0,2.0,10,0.0,5,0,1,0,1,0,1,0,0,0,0,1,75000.0
12.0,20.0,12.0,5.0,4.0,1.0,10,10.0,6,1,1,0,1,0,1,1,0,0,0,1,135000.0
10.0,14.0,11.0,6.0,4.0,2.0,4,2.0,3,0,0,0,0,0,1,1,0,0,0,1,28712.0
11.0,23.0,11.0,5.0,4.0,0.0,6,0.0,7,0,1,1,1,0,0,0,0,1,0,1,146381.0
5.0,9.0,5.0,6.0,3.0,0.0,8,1.0,4,1,1,0,1,0,0,0,1,0,0,1,23000.0
17.0,21.0,17.0,5.0,5.0,0.0,10,1.0,2,0,1,0,0,0,0,0,0,1,0,1,218000.0
8.0,19.0,8.0,6.0,9.0,1.0,6,3.0,8,1,1,1,1,0,0,0,0,0,1,1,214812.0
4.0,15.0,4.0,6.0,5.0,1.0,6,5.0,7,1,0,0,1,1,0,0,0,0,1,1,61809.0
25.0,30.0,10.0,7.0,8.0,2.0,7,10.0,3,1,0,0,0,0,0,1,0,0,0,1,37592.0
15.0,15.0,15.0,5.0,2.0,2.0,10,0.0,3,0,1,1,0,0,0,0,0,0,0,1,140000.0
9.0,18.0,9.0,5.0,9.0,1.0,10,1.0,4,1,1,0,1,1,0,0,0,0,0,1,170000.0
1.0,7.0,10.0,5.0,4.0,1.0,9,0.0,6,1,1,0,0,1,0,0,1,0,0,1,44586.0
18.0,23.0,18.0,5.0,5.0,0.0,10,0.0,6,0,1,1,1,0,1,0,0,0,0,1,130000.0
8.0,10.0,8.0,6.0,6.0,0.0,8,3.0,2,1,0,0,1,0,0,0,0,0,0,1,80400.0
5.0,10.0,8.0,6.0,3.0,1.0,2,5.0,1,0,0,0,0,0,0,0,0,0,0,1,48333.0
0.0,4.0,1.0,6.0,5.0,1.0,3,1.0,7,1,1,0,0,1,1,0,0,1,0,1,63370.0
6.0,12.0,10.0,6.0,5.0,2.0,6,9.0,3,1,0,0,0,0,0,1,0,0,0,1,51865.0
10.0,15.0,10.0,2.0,4.0,1.0,6,0.0,8,0,1,1,1,0,1,0,0,0,0,1,60781.0
25.0,30.0,10.0,6.0,1.0,2.0,6,0.0,6,0,1,1,1,1,1,0,0,0,0,0,128887.0
32.0,35.0,32.0,6.0,6.0,1.0,10,0.0,9,1,0,1,1,0,0,0,0,0,0,1,165000.0
20.0,30.0,10.0,5.0,1.0,0.0,6,0.0,4,1,1,0,1,0,0,0,0,0,0,0,58286.0
6.0,10.0,6.0,6.0,8.0,1.0,6,1.0,4,0,0,0,0,1,0,0,0,0,0,1,49493.0
24.0,25.0,20.0,3.0,4.0,0.0,0,0.0,3,0,1,0,1,0,0,0,1,0,0,1,48000.0
5.0,10.0,5.0,5.0,8.0,1.0,1,0.0,5,1,1,1,0,1,0,0,0,0,0,1,69058.0
6.0,10.0,10.0,5.0,7.0,0.0,6,1.0,1,1,0,0,0,0,0,0,0,0,0,1,47059.0
20.0,26.0,10.0,5.0,4.0,0.0,10,6.0,7,0,1,1,1,0,1,0,0,0,0,1,225000.0
2.0,5.0,2.0,5.0,6.0,1.0,6,1.0,4,0,0,0,1,1,0,0,1,0,0,1,30074.0
17.0,27.0,17.0,6.0,4.0,0.0,2,1.0,6,1,1,0,1,0,0,0,0,1,0,1,66377.0
26.0,20.0,20.0,5.0,4.0,0.0,10,8.0,7,1,1,1,1,0,1,0,0,0,0,1,120000.0
38.0,40.0,10.0,6.0,4.0,0.0,10,10.0,2,1,0,0,0,0,0,0,0,0,0,1,200000.0
10.0,10.0,14.0,3.0,3.0,0.0,9,0.0,5,0,1,1,1,0,1,0,0,0,0,1,61146.0
10.0,12.0,10.0,6.0,5.0,2.0,6,7.0,2,0,0,0,0,1,0,0,0,0,0,1,16632.0
6.0,10.0,30.0,5.0,7.0,0.0,10,7.0,7,1,0,0,0,0,0,0,0,1,0,1,225000.0
5.0,11.0,10.0,7.0,7.0,1.0,6,10.0,1,0,0,0,0,0,0,0,0,0,0,1,95819.0
8.0,10.0,10.0,3.0,9.0,1.0,10,0.0,5,1,1,1,0,1,0,0,0,0,0,1,175000.0
21.0,30.0,21.0,5.0,6.0,1.0,9,6.0,4,0,1,1,0,0,0,0,0,0,0,1,318470.0
3.0,15.0,15.0,7.0,5.0,1.0,6,10.0,5,1,1,0,0,0,1,0,0,0,0,1,35444.0
3.0,7.0,10.0,5.0,6.0,0.0,6,1.0,10,1,1,1,1,1,0,0,0,0,0,1,36681.0
6.0,8.0,10.0,4.0,7.0,0.0,3,2.0,1,0,0,1,0,0,0,0,0,0,0,1,79481.0
3.0,15.0,22.0,3.0,9.0,0.0,10,0.0,8,0,1,1,1,0,0,0,0,0,0,1,140000.0
20.0,20.0,20.0,3.0,7.0,0.0,10,6.0,6,0,1,1,1,0,0,0,1,0,0,1,225000.0
20.0,25.0,25.0,2.0,4.0,0.0,6,5.0,4,0,1,0,1,0,1,0,1,0,0,1,69814.0
20.0,42.0,20.0,7.0,4.0,0.0,6,0.0,4,1,1,0,1,0,0,0,0,0,0,1,175667.0
5.0,10.0,6.0,2.0,4.0,1.0,6,0.0,6,1,1,0,1,1,0,0,0,0,0,1,30074.0
12.0,18.0,13.0,5.0,5.0,0.0,10,1.0,6,0,1,1,1,1,0,0,0,1,0,1,300000.0
7.0,12.0,10.0,4.0,2.0,2.0,3,7.0,6,1,0,0,1,1,0,0,1,0,0,1,40600.0
18.0,26.0,22.0,5.0,2.0,0.0,10,1.0,6,1,0,1,1,0,1,0,0,0,0,1,200000.0
15.0,21.0,13.0,7.0,5.0,2.0,3,1.0,4,1,1,0,0,1,0,0,0,0,0,1,76258.0
7.0,7.0,10.0,5.0,3.0,1.0,6,0.0,5,1,1,0,1,0,0,0,0,0,0,1,87429.0
0.0,8.0,1.0,5.0,9.0,1.0,10,1.0,5,0,1,0,0,0,0,1,0,0,1,1,87000.0
4.0,9.0,10.0,6.0,8.0,2.0,10,1.0,4,1,0,0,0,0,0,0,0,1,0,1,220000.0
15.0,22.0,10.0,3.0,1.0,0.0,6,0.0,12,1,1,1,1,0,0,0,1,1,0,0,107406.0
3.0,8.0,2.0,5.0,3.0,0.0,6,0.0,5,0,1,1,1,0,0,0,0,1,0,1,18000.0
29.0,29.0,10.0,5.0,1.0,0.0,6,0.0,5,0,1,1,0,0,1,0,0,0,0,0,172802.0
28.0,42.0,30.0,6.0,7.0,0.0,7,10.0,5,1,0,0,0,0,0,0,0,0,1,1,171850.0
7.0,15.0,7.0,6.0,2.0,2.0,6,1.0,7,1,1,1,1,0,1,0,1,0,0,0,85925.0
4.0,10.0,10.0,5.0,7.0,1.0,3,1.0,7,1,0,1,1,1,1,0,0,0,0,1,53703.0
30.0,33.0,30.0,6.0,2.0,0.0,6,0.0,2,0,0,1,0,0,0,0,1,0,0,0,33033.0
10.0,14.0,10.0,6.0,6.0,1.0,9,2.0,5,0,1,1,1,0,1,0,0,0,0,1,127388.0
7.0,9.0,8.0,6.0,2.0,1.0,6,9.0,4,1,0,0,0,1,0,0,0,0,0,1,60147.0
22.0,22.0,23.0,3.0,6.0,0.0,0,0.0,7,0,1,1,1,0,1,0,0,0,0,1,167838.0
7.0,11.0,10.0,6.0,4.0,0.0,1,10.0,5,0,1,0,0,0,1,1,0,0,1,1,500000.0
1.0,3.0,10.0,3.0,1.0,0.0,2,0.0,4,0,1,1,0,0,0,0,1,0,0,0,37592.0
35.0,40.0,10.0,6.0,5.0,1.0,3,10.0,4,1,0,0,0,0,0,1,0,0,0,1,118147.0
38.0,44.0,10.0,5.0,2.0,1.0,6,0.0,4,0,1,1,1,1,0,0,0,0,0,0,200550.0
4.0,8.0,3.0,5.0,4.0,1.0,5,9.0,2,0,0,0,0,0,0,1,0,0,0,1,49192.0
20.0,25.0,25.0,3.0,5.0,0.0,6,0.0,13,1,1,1,1,1,1,0,1,0,0,1,40000.0
2.0,7.0,2.0,5.0,4.0,0.0,8,2.0,4,1,1,1,0,0,0,0,0,0,0,1,15750.0
10.0,12.0,10.0,2.0,9.0,0.0,3,0.0,2,0,1,0,0,1,0,0,0,0,0,1,91295.0
3.0,6.0,3.0,5.0,9.0,1.0,6,8.0,2,0,1,0,0,0,0,0,0,0,0,1,26841.0
16.0,24.0,16.0,6.0,4.0,1.0,3,0.0,4,1,1,0,1,0,0,0,0,0,0,1,96666.0
45.0,45.0,45.0,2.0,9.0,1.0,9,10.0,6,1,0,0,1,1,1,1,0,0,0,1,152865.0
2.0,6.0,10.0,5.0,4.0,2.0,6,0.0,8,1,1,1,1,0,1,1,0,0,0,0,34560.0
18.0,24.0,20.0,5.0,4.0,1.0,6,0.0,5,0,1,0,1,0,1,0,0,0,0,0,83563.0
16.0,22.0,15.0,6.0,2.0,2.0,3,8.0,3,0,0,0,0,0,0,1,0,0,0,1,48977.0
7.0,12.0,7.0,5.0,5.0,1.0,6,0.0,5,0,1,1,1,0,1,0,0,0,0,1,48333.0
9.0,13.0,9.0,6.0,5.0,2.0,4,0.0,4,0,1,0,1,0,1,0,0,0,0,1,23927.0
10.0,12.0,10.0,5.0,5.0,0.0,10,2.0,3,0,1,1,0,0,0,0,0,0,0,1,145000.0
4.0,7.0,3.0,5.0,4.0,1.0,6,4.0,5,1,0,0,1,0,0,0,0,0,0,1,11204.0
13.0,18.0,10.0,6.0,6.0,0.0,6,6.0,3,0,1,0,0,1,0,0,0,0,0,1,80000.0
11.0,19.0,11.0,4.0,5.0,1.0,10,10.0,9,0,1,1,1,0,1,0,0,1,0,1,280000.0
18.0,23.0,10.0,3.0,5.0,1.0,9,0.0,4,0,1,0,1,0,1,0,0,0,0,1,71337.0
15.0,15.0,10.0,6.0,1.0,0.0,6,7.0,5,0,1,0,1,0,1,0,0,0,0,0,54158.0
6.0,17.0,6.0,5.0,9.0,0.0,10,10.0,5,1,1,0,1,0,0,0,0,0,1,1,115000.0
2.0,6.0,10.0,3.0,4.0,2.0,0,10.0,3,1,0,0,1,0,0,0,0,0,0,1,11189.0
41.0,50.0,46.0,5.0,9.0,1.0,9,10.0,3,1,0,0,0,0,0,0,0,0,0,1,92993.0
17.0,26.0,17.0,6.0,5.0,2.0,6,10.0,3,0,0,0,0,1,1,0,0,0,0,1,135715.0
25.0,34.0,10.0,6.0,9.0,0.0,2,8.0,3,0,0,0,1,0,0,0,0,0,0,1,80555.0
13.0,16.0,10.0,6.0,7.0,1.0,6,10.0,6,1,1,1,0,0,0,0,0,1,1,1,330330.0
1.0,4.0,10.0,5.0,6.0,1.0,10,10.0,18,1,1,1,1,1,1,1,0,1,1,1,220000.0
11.0,26.0,15.0,2.0,2.0,0.0,10,0.0,6,0,1,1,0,0,0,0,0,1,1,0,175000.0
18.0,20.0,20.0,5.0,3.0,2.0,6,6.0,6,0,1,1,0,0,0,0,0,1,0,1,139239.0
12.0,15.0,12.0,3.0,3.0,0.0,5,0.0,10,1,1,1,1,0,1,0,1,1,0,1,80735.0
3.0,6.0,10.0,6.0,9.0,1.0,10,4.0,3,1,0,0,1,0,0,0,0,0,0,1,110000.0
6.0,10.0,7.0,6.0,7.0,0.0,6,1.0,4,0,0,0,1,0,1,0,0,0,0,0,150369.0
13.0,16.0,13.0,6.0,7.0,1.0,2,6.0,5,0,1,0,1,1,0,0,0,0,0,1,76258.0
19.0,30.0,19.0,6.0,3.0,0.0,8,1.0,3,0,0,0,0,0,0,1,0,0,0,1,52800.0
14.0,21.0,14.0,5.0,5.0,1.0,7,1.0,2,1,0,0,0,0,0,0,0,0,1,1,96666.0
5.0,16.0,10.0,5.0,5.0,1.0,6,0.0,6,0,1,0,1,0,1,0,0,0,0,0,49407.0
20.0,21.0,21.0,6.0,7.0,0.0,8,2.0,3,0,1,1,0,0,0,0,0,0,0,1,60000.0
9.0,12.0,9.0,6.0,4.0,1.0,4,0.0,3,0,1,0,0,0,0,0,1,0,0,1,11963.0
13.0,16.0,15.0,5.0,2.0,0.0,6,0.0,1,0,0,0,0,0,0,0,0,0,1,1,128887.0
10.0,15.0,13.0,6.0,2.0,0.0,1,0.0,5,0,1,1,1,0,0,0,0,0,0,1,87231.0
8.0,12.0,8.0,5.0,2.0,1.0,6,1.0,5,0,1,0,1,0,0,0,0,0,0,1,92185.0
17.0,21.0,18.0,5.0,5.0,2.0,6,0.0,5,0,1,0,1,0,0,0,1,0,0,1,79421.0
26.0,35.0,27.0,6.0,5.0,2.0,10,5.0,8,1,1,0,1,0,0,1,0,0,0,1,160000.0
16.0,20.0,10.0,6.0,9.0,0.0,6,10.0,4,1,0,0,1,0,0,0,0,0,0,1,54351.0
10.0,12.0,10.0,5.0,4.0,0.0,7,8.0,2,0,0,0,0,0,0,0,0,0,0,1,110000.0
7.0,11.0,11.0,6.0,2.0,0.0,6,10.0,3,1,0,0,0,0,0,1,0,1,0,0,26726.0
6.0,9.0,7.0,6.0,9.0,1.0,4,10.0,10,1,1,0,1,1,0,0,0,0,0,1,66995.0
12.0,25.0,12.0,3.0,5.0,2.0,6,7.0,5,0,0,0,0,1,0,1,0,0,0,1,61046.0
6.0,18.0,6.0,6.0,5.0,1.0,6,10.0,8,1,1,1,0,0,0,1,0,1,1,0,133700.0
7.0,15.0,7.0,3.0,4.0,1.0,10,2.0,5,0,1,1,0,0,0,0,0,0,0,1,103000.0
3.0,4.0,10.0,5.0,4.0,0.0,8,3.0,1,1,0,0,0,0,0,0,0,0,0,1,14810.0
9.0,13.0,9.0,5.0,5.0,0.0,6,1.0,2,0,0,0,0,1,0,0,0,0,0,1,125525.0
3.0,4.0,3.0,5.0,4.0,1.0,10,0.0,6,0,1,1,0,1,0,0,1,0,0,1,85000.0
5.0,10.0,10.0,6.0,3.0,2.0,6,10.0,5,1,1,0,0,0,0,1,0,0,0,0,21481.0
8.0,10.0,8.0,4.0,4.0,1.0,2,0.0,4,1,1,0,1,0,0,0,0,0,0,1,60147.0
43.0,45.0,10.0,5.0,4.0,0.0,10,0.0,5,0,1,1,1,0,0,0,1,0,0,1,98000.0
14.0,20.0,10.0,7.0,8.0,1.0,6,10.0,4,1,0,0,0,1,0,0,0,0,1,1,55323.0
5.0,10.0,10.0,5.0,4.0,2.0,10,5.0,6,1,1,1,0,1,1,0,0,0,0,1,70000.0
7.0,11.0,10.0,6.0,9.0,0.0,8,0.0,4,0,0,1,1,0,1,0,1,0,0,1,36000.0
5.0,11.0,5.0,5.0,7.0,0.0,9,2.0,7,0,1,1,1,1,0,0,0,0,0,1,104458.0
11.0,19.0,12.0,2.0,5.0,2.0,3,10.0,6,1,1,0,1,0,0,0,1,0,0,1,71962.0
10.0,15.0,10.0,6.0,6.0,1.0,6,0.0,1,0,0,0,0,0,1,0,0,0,0,1,102950.0
5.0,12.0,5.0,6.0,9.0,1.0,6,10.0,4,1,0,0,0,0,0,1,0,0,0,1,34370.0
11.0,18.0,14.0,6.0,4.0,1.0,6,1.0,6,0,1,1,1,0,1,0,0,0,0,1,93591.0
20.0,26.0,20.0,5.0,4.0,1.0,9,1.0,6,1,0,0,1,1,0,0,0,1,0,0,127388.0
5.0,10.0,10.0,6.0,7.0,1.0,2,1.0,6,0,0,0,1,1,0,0,0,0,0,1,53703.0
4.0,9.0,4.0,3.0,4.0,2.0,6,0.0,7,1,1,1,1,1,1,0,0,0,0,0,33296.0
9.0,17.0,6.0,6.0,5.0,1.0,0,10.0,2,1,0,0,0,0,0,0,0,0,0,1,44757.0
16.0,20.0,16.0,5.0,3.0,0.0,10,0.0,8,1,1,0,1,0,0,0,0,0,0,1,111000.0
6.0,8.0,10.0,6.0,5.0,2.0,2,0.0,6,1,1,1,1,1,0,0,0,0,0,1,59073.0
9.0,12.0,9.0,7.0,5.0,1.0,6,3.0,1,1,0,0,0,0,0,0,0,0,0,1,115778.0
20.0,35.0,25.0,5.0,4.0,1.0,5,10.0,3,0,1,1,0,0,0,0,0,0,0,1,77332.0
15.0,22.0,10.0,5.0,3.0,0.0,3,1.0,6,0,1,0,0,0,0,0,0,0,0,1,92369.0
6.0,7.0,6.0,4.0,4.0,2.0,6,0.0,3,0,1,1,0,0,0,0,1,0,0,1,42473.0
18.0,34.0,18.0,7.0,8.0,1.0,6,10.0,5,1,0,0,1,0,0,1,0,0,0,1,46910.0
3.0,10.0,10.0,5.0,7.0,2.0,6,0.0,9,1,1,0,1,0,0,0,1,0,0,1,147831.0
7.0,9.0,7.0,5.0,9.0,0.0,6,0.0,3,1,0,0,0,0,0,0,0,0,0,1,145345.0
3.0,4.0,10.0,5.0,1.0,0.0,6,10.0,8,1,1,1,1,0,1,0,0,1,0,0,30884.0
5.0,5.0,5.0,2.0,4.0,0.0,1,6.0,6,1,1,0,1,0,0,0,0,0,0,1,94501.0
6.0,6.0,10.0,3.0,4.0,1.0,6,4.0,2,1,0,0,1,0,0,0,0,0,0,1,49493.0
5.0,17.0,14.0,5.0,5.0,2.0,10,0.0,5,0,1,0,1,0,1,0,0,0,0,1,69423.0
6.0,10.0,10.0,6.0,4.0,1.0,3,10.0,3,1,0,0,0,0,0,0,0,0,0,1,53703.0
30.0,35.0,10.0,6.0,1.0,0.0,1,10.0,7,1,1,1,0,0,0,0,1,1,0,0,145386.0
5.0,9.0,9.0,3.0,4.0,2.0,6,10.0,5,1,1,0,1,0,0,0,0,0,0,1,23704.0
10.0,15.0,11.0,6.0,8.0,1.0,1,1.0,5,0,1,1,1,1,0,0,0,0,0,1,130847.0
4.0,8.0,10.0,5.0,9.0,2.0,10,5.0,4,1,0,0,1,0,0,0,0,1,0,1,112000.0
34.0,40.0,10.0,6.0,2.0,1.0,6,0.0,1,0,0,0,0,0,1,0,0,0,0,1,59073.0
14.0,14.0,25.0,6.0,5.0,1.0,6,9.0,6,0,1,1,1,0,1,1,0,0,0,1,75184.0
3.0,10.0,15.0,5.0,6.0,2.0,10,0.0,6,0,1,0,1,0,1,0,0,0,0,1,80000.0
2.0,8.0,2.0,6.0,4.0,2.0,6,10.0,4,1,1,0,0,0,0,0,0,0,0,1,51555.0
30.0,37.0,10.0,7.0,1.0,0.0,2,1.0,6,1,1,1,1,1,0,0,0,0,0,0,59073.0
23.0,20.0,10.0,2.0,5.0,1.0,6,0.0,6,0,1,0,1,0,1,0,1,0,0,1,26852.0
11.0,14.0,11.0,2.0,2.0,0.0,6,0.0,1,1,0,0,0,0,0,0,0,0,0,1,56156.0
6.0,8.0,6.0,5.0,6.0,0.0,8,1.0,5,1,0,0,0,0,0,0,1,1,0,1,23697.0
10.0,15.0,11.0,6.0,4.0,0.0,6,0.0,3,1,1,0,0,0,1,0,0,0,0,1,104244.0
14.0,19.0,10.0,5.0,1.0,0.0,3,1.0,6,0,1,1,1,0,0,0,0,1,0,0,64444.0
8.0,10.0,10.0,5.0,7.0,1.0,3,0.0,4,0,1,0,1,0,0,0,1,0,0,1,64444.0
4.0,4.0,4.0,4.0,9.0,1.0,6,0.0,6,1,1,1,0,0,1,0,0,0,0,1,64444.0
20.0,25.0,26.0,5.0,4.0,2.0,10,0.0,5,0,1,0,1,0,1,0,0,0,0,1,175000.0
6.0,7.0,6.0,5.0,8.0,0.0,6,4.0,4,0,0,0,1,1,0,0,0,0,0,1,79836.0
8.0,12.0,10.0,6.0,5.0,2.0,1,1.0,2,1,0,0,0,1,0,0,0,0,0,1,112674.0
1.0,9.0,1.0,6.0,5.0,1.0,6,1.0,2,0,0,0,0,1,0,1,0,0,0,1,44258.0
11.0,11.0,10.0,5.0,4.0,2.0,6,2.0,4,0,1,1,0,0,0,0,0,0,0,1,134921.0
8.0,12.0,10.0,6.0,8.0,1.0,8,10.0,5,0,1,1,0,0,0,0,0,0,0,1,35545.0
5.0,10.0,5.0,6.0,6.0,1.0,9,0.0,5,0,1,1,1,1,0,0,0,0,0,1,140127.0
8.0,19.0,10.0,5.0,3.0,1.0,5,0.0,3,0,1,1,0,0,1,0,0,0,0,1,48333.0
3.0,10.0,10.0,3.0,2.0,1.0,10,0.0,8,1,0,0,1,0,0,0,1,1,0,1,20000.0
2.0,6.0,10.0,6.0,5.0,1.0,3,10.0,2,1,0,0,1,0,0,0,0,0,0,1,91295.0
3.0,7.0,10.0,5.0,4.0,0.0,6,3.0,6,1,0,0,1,1,0,0,0,1,0,1,24113.0
10.0,14.0,11.0,5.0,9.0,1.0,4,2.0,3,0,1,1,0,0,0,0,0,0,0,1,25434.0
4.0,7.0,10.0,5.0,5.0,1.0,10,0.0,5,0,0,1,1,0,1,0,0,0,0,1,75000.0
0.0,6.0,0.0,4.0,8.0,1.0,2,1.0,8,1,1,0,1,1,0,0,1,0,0,1,25777.0
12.0,15.0,12.0,5.0,5.0,1.0,6,1.0,5,0,1,0,1,0,1,0,0,0,0,1,40094.0
16.0,26.0,16.0,5.0,4.0,1.0,1,6.0,2,0,1,1,0,0,0,0,0,0,0,1,58154.0
28.0,34.0,28.0,1.0,3.0,0.0,6,10.0,5,1,1,0,1,0,0,0,0,0,0,1,91295.0
24.0,29.0,24.0,3.0,6.0,1.0,5,1.0,6,0,1,1,1,0,1,0,0,0,0,1,115999.0
22.0,26.0,22.0,3.0,6.0,0.0,6,1.0,1,0,0,0,0,1,0,0,0,0,0,1,46387.0
8.0,10.0,10.0,6.0,4.0,1.0,7,3.0,2,1,0,0,1,0,0,0,0,0,0,1,67666.0
7.0,8.0,7.0,3.0,3.0,2.0,5,0.0,8,1,1,1,1,0,0,0,1,1,0,1,64444.0
3.0,7.0,3.0,5.0,4.0,0.0,6,5.0,3,1,0,0,0,0,0,0,0,0,0,1,14150.0
17.0,21.0,10.0,6.0,4.0,1.0,9,6.0,7,0,0,1,1,0,1,0,0,0,0,1,108534.0
6.0,8.0,10.0,5.0,4.0,0.0,10,1.0,4,0,1,0,0,0,0,0,0,0,0,1,136000.0
5.0,5.0,5.0,5.0,6.0,1.0,9,0.0,3,0,1,1,0,0,0,0,0,0,0,1,98089.0
19.0,24.0,18.0,5.0,9.0,1.0,4,10.0,1,0,0,0,0,0,1,0,0,0,0,1,65799.0
2.0,5.0,2.0,5.0,4.0,1.0,4,1.0,1,0,0,0,0,0,0,0,0,0,0,1,13160.0
27.0,27.0,27.0,5.0,5.0,0.0,10,0.0,3,0,1,0,0,0,0,0,0,0,0,1,220000.0
24.0,30.0,10.0,2.0,5.0,0.0,6,0.0,4,0,0,1,1,0,1,0,0,0,0,1,53703.0
4.0,9.0,4.0,5.0,3.0,0.0,9,0.0,4,0,1,0,1,0,0,0,0,0,0,1,44586.0
5.0,12.0,10.0,5.0,5.0,1.0,10,1.0,8,1,1,1,1,0,1,0,0,0,1,1,112000.0
6.0,9.0,10.0,7.0,8.0,1.0,10,10.0,6,1,0,0,0,0,0,1,0,0,1,1,120000.0
8.0,11.0,14.0,5.0,7.0,1.0,6,0.0,4,0,1,0,1,0,1,0,0,0,0,1,41192.0
2.0,10.0,2.0,6.0,7.0,1.0,2,9.0,14,1,1,1,0,0,0,1,0,0,1,1,44037.0
10.0,17.0,10.0,5.0,7.0,0.0,6,0.0,7,1,1,1,0,0,0,0,1,0,0,1,11010.0
0.0,11.0,1.0,5.0,8.0,2.0,10,8.0,4,1,1,0,0,0,0,1,0,0,0,1,80000.0
8.0,10.0,10.0,2.0,1.0,0.0,6,0.0,4,0,1,1,1,0,0,0,0,0,0,0,80000.0
2.0,4.0,3.0,5.0,4.0,1.0,6,0.0,7,1,1,0,0,0,0,1,0,0,0,1,15722.0
2.0,4.0,4.0,3.0,9.0,0.0,6,2.0,4,0,1,1,0,0,0,0,0,0,1,1,44370.0
30.0,40.0,10.0,5.0,4.0,2.0,10,1.0,6,1,1,0,1,0,0,0,1,0,0,1,200000.0
16.0,18.0,16.0,5.0,7.0,0.0,6,10.0,5,1,0,0,1,1,0,0,0,0,0,1,80555.0
7.0,9.0,12.0,6.0,4.0,0.0,3,2.0,3,0,1,1,0,0,0,0,0,0,0,0,24703.0
10.0,13.0,10.0,5.0,6.0,2.0,4,8.0,4,0,1,1,0,0,0,0,0,0,0,1,12921.0
20.0,15.0,25.0,2.0,6.0,1.0,3,1.0,8,0,1,0,1,0,1,0,0,0,0,1,75184.0
11.0,30.0,25.0,6.0,4.0,0.0,10,0.0,5,1,1,1,1,0,1,0,0,0,0,1,85000.0
8.0,12.0,8.0,6.0,3.0,0.0,6,0.0,2,1,1,0,0,0,0,0,0,0,0,1,38742.0
1.0,5.0,5.0,3.0,3.0,1.0,10,0.0,6,1,1,0,1,0,1,0,0,0,0,1,53000.0
8.0,12.0,8.0,5.0,8.0,0.0,0,1.0,7,0,1,0,0,0,1,0,0,0,1,1,33568.0
3.0,12.0,3.0,5.0,2.0,0.0,10,0.0,3,0,1,0,0,0,0,0,0,0,0,1,92720.0
12.0,17.0,12.0,3.0,5.0,0.0,6,10.0,4,0,1,1,0,1,0,0,0,0,0,1,100000.0
8.0,13.0,8.0,3.0,7.0,0.0,10,0.0,4,0,1,1,0,0,0,0,0,0,0,1,215000.0
7.0,12.0,10.0,5.0,2.0,0.0,6,8.0,6,1,0,0,1,0,0,1,0,0,0,1,12188.0
10.0,20.0,10.0,5.0,5.0,0.0,10,0.0,6,0,1,1,1,1,0,0,0,1,0,1,177050.0
5.0,6.0,5.0,5.0,3.0,1.0,2,8.0,6,1,1,0,1,1,0,0,0,0,0,1,48333.0
0.0,15.0,1.0,5.0,7.0,2.0,3,9.0,9,1,1,0,0,1,1,1,0,0,1,1,55851.0
5.0,5.0,5.0,6.0,4.0,1.0,6,0.0,5,0,1,1,1,1,0,0,0,0,0,1,14356.0
7.0,10.0,10.0,5.0,5.0,1.0,9,1.0,2,1,0,0,0,0,0,0,0,0,0,1,89172.0
12.0,16.0,13.0,5.0,6.0,0.0,6,1.0,4,0,1,1,1,0,0,0,0,0,0,1,140000.0
0.0,10.0,1.0,6.0,7.0,2.0,4,0.0,5,1,1,1,0,0,0,1,0,0,0,1,15553.0
51.0,51.0,10.0,7.0,3.0,0.0,10,10.0,6,1,0,0,1,0,0,1,0,0,0,0,200000.0
25.0,30.0,10.0,2.0,1.0,0.0,10,0.0,8,1,1,1,1,0,0,0,1,0,1,0,193000.0
9.0,14.0,9.0,6.0,3.0,1.0,6,10.0,4,1,1,1,0,0,0,0,0,0,0,1,78966.0
2.0,15.0,3.0,3.0,5.0,0.0,6,7.0,3,0,1,0,1,0,1,0,0,0,0,1,26852.0
4.0,5.0,4.0,5.0,5.0,1.0,6,10.0,1,0,0,0,0,0,1,0,0,0,0,1,55645.0
10.0,20.0,10.0,7.0,9.0,2.0,3,10.0,6,0,0,0,0,0,0,1,0,0,0,1,171850.0
16.0,20.0,10.0,6.0,1.0,0.0,9,1.0,6,0,0,1,1,1,0,0,0,0,0,0,152865.0
13.0,25.0,13.0,7.0,4.0,1.0,6,0.0,5,0,1,1,0,0,1,0,0,0,0,1,43435.0
4.0,14.0,4.0,7.0,5.0,2.0,3,1.0,1,0,0,0,0,1,0,0,0,0,0,0,80555.0
40.0,51.0,10.0,5.0,1.0,1.0,2,1.0,4,0,0,0,1,0,0,0,0,0,0,0,96666.0
16.0,20.0,10.0,5.0,7.0,1.0,10,6.0,6,0,1,1,1,0,0,0,0,1,0,1,250000.0
10.0,25.0,10.0,2.0,8.0,1.0,3,10.0,5,1,1,0,0,0,0,0,0,0,1,1,139628.0
24.0,46.0,25.0,7.0,6.0,1.0,9,1.0,5,1,0,0,1,1,1,0,0,0,0,1,203821.0
0.0,4.0,10.0,3.0,9.0,2.0,9,0.0,2,1,1,0,0,0,0,0,0,0,0,1,30573.0
8.0,3.0,1.0,3.0,4.0,2.0,1,10.0,1,1,0,0,0,0,0,0,0,0,0,1,18900.0
3.0,5.0,10.0,5.0,7.0,0.0,8,5.0,3,1,0,0,0,0,0,0,0,0,0,1,42749.0
8.0,11.0,8.0,5.0,6.0,0.0,10,1.0,2,0,0,0,1,0,1,0,0,0,0,1,150000.0
8.0,8.0,10.0,7.0,6.0,0.0,6,0.0,14,0,1,1,0,1,1,1,0,1,0,1,25118.0
5.0,14.0,5.0,5.0,4.0,0.0,1,6.0,3,1,0,1,0,0,0,0,0,0,1,1,113401.0
13.0,15.0,13.0,5.0,5.0,0.0,6,2.0,5,0,1,1,1,0,1,0,0,0,0,1,34724.0
2.0,6.0,2.0,6.0,3.0,1.0,2,0.0,4,1,1,0,1,0,0,0,1,0,0,1,12889.0
12.0,30.0,12.0,5.0,6.0,1.0,5,1.0,6,0,1,1,1,1,0,0,0,0,0,1,96666.0
15.0,19.0,16.0,5.0,7.0,0.0,10,10.0,5,1,1,0,1,0,1,0,0,0,0,1,180000.0
18.0,20.0,20.0,6.0,6.0,1.0,6,1.0,3,0,1,0,1,0,0,0,1,0,0,1,75184.0
8.0,11.0,8.0,5.0,4.0,1.0,1,10.0,5,0,1,0,0,0,1,0,0,0,0,1,80835.0
8.0,12.0,10.0,5.0,7.0,1.0,5,1.0,2,0,0,0,0,1,0,0,0,0,0,1,84851.0
5.0,10.0,5.0,5.0,5.0,1.0,7,8.0,1,0,0,0,0,0,1,0,0,0,0,1,37592.0
28.0,35.0,30.0,4.0,7.0,1.0,6,0.0,6,0,1,1,1,0,1,0,0,0,0,1,150369.0
4.0,4.0,10.0,1.0,1.0,0.0,6,0.0,6,0,1,0,1,1,0,0,1,0,0,0,10000.0
14.0,14.0,14.0,6.0,7.0,1.0,6,1.0,5,0,1,0,1,0,0,0,0,0,0,1,68310.0
6.0,8.0,6.0,6.0,7.0,1.0,6,7.0,1,0,0,0,0,0,0,0,0,0,0,1,41888.0
6.0,6.0,6.0,5.0,4.0,0.0,6,8.0,6,1,1,0,0,1,0,0,0,0,0,1,81168.0
6.0,10.0,7.0,5.0,4.0,2.0,6,0.0,6,0,1,1,1,0,0,0,1,0,0,1,81679.0
9.0,13.0,9.0,7.0,7.0,1.0,3,1.0,5,1,1,0,0,0,1,1,0,0,0,1,70888.0
5.0,9.0,10.0,5.0,4.0,1.0,6,7.0,8,1,1,1,0,1,0,0,0,0,0,1,61457.0
6.0,20.0,8.0,7.0,9.0,1.0,6,1.0,7,1,0,0,1,1,0,0,0,0,0,1,85925.0
8.0,8.0,8.0,5.0,7.0,1.0,6,1.0,7,1,1,0,1,0,0,0,1,1,1,1,68193.0
4.0,8.0,1.0,3.0,5.0,1.0,3,8.0,1,0,0,0,0,0,1,0,0,0,0,1,45111.0
14.0,20.0,14.0,5.0,2.0,0.0,6,0.0,5,0,1,0,0,1,0,0,0,0,0,1,107617.0
12.0,17.0,15.0,5.0,7.0,2.0,5,10.0,3,1,0,0,0,1,0,0,0,0,0,1,134258.0
5.0,12.0,5.0,6.0,4.0,0.0,2,6.0,6,0,1,1,1,0,0,0,0,1,0,1,61222.0
7.0,8.0,8.0,6.0,5.0,0.0,8,1.0,6,1,0,0,1,1,0,0,0,0,0,1,60000.0
3.0,10.0,3.0,2.0,7.0,2.0,9,10.0,5,0,1,1,1,0,0,0,0,0,0,1,30573.0
22.0,26.0,10.0,6.0,9.0,1.0,9,1.0,2,0,0,0,1,0,0,0,0,0,0,1,178343.0
2.0,7.0,10.0,3.0,7.0,1.0,6,0.0,5,0,1,0,1,0,1,0,0,0,0,1,46185.0
20.0,28.0,20.0,3.0,1.0,0.0,3,10.0,6,1,1,1,0,0,0,0,0,1,1,1,171850.0
5.0,9.0,6.0,5.0,4.0,0.0,6,10.0,5,1,1,0,0,0,0,1,0,0,1,1,120000.0
11.0,14.0,10.0,5.0,9.0,1.0,5,1.0,2,1,0,0,0,1,0,0,0,0,0,1,91295.0
12.0,15.0,10.0,5.0,5.0,1.0,6,4.0,4,1,0,0,1,0,0,0,0,0,0,1,161905.0
8.0,11.0,7.0,5.0,4.0,0.0,10,0.0,4,0,1,1,0,0,0,0,0,0,0,1,206000.0
32.0,37.0,10.0,6.0,4.0,2.0,6,0.0,8,1,1,1,1,0,0,0,0,0,0,1,34370.0
1.0,12.0,10.0,5.0,1.0,2.0,9,10.0,7,1,0,0,1,1,1,1,0,0,0,0,56051.0
9.0,14.0,9.0,5.0,3.0,1.0,8,2.0,4,0,1,1,0,0,0,0,1,0,0,1,59241.0
3.0,10.0,10.0,5.0,1.0,0.0,6,0.0,6,1,1,1,1,0,0,0,0,0,0,0,25133.0
11.0,13.0,11.0,5.0,6.0,1.0,0,0.0,4,0,1,1,1,0,0,0,0,0,0,1,41960.0
4.0,8.0,10.0,2.0,4.0,2.0,3,0.0,9,1,1,1,1,1,0,0,1,0,0,1,46399.0
11.0,12.0,10.0,5.0,7.0,0.0,10,0.0,3,0,0,1,0,0,0,0,0,0,0,1,220000.0
12.0,16.0,10.0,7.0,6.0,0.0,6,10.0,6,1,1,1,1,0,0,0,0,0,0,1,73681.0
6.0,10.0,6.0,5.0,9.0,2.0,6,10.0,2,0,0,0,0,0,0,1,0,0,0,1,120000.0
4.0,5.0,10.0,5.0,4.0,0.0,8,1.0,1,1,0,0,0,0,0,0,0,0,0,1,26955.0
17.0,20.0,10.0,6.0,4.0,0.0,6,1.0,5,0,1,1,1,1,0,0,0,0,0,1,85925.0
3.0,8.0,3.0,6.0,4.0,2.0,10,10.0,6,1,1,0,1,0,0,0,0,0,0,1,92500.0
6.0,12.0,6.0,4.0,3.0,2.0,2,8.0,8,1,1,0,1,0,0,1,1,0,0,1,30074.0
20.0,30.0,20.0,6.0,7.0,1.0,3,10.0,7,1,1,1,0,0,1,1,0,1,0,1,128887.0
13.0,33.0,10.0,6.0,9.0,2.0,6,9.0,3,0,0,0,0,0,0,1,0,0,0,1,116768.0
4.0,6.0,10.0,5.0,9.0,1.0,6,2.0,3,0,1,1,0,0,0,0,0,0,0,1,31822.0
15.0,25.0,15.0,6.0,3.0,0.0,9,0.0,11,1,1,1,1,1,0,0,1,0,0,1,152865.0
6.0,15.0,6.0,3.0,4.0,0.0,3,1.0,4,0,0,1,0,0,0,0,0,1,1,0,48268.0
5.0,17.0,5.0,5.0,5.0,0.0,2,1.0,7,0,1,0,1,0,0,0,0,0,0,1,60147.0
9.0,9.0,10.0,5.0,7.0,0.0,10,0.0,5,0,1,1,1,0,0,0,0,0,0,1,425000.0
7.0,8.0,20.0,5.0,2.0,0.0,6,8.0,4,0,1,0,0,0,1,0,0,0,0,1,20443.0
4.0,8.0,9.0,6.0,2.0,2.0,6,0.0,9,1,1,1,1,0,1,0,1,0,0,1,59073.0
18.0,30.0,10.0,5.0,4.0,1.0,10,0.0,7,0,1,1,1,0,1,0,0,0,0,1,145000.0
10.0,15.0,10.0,6.0,4.0,1.0,5,1.0,3,0,1,0,0,1,0,0,0,0,0,1,77332.0
8.0,14.0,8.0,5.0,7.0,0.0,10,10.0,5,1,0,0,0,0,0,0,0,0,0,1,150000.0
7.0,12.0,12.0,6.0,2.0,0.0,6,10.0,3,0,1,0,0,0,0,0,1,0,0,0,40000.0
2.0,6.0,10.0,2.0,8.0,1.0,3,1.0,4,0,0,0,1,1,0,1,0,0,0,0,10741.0
2.0,9.0,2.0,7.0,4.0,1.0,10,10.0,4,1,1,1,0,0,0,0,0,0,0,1,190000.0
10.0,14.0,10.0,5.0,5.0,1.0,10,0.0,7,0,1,1,1,0,1,0,0,0,0,1,170000.0
10.0,16.0,10.0,5.0,9.0,1.0,6,3.0,2,0,0,0,1,0,0,0,0,0,0,1,60265.0
2.0,3.0,3.0,5.0,6.0,1.0,6,0.0,6,0,1,1,1,1,0,0,0,0,1,1,48256.0
6.0,8.0,8.0,5.0,5.0,0.0,6,1.0,1,0,0,0,0,0,0,0,0,0,0,1,120000.0
25.0,30.0,10.0,2.0,3.0,1.0,6,10.0,8,1,1,1,1,0,1,0,0,0,0,1,81077.0
8.0,10.0,10.0,6.0,4.0,1.0,8,1.0,4,0,1,0,1,0,0,0,1,0,0,1,31500.0
1.0,7.0,1.0,6.0,8.0,1.0,2,8.0,10,0,1,1,1,0,1,1,0,1,0,1,73573.0
10.0,21.0,10.0,5.0,7.0,2.0,10,0.0,5,0,1,1,1,0,0,0,0,0,0,1,170000.0
11.0,16.0,11.0,5.0,2.0,1.0,6,0.0,6,0,1,0,1,0,1,0,1,0,0,1,64659.0
3.0,4.0,10.0,5.0,2.0,1.0,0,0.0,6,0,1,0,1,0,1,0,0,0,0,1,13427.0
8.0,15.0,8.0,5.0,3.0,2.0,3,0.0,8,0,0,1,1,0,1,1,1,0,0,1,85925.0
4.0,8.0,10.0,5.0,1.0,1.0,6,10.0,11,1,0,0,1,0,0,1,0,0,0,0,11644.0
9.0,16.0,10.0,6.0,7.0,1.0,2,8.0,3,1,0,0,0,0,0,1,0,0,0,1,69814.0
3.0,9.0,3.0,3.0,3.0,2.0,6,5.0,8,0,1,1,1,0,0,0,0,0,1,1,86401.0
1.0,4.0,4.0,2.0,8.0,1.0,3,10.0,10,1,1,0,1,0,1,1,0,0,0,1,40814.0
16.0,24.0,16.0,5.0,4.0,2.0,6,1.0,5,1,1,1,0,0,0,1,0,1,0,0,140858.0
21.0,25.0,10.0,5.0,1.0,0.0,4,9.0,16,1,1,1,1,1,1,1,1,1,0,0,23927.0
7.0,10.0,7.0,5.0,7.0,1.0,6,2.0,3,0,1,1,0,0,0,0,0,0,0,1,35444.0
40.0,40.0,10.0,6.0,9.0,1.0,10,1.0,2,0,0,0,1,0,0,0,0,0,0,1,110000.0
14.0,16.0,10.0,5.0,1.0,0.0,2,0.0,7,0,1,1,1,0,0,0,1,1,0,0,53703.0
13.0,15.0,10.0,6.0,1.0,0.0,0,0.0,5,0,1,0,1,0,0,0,1,0,0,0,22378.0
0.0,9.0,10.0,6.0,3.0,0.0,3,9.0,2,1,0,0,0,0,0,0,0,0,0,1,53703.0
12.0,16.0,10.0,5.0,7.0,1.0,4,10.0,2,1,0,0,0,1,0,0,0,0,0,1,53836.0
7.0,14.0,10.0,5.0,3.0,0.0,6,1.0,7,0,1,1,0,0,0,1,0,0,0,1,21125.0
7.0,15.0,7.0,7.0,5.0,1.0,6,10.0,3,1,1,0,0,0,0,0,0,0,0,1,46878.0
7.0,8.0,8.0,3.0,6.0,1.0,5,10.0,4,0,1,0,0,1,0,0,0,1,0,1,112777.0
3.0,6.0,3.0,5.0,7.0,0.0,6,1.0,9,0,0,0,1,1,0,1,0,1,0,1,24731.0
3.0,7.0,10.0,2.0,4.0,0.0,6,10.0,14,1,1,1,1,1,1,0,1,1,0,1,69916.0
7.0,10.0,7.0,3.0,4.0,0.0,0,2.0,2,0,1,1,0,0,0,0,0,0,0,1,17903.0
3.0,4.0,3.0,3.0,5.0,2.0,8,1.0,5,1,1,0,1,0,0,0,1,0,0,1,14400.0
10.0,15.0,12.0,5.0,7.0,0.0,6,0.0,4,0,1,1,0,1,1,0,0,0,0,1,39609.0
4.0,20.0,11.0,5.0,5.0,2.0,6,0.0,11,1,1,1,1,0,0,0,0,0,1,1,18548.0
17.0,19.0,17.0,6.0,9.0,1.0,6,0.0,4,0,0,1,1,1,0,0,0,0,0,1,85925.0
2.0,8.0,10.0,5.0,4.0,2.0,10,1.0,5,1,1,1,1,0,0,0,0,0,0,1,122000.0
15.0,17.0,15.0,6.0,4.0,0.0,10,1.0,11,1,1,1,1,0,1,0,0,1,1,1,285000.0
10.0,10.0,10.0,3.0,4.0,0.0,6,0.0,3,0,1,1,0,0,0,0,0,0,0,1,65000.0
2.0,7.0,10.0,3.0,2.0,1.0,3,0.0,8,1,1,0,0,0,1,0,1,0,0,0,12029.0
1.0,9.0,1.0,2.0,9.0,2.0,6,9.0,8,1,0,0,1,1,0,1,0,0,1,0,38666.0
25.0,40.0,10.0,7.0,1.0,0.0,6,10.0,4,0,1,0,0,0,0,1,0,0,0,0,32222.0
14.0,18.0,16.0,6.0,6.0,1.0,0,0.0,4,0,1,1,1,0,0,0,0,0,0,1,47554.0
11.0,24.0,16.0,5.0,2.0,1.0,9,7.0,1,0,0,0,0,0,0,0,0,0,0,1,121018.0
10.0,14.0,15.0,6.0,5.0,0.0,6,6.0,8,0,1,1,0,1,0,0,0,1,1,1,109009.0
7.0,10.0,7.0,5.0,9.0,0.0,4,1.0,4,0,1,1,1,0,1,0,0,0,0,1,25434.0
2.0,11.0,2.0,6.0,5.0,2.0,6,0.0,5,0,1,0,1,1,0,0,0,0,1,1,49156.0
11.0,15.0,11.0,3.0,5.0,0.0,6,10.0,8,1,1,0,1,0,1,1,0,0,0,1,49944.0
22.0,25.0,22.0,4.0,3.0,0.0,1,1.0,6,0,1,0,1,0,0,0,1,0,0,1,72693.0
0.0,10.0,2.0,5.0,6.0,1.0,9,0.0,8,0,1,0,1,0,1,0,1,0,0,1,44374.0
21.0,25.0,10.0,6.0,5.0,0.0,0,10.0,6,1,1,0,1,0,0,0,0,0,0,0,33568.0
10.0,12.0,10.0,5.0,8.0,1.0,10,2.0,9,1,1,1,1,0,1,1,0,0,0,1,15000.0
8.0,10.0,8.0,5.0,4.0,2.0,6,10.0,2,1,0,0,0,0,0,0,0,0,0,1,59391.0
10.0,15.0,10.0,6.0,4.0,1.0,6,0.0,6,1,1,1,0,0,1,0,1,0,0,1,103681.0
2.0,6.0,2.0,5.0,5.0,2.0,10,8.0,11,1,1,1,1,0,1,0,0,0,0,1,92000.0
0.0,5.0,10.0,3.0,7.0,1.0,6,2.0,3,0,1,1,0,0,0,0,0,0,0,1,35444.0
23.0,24.0,23.0,6.0,4.0,0.0,9,0.0,3,0,1,0,1,0,0,0,0,0,0,1,64051.0
10.0,13.0,10.0,5.0,5.0,1.0,4,2.0,7,1,1,1,1,0,1,0,0,0,1,1,32002.0
5.0,10.0,5.0,6.0,2.0,1.0,2,0.0,5,0,1,0,1,1,0,0,0,0,0,1,23629.0
4.0,10.0,10.0,6.0,4.0,2.0,6,0.0,4,0,1,0,1,0,1,0,0,0,0,1,76321.0
12.0,15.0,10.0,6.0,1.0,0.0,6,0.0,5,0,1,1,1,0,0,0,1,0,0,0,52122.0
11.0,18.0,11.0,3.0,9.0,0.0,1,5.0,4,1,0,0,1,1,0,0,0,0,0,1,81416.0
11.0,14.0,11.0,4.0,5.0,1.0,6,1.0,3,0,1,0,0,0,0,0,0,1,0,1,45714.0
21.0,25.0,10.0,5.0,1.0,0.0,4,0.0,4,0,1,1,0,0,1,0,0,0,0,0,60000.0
22.0,28.0,10.0,4.0,4.0,0.0,10,10.0,5,0,0,1,0,0,0,0,1,0,1,1,106000.0
4.0,7.0,4.0,5.0,4.0,1.0,2,0.0,4,0,1,1,0,0,0,0,0,1,0,1,51555.0
5.0,8.0,8.0,2.0,8.0,0.0,3,2.0,4,0,1,1,0,1,0,0,0,0,0,1,89147.0
20.0,18.0,18.0,7.0,5.0,1.0,0,10.0,6,0,1,0,0,0,1,0,1,0,0,1,60976.0
3.0,7.0,3.0,6.0,2.0,0.0,8,10.0,5,0,1,1,1,0,0,0,0,0,0,1,18000.0
6.0,8.0,12.0,5.0,6.0,0.0,6,2.0,4,0,1,1,0,0,0,0,0,0,0,1,38742.0
35.0,35.0,10.0,5.0,5.0,2.0,0,9.0,2,0,0,0,0,1,0,1,0,0,0,1,64898.0
2.0,9.0,2.0,5.0,7.0,1.0,10,0.0,6,1,0,1,0,0,1,1,0,0,0,1,97000.0
14.0,15.0,10.0,6.0,4.0,1.0,9,0.0,6,1,1,1,0,0,0,1,0,0,0,1,140127.0
7.0,12.0,10.0,5.0,7.0,1.0,6,0.0,1,0,0,0,0,0,1,0,0,0,0,1,121969.0
6.0,12.0,6.0,5.0,7.0,1.0,10,10.0,14,1,1,0,1,1,0,1,1,0,0,1,24000.0
23.0,24.0,23.0,5.0,7.0,1.0,6,0.0,6,0,1,0,1,1,1,0,0,0,1,1,50000.0
7.0,15.0,7.0,5.0,6.0,1.0,10,0.0,7,0,1,1,0,1,1,0,1,0,0,0,70000.0
7.0,7.0,7.0,5.0,5.0,1.0,9,0.0,9,1,1,1,0,0,1,0,0,0,0,1,74682.0
4.0,5.0,10.0,5.0,3.0,0.0,6,2.0,6,1,1,1,0,0,0,0,0,1,0,1,24000.0
1.0,10.0,1.0,6.0,3.0,2.0,3,10.0,2,0,0,0,0,0,0,1,0,0,1,1,29000.0
15.0,20.0,10.0,6.0,4.0,0.0,9,1.0,1,0,0,0,0,0,0,0,0,0,0,1,101910.0
51.0,51.0,10.0,7.0,9.0,0.0,10,8.0,3,1,0,0,0,0,0,0,0,0,0,1,300000.0
20.0,24.0,21.0,6.0,5.0,1.0,4,8.0,3,0,1,0,1,0,1,0,0,0,0,1,250000.0
2.0,4.0,4.0,6.0,4.0,1.0,4,0.0,5,0,0,1,1,0,1,0,0,0,0,1,14770.0
9.0,20.0,13.0,3.0,4.0,1.0,6,0.0,5,1,0,1,0,0,0,0,0,0,0,1,76627.0
7.0,10.0,7.0,6.0,8.0,0.0,8,1.0,3,0,0,0,1,1,0,0,0,0,0,1,78000.0
3.0,5.0,3.0,2.0,5.0,2.0,3,0.0,6,0,1,1,1,1,1,0,0,0,0,1,12889.0
15.0,17.0,15.0,5.0,8.0,0.0,10,0.0,6,0,1,0,1,1,0,0,0,0,0,1,200000.0
2.0,8.0,10.0,3.0,2.0,0.0,9,10.0,5,1,0,1,1,0,0,0,0,1,0,0,31847.0
22.0,25.0,22.0,4.0,9.0,1.0,1,10.0,2,1,0,0,0,0,0,0,0,0,0,1,94501.0
8.0,14.0,12.0,6.0,5.0,1.0,10,8.0,8,0,1,1,1,1,1,0,0,0,0,1,155000.0
6.0,9.0,10.0,5.0,4.0,1.0,6,0.0,4,0,0,1,1,0,1,0,0,0,0,1,61770.0
16.0,25.0,10.0,3.0,4.0,2.0,6,0.0,7,0,1,0,1,1,1,0,1,0,0,1,21717.0
2.0,11.0,2.0,5.0,8.0,1.0,6,0.0,8,1,1,1,1,0,0,0,1,1,0,1,18000.0
21.0,25.0,22.0,5.0,3.0,0.0,10,0.0,6,0,1,1,0,0,0,0,0,0,0,1,200000.0
6.0,10.0,10.0,5.0,4.0,0.0,1,1.0,6,1,1,0,1,1,0,0,0,0,0,1,63606.0
25.0,30.0,25.0,5.0,5.0,1.0,10,10.0,4,0,0,0,1,0,0,0,1,0,0,1,106000.0
12.0,15.0,12.0,3.0,7.0,0.0,10,0.0,12,0,1,0,1,0,1,1,1,0,0,1,98000.0
12.0,20.0,10.0,5.0,6.0,1.0,6,0.0,4,1,1,1,0,0,0,0,0,0,0,1,91570.0
5.0,7.0,5.0,5.0,8.0,0.0,6,1.0,2,0,0,1,0,0,1,0,0,0,0,1,67666.0
10.0,25.0,28.0,3.0,2.0,2.0,3,10.0,10,1,1,1,1,1,0,0,1,0,0,1,51662.0
14.0,14.0,10.0,5.0,7.0,0.0,10,0.0,5,0,1,1,1,0,1,0,0,0,0,1,140000.0
12.0,16.0,12.0,6.0,5.0,1.0,6,6.0,3,1,0,0,1,0,0,0,0,0,0,1,84138.0
26.0,30.0,26.0,5.0,7.0,0.0,10,1.0,3,0,0,0,1,0,1,0,0,0,0,1,100000.0
10.0,10.0,10.0,6.0,4.0,0.0,6,1.0,3,1,0,0,0,1,0,0,0,0,1,1,96666.0
40.0,45.0,40.0,6.0,4.0,1.0,6,1.0,7,0,1,1,1,1,1,0,0,0,0,1,102950.0
2.0,6.0,2.0,2.0,9.0,1.0,6,2.0,6,0,1,1,0,0,0,0,0,0,1,1,28011.0
2.0,2.0,6.0,5.0,7.0,2.0,6,2.0,3,0,1,1,0,0,0,0,0,0,0,1,23163.0
4.0,7.0,4.0,2.0,5.0,1.0,3,0.0,5,0,1,1,1,0,1,0,0,0,0,1,59073.0
2.0,9.0,2.0,5.0,4.0,1.0,6,1.0,11,1,1,0,1,1,0,1,0,1,0,1,28059.0
6.0,9.0,10.0,5.0,4.0,0.0,10,0.0,5,0,1,1,1,0,0,0,0,0,0,1,160000.0
3.0,5.0,10.0,6.0,4.0,0.0,8,0.0,4,0,1,0,0,0,1,0,1,0,0,1,50000.0
2.0,7.0,2.0,3.0,2.0,2.0,6,0.0,6,1,0,1,0,0,0,1,0,0,1,0,14848.0
17.0,17.0,15.0,5.0,3.0,2.0,6,10.0,5,0,1,0,1,0,0,0,1,0,0,0,55708.0
4.0,7.0,4.0,5.0,8.0,0.0,10,0.0,9,1,1,1,1,1,1,0,1,0,0,1,155000.0
10.0,15.0,15.0,6.0,4.0,2.0,6,0.0,6,0,1,0,1,0,0,0,0,0,0,1,112322.0
26.0,30.0,10.0,3.0,6.0,0.0,6,1.0,6,0,1,1,1,1,0,0,0,0,0,1,75184.0
10.0,20.0,10.0,5.0,7.0,1.0,3,0.0,6,1,1,1,1,0,0,1,0,0,0,1,88073.0
17.0,20.0,17.0,5.0,9.0,1.0,6,7.0,12,1,1,0,1,1,0,1,1,0,0,1,53703.0
5.0,10.0,8.0,5.0,2.0,0.0,6,0.0,6,0,1,1,1,1,0,0,1,0,0,1,58222.0
14.0,20.0,15.0,6.0,4.0,0.0,10,3.0,5,1,1,0,1,0,0,0,0,0,0,1,180000.0
24.0,26.0,24.0,4.0,6.0,0.0,10,6.0,8,0,1,1,1,0,1,0,0,1,0,1,350000.0
0.0,9.0,1.0,5.0,9.0,1.0,6,9.0,5,1,1,0,1,0,0,1,0,0,0,1,72673.0
25.0,36.0,24.0,6.0,5.0,1.0,3,0.0,7,1,1,1,0,1,0,0,0,0,0,0,65518.0
6.0,7.0,10.0,5.0,4.0,0.0,6,10.0,1,0,0,0,1,0,0,0,0,0,0,0,26406.0
8.0,11.0,10.0,5.0,2.0,2.0,10,2.0,6,0,1,1,0,0,0,0,0,1,1,1,140000.0
25.0,33.0,10.0,5.0,1.0,0.0,2,1.0,14,1,1,1,1,1,0,1,0,1,0,0,161109.0
6.0,17.0,6.0,4.0,2.0,0.0,10,10.0,1,0,0,0,0,0,0,1,0,0,0,1,60000.0
6.0,20.0,6.0,7.0,4.0,0.0,10,10.0,3,1,0,0,0,0,0,0,0,0,0,1,220000.0
8.0,13.0,10.0,6.0,5.0,1.0,6,0.0,6,0,1,1,1,1,0,0,0,0,0,1,107630.0
3.0,20.0,25.0,5.0,7.0,0.0,10,10.0,1,1,0,0,0,0,0,0,0,0,0,1,85000.0
11.0,24.0,11.0,7.0,9.0,1.0,10,10.0,8,1,0,0,1,0,0,1,0,0,1,1,150000.0
10.0,15.0,10.0,6.0,5.0,1.0,2,0.0,7,1,1,0,0,1,0,0,0,0,0,1,59073.0
20.0,30.0,25.0,5.0,2.0,2.0,6,7.0,6,0,0,0,0,1,1,0,0,0,0,1,53703.0
12.0,14.0,12.0,5.0,5.0,0.0,0,0.0,5,0,0,1,1,1,0,0,0,0,0,1,84000.0
13.0,21.0,13.0,5.0,9.0,0.0,10,1.0,9,1,1,1,1,1,0,0,0,1,1,1,220000.0
16.0,22.0,10.0,5.0,7.0,0.0,9,0.0,5,0,1,0,1,0,1,0,0,0,0,1,67516.0
7.0,14.0,10.0,7.0,6.0,0.0,6,8.0,6,1,0,0,1,0,1,1,0,0,0,1,41697.0
10.0,13.0,10.0,3.0,5.0,0.0,1,0.0,13,1,1,1,1,1,1,1,1,0,0,1,66151.0
6.0,9.0,10.0,2.0,7.0,2.0,3,0.0,3,0,0,0,0,1,0,0,0,0,1,1,60147.0
17.0,18.0,17.0,5.0,9.0,1.0,4,1.0,3,0,1,0,1,1,0,0,0,0,0,1,68192.0
16.0,22.0,10.0,5.0,5.0,1.0,5,1.0,2,0,0,0,0,1,0,0,0,0,0,1,85925.0
23.0,27.0,24.0,2.0,5.0,1.0,6,0.0,5,0,1,1,1,0,1,0,0,0,0,1,90221.0
2.0,4.0,2.0,5.0,4.0,0.0,8,7.0,3,0,0,0,0,0,0,0,0,0,0,1,19253.0
14.0,24.0,14.0,6.0,9.0,1.0,2,0.0,2,0,0,0,0,0,1,0,0,0,0,1,107406.0
36.0,42.0,41.0,5.0,7.0,0.0,10,1.0,5,0,1,1,1,0,1,0,0,0,0,1,240000.0
16.0,18.0,10.0,7.0,7.0,1.0,3,10.0,3,1,0,0,0,0,0,1,0,0,0,1,73036.0
14.0,16.0,10.0,5.0,5.0,1.0,3,0.0,11,1,1,0,1,1,1,1,0,1,0,1,35335.0
3.0,13.0,3.0,5.0,3.0,0.0,0,1.0,7,0,0,1,1,1,0,1,0,0,0,1,14919.0
6.0,10.0,5.0,5.0,3.0,1.0,6,0.0,7,0,1,1,1,1,0,0,1,0,1,0,25661.0
2.0,11.0,2.0,6.0,2.0,2.0,9,0.0,4,1,0,0,0,0,0,1,0,0,0,1,101910.0
40.0,42.0,10.0,4.0,9.0,0.0,6,4.0,2,0,0,0,0,0,0,0,0,0,0,1,44551.0
15.0,21.0,15.0,5.0,9.0,1.0,6,0.0,2,0,0,0,1,1,0,0,0,0,0,1,66794.0
18.0,25.0,18.0,5.0,9.0,0.0,10,1.0,7,1,0,1,1,1,1,0,0,0,1,1,180000.0
5.0,8.0,5.0,5.0,4.0,1.0,6,1.0,1,0,0,0,0,0,1,0,0,0,0,1,63526.0
11.0,17.0,10.0,7.0,4.0,0.0,3,10.0,3,1,0,0,0,1,0,0,0,0,0,0,59073.0
0.0,10.0,1.0,4.0,2.0,0.0,6,0.0,8,1,1,1,1,1,1,0,0,0,0,1,40061.0
2.0,4.0,2.0,5.0,4.0,1.0,6,7.0,3,1,0,0,0,0,0,0,0,0,0,0,21034.0
20.0,22.0,20.0,5.0,2.0,1.0,10,10.0,6,0,1,0,1,0,0,0,0,0,0,1,127500.0
13.0,17.0,13.0,6.0,5.0,0.0,6,6.0,5,0,1,1,0,1,0,0,1,0,0,1,59073.0
35.0,38.0,10.0,6.0,7.0,0.0,1,0.0,10,1,1,1,1,1,0,0,0,1,0,1,159924.0
18.0,20.0,18.0,6.0,4.0,1.0,6,0.0,5,0,1,0,0,0,0,0,1,0,0,1,69814.0
7.0,10.0,10.0,6.0,4.0,0.0,6,1.0,2,0,0,0,1,0,0,0,0,0,0,1,81528.0
24.0,34.0,24.0,7.0,4.0,1.0,3,0.0,8,0,1,0,0,1,1,0,1,0,0,1,70888.0
8.0,8.0,10.0,6.0,2.0,0.0,8,1.0,4,0,1,0,0,0,1,0,0,0,0,1,120000.0
18.0,23.0,18.0,5.0,4.0,1.0,10,10.0,3,0,1,0,0,0,1,0,0,0,0,1,105000.0
17.0,27.0,10.0,6.0,4.0,0.0,6,0.0,8,1,1,0,1,1,0,0,0,1,0,1,70888.0
5.0,4.0,10.0,5.0,2.0,1.0,6,0.0,8,0,1,1,1,0,0,0,0,1,0,1,39640.0
6.0,8.0,10.0,5.0,4.0,1.0,6,0.0,4,0,0,0,0,0,1,1,0,0,0,1,72673.0
2.0,9.0,2.0,5.0,7.0,0.0,10,10.0,4,1,0,0,0,0,0,0,0,0,0,1,75000.0
15.0,22.0,10.0,5.0,3.0,2.0,6,8.0,8,0,1,0,1,1,0,1,1,0,0,1,22237.0
2.0,4.0,10.0,5.0,4.0,0.0,6,1.0,1,0,0,0,0,0,0,0,0,0,0,1,12977.0
7.0,7.0,10.0,6.0,1.0,0.0,6,1.0,1,0,0,0,0,0,1,0,0,0,0,0,172802.0
3.0,14.0,3.0,5.0,2.0,0.0,3,10.0,7,1,1,1,1,0,0,0,1,1,0,1,66592.0
7.0,12.0,10.0,5.0,5.0,0.0,10,10.0,4,1,0,0,0,0,0,0,0,1,0,1,95000.0
16.0,16.0,10.0,2.0,4.0,1.0,6,2.0,6,1,1,1,1,0,0,0,0,0,0,1,85925.0
4.0,7.0,10.0,3.0,3.0,1.0,6,10.0,4,1,0,0,0,0,0,0,1,0,0,1,26852.0
4.0,6.0,4.0,3.0,5.0,1.0,6,0.0,6,0,1,1,1,0,0,0,0,1,0,1,31038.0
2.0,4.0,10.0,5.0,9.0,1.0,3,0.0,2,1,0,1,0,0,0,0,0,0,0,1,85925.0
5.0,9.0,5.0,3.0,5.0,0.0,7,0.0,6,0,1,1,1,0,1,0,0,0,0,1,35444.0
13.0,28.0,10.0,6.0,4.0,0.0,6,10.0,5,1,1,0,0,0,0,1,0,0,0,0,108587.0
23.0,30.0,23.0,5.0,4.0,0.0,10,0.0,8,1,1,0,1,1,0,0,0,0,0,1,153000.0
7.0,9.0,10.0,5.0,1.0,1.0,2,1.0,6,0,1,1,1,0,0,0,1,0,0,0,101896.0
4.0,7.0,7.0,6.0,7.0,1.0,6,3.0,4,1,0,0,1,0,1,0,0,0,0,1,95384.0
4.0,5.0,10.0,2.0,3.0,0.0,6,2.0,2,0,1,1,0,0,0,0,0,0,0,0,12000.0
7.0,12.0,7.0,6.0,4.0,1.0,8,9.0,3,0,0,0,0,0,0,1,0,0,0,1,37618.0
6.0,11.0,6.0,6.0,9.0,0.0,6,5.0,5,1,1,0,1,0,0,0,0,0,0,1,64444.0
0.0,5.0,10.0,2.0,6.0,2.0,6,10.0,4,0,1,0,0,1,0,0,0,0,1,0,14400.0
18.0,24.0,10.0,5.0,5.0,1.0,1,0.0,1,0,0,0,0,0,0,1,0,0,0,1,100316.0
10.0,15.0,10.0,5.0,2.0,2.0,6,1.0,4,0,1,0,1,0,1,0,0,0,0,1,18010.0
3.0,5.0,3.0,5.0,2.0,0.0,6,2.0,9,1,1,1,1,0,0,1,0,0,0,1,12354.0
6.0,11.0,10.0,5.0,4.0,2.0,6,0.0,3,1,1,0,0,0,0,0,0,0,0,1,58998.0
3.0,5.0,3.0,6.0,7.0,0.0,8,8.0,3,0,1,1,0,0,0,1,0,0,0,1,14810.0
10.0,15.0,15.0,5.0,5.0,1.0,6,0.0,7,1,1,1,1,0,0,0,1,0,0,0,122559.0
7.0,13.0,7.0,7.0,3.0,2.0,6,0.0,5,1,1,0,1,0,0,0,0,0,0,1,48333.0
3.0,5.0,10.0,5.0,5.0,0.0,1,0.0,2,0,1,0,0,0,0,0,0,0,0,1,50885.0
10.0,11.0,10.0,5.0,5.0,0.0,6,1.0,4,0,1,0,0,0,1,0,0,0,0,1,113964.0
8.0,12.0,8.0,5.0,5.0,1.0,6,1.0,3,0,0,0,1,1,1,0,0,0,0,1,26852.0
7.0,12.0,8.0,5.0,8.0,0.0,9,0.0,11,0,1,1,1,0,1,1,1,0,0,1,97929.0
10.0,17.0,11.0,6.0,1.0,0.0,6,10.0,9,1,1,0,0,0,0,1,0,1,1,1,170000.0
25.0,38.0,35.0,3.0,2.0,1.0,6,0.0,6,0,1,1,1,0,1,0,0,0,0,0,108002.0
34.0,38.0,10.0,3.0,1.0,1.0,8,1.0,5,0,1,0,1,0,1,0,0,0,0,0,50400.0
0.0,10.0,1.0,2.0,4.0,2.0,9,8.0,8,1,1,0,0,0,1,0,0,0,1,1,31847.0
3.0,5.0,3.0,6.0,4.0,1.0,3,10.0,2,1,0,0,1,0,0,0,0,0,0,1,53703.0
16.0,22.0,16.0,5.0,4.0,1.0,5,0.0,1,0,0,0,0,0,1,0,0,0,0,1,59073.0
9.0,20.0,9.0,3.0,7.0,1.0,6,1.0,6,0,1,1,1,0,1,0,1,0,0,1,115202.0
8.0,12.0,10.0,5.0,3.0,0.0,6,1.0,2,1,0,0,1,0,0,0,0,0,0,1,25532.0
4.0,14.0,5.0,5.0,4.0,1.0,6,10.0,9,1,1,1,1,0,0,1,0,1,0,0,85536.0
14.0,19.0,14.0,5.0,4.0,0.0,6,1.0,7,1,0,1,1,1,0,0,0,1,0,1,115000.0
11.0,15.0,10.0,5.0,7.0,2.0,10,0.0,8,0,1,1,1,0,1,0,1,0,0,1,131000.0
5.0,10.0,5.0,6.0,2.0,1.0,6,0.0,5,1,0,1,0,0,1,0,0,0,0,0,32222.0
4.0,6.0,4.0,6.0,3.0,2.0,2,2.0,4,0,1,1,1,0,0,0,0,0,0,1,51555.0
11.0,15.0,11.0,5.0,5.0,0.0,10,6.0,12,1,1,1,1,1,1,0,0,0,1,1,140000.0
4.0,12.0,4.0,5.0,3.0,1.0,10,0.0,5,0,1,1,0,0,1,0,0,0,0,1,129000.0
14.0,18.0,14.0,3.0,3.0,0.0,2,0.0,7,0,1,1,1,0,0,0,1,0,0,0,107406.0
9.0,19.0,9.0,6.0,7.0,0.0,7,1.0,2,0,0,1,0,0,0,0,0,0,0,1,55851.0
22.0,36.0,22.0,5.0,5.0,1.0,7,8.0,3,0,0,0,0,1,1,1,0,0,0,1,30074.0
4.0,9.0,4.0,3.0,6.0,2.0,6,9.0,4,1,0,0,0,0,1,1,0,0,0,1,32222.0
35.0,40.0,10.0,5.0,2.0,1.0,10,1.0,1,0,0,0,0,0,0,0,0,0,0,1,205000.0
3.0,3.0,10.0,3.0,1.0,0.0,10,0.0,5,1,1,1,0,0,0,0,0,0,1,0,20000.0
13.0,16.0,10.0,5.0,6.0,0.0,10,0.0,5,1,0,1,0,0,0,0,0,0,1,1,400000.0
7.0,7.0,10.0,3.0,1.0,0.0,10,0.0,8,0,1,0,1,0,0,0,1,0,0,0,13000.0
13.0,20.0,10.0,6.0,5.0,0.0,6,2.0,2,0,0,0,1,0,1,0,0,0,0,1,43435.0
41.0,42.0,41.0,6.0,5.0,0.0,10,0.0,3,0,0,0,1,0,1,0,0,0,0,1,132000.0
8.0,12.0,8.0,5.0,5.0,1.0,6,10.0,8,1,0,0,1,0,1,1,0,0,0,1,122222.0
2.0,4.0,10.0,4.0,1.0,0.0,10,0.0,9,1,1,1,1,1,0,0,0,1,0,0,78000.0
12.0,20.0,10.0,3.0,8.0,0.0,1,0.0,5,0,0,1,1,0,0,0,0,0,1,1,218079.0
20.0,25.0,10.0,5.0,4.0,0.0,0,2.0,2,0,1,1,0,0,0,0,0,0,0,1,35806.0
6.0,7.0,10.0,5.0,4.0,2.0,6,1.0,4,1,0,0,1,0,0,0,0,1,0,1,50000.0
24.0,38.0,10.0,3.0,1.0,0.0,9,5.0,10,1,1,0,0,0,1,0,1,1,0,0,152865.0
11.0,13.0,10.0,6.0,1.0,0.0,0,0.0,4,1,1,0,1,0,0,0,0,0,0,0,15851.0
42.0,44.0,44.0,3.0,5.0,0.0,5,10.0,11,0,1,1,1,1,1,1,0,0,0,1,94517.0
10.0,14.0,10.0,5.0,8.0,2.0,4,2.0,4,0,1,1,0,0,0,0,1,0,0,1,21534.0
24.0,24.0,28.0,4.0,5.0,0.0,10,6.0,5,1,1,1,0,0,0,0,0,0,0,1,222500.0
35.0,36.0,45.0,6.0,5.0,1.0,10,4.0,2,0,0,0,1,0,0,0,0,0,0,1,125000.0
20.0,35.0,20.0,6.0,6.0,2.0,3,1.0,2,0,0,0,0,1,0,0,0,0,0,1,64444.0
3.0,11.0,3.0,5.0,9.0,2.0,6,10.0,9,1,1,0,1,1,0,0,0,1,1,1,63997.0
6.0,7.0,6.0,6.0,7.0,1.0,2,2.0,2,0,1,1,0,0,0,0,0,0,0,1,39740.0
2.0,7.0,1.0,2.0,4.0,0.0,3,2.0,8,0,1,0,0,1,0,0,0,0,1,1,20450.0
43.0,51.0,49.0,3.0,8.0,1.0,10,0.0,3,0,0,0,1,0,0,0,0,0,0,1,205000.0
5.0,9.0,6.0,5.0,4.0,1.0,6,1.0,2,0,0,0,0,1,0,0,1,0,0,1,12984.0
12.0,18.0,10.0,6.0,7.0,1.0,6,0.0,6,1,1,1,1,0,0,0,0,0,0,1,80555.0
8.0,14.0,13.0,6.0,5.0,2.0,6,4.0,6,1,1,1,0,0,0,0,0,0,0,1,18700.0
10.0,15.0,12.0,6.0,5.0,1.0,6,10.0,2,1,0,0,0,0,1,0,0,0,0,1,77284.0
8.0,10.0,10.0,5.0,4.0,0.0,7,10.0,2,1,0,0,0,0,0,0,0,0,0,0,148221.0
20.0,25.0,15.0,6.0,4.0,0.0,6,0.0,5,0,1,1,1,0,0,0,0,0,0,1,56022.0
10.0,40.0,10.0,5.0,3.0,0.0,2,1.0,2,0,0,0,0,1,0,0,1,0,0,1,24703.0
18.0,22.0,10.0,5.0,5.0,1.0,10,0.0,5,0,1,1,1,0,1,0,0,0,0,1,120000.0
26.0,26.0,25.0,5.0,4.0,0.0,6,1.0,5,0,0,0,1,1,1,0,0,0,0,1,73917.0
21.0,30.0,20.0,6.0,7.0,2.0,10,9.0,3,0,0,0,0,0,0,1,0,0,0,1,200000.0
17.0,23.0,10.0,6.0,9.0,1.0,4,1.0,3,0,1,0,1,1,0,0,0,0,0,1,27516.0
22.0,25.0,32.0,5.0,4.0,0.0,3,10.0,5,1,1,0,1,0,0,0,0,0,0,1,69814.0
10.0,12.0,10.0,6.0,9.0,1.0,6,10.0,5,1,0,1,0,0,0,0,0,0,0,1,62503.0
3.0,7.0,7.0,5.0,3.0,1.0,4,5.0,4,1,0,1,0,1,0,0,0,1,0,0,24000.0
11.0,16.0,11.0,5.0,9.0,1.0,10,10.0,3,1,0,0,0,1,0,0,0,0,0,1,300000.0
7.0,14.0,7.0,5.0,9.0,1.0,6,10.0,3,0,0,1,0,0,0,0,0,0,0,1,40814.0
5.0,5.0,10.0,5.0,1.0,0.0,10,0.0,0,0,0,0,0,0,0,0,0,0,0,0,89000.0
2.0,5.0,10.0,6.0,6.0,0.0,8,10.0,3,0,0,0,1,1,0,0,0,0,0,1,56000.0
3.0,8.0,3.0,5.0,4.0,1.0,6,0.0,7,1,1,1,1,0,0,0,1,0,0,1,93590.0
5.0,6.0,5.0,3.0,4.0,0.0,8,2.0,2,0,1,1,0,0,0,0,0,0,0,1,58000.0
12.0,16.0,12.0,5.0,2.0,0.0,10,0.0,10,1,1,0,1,1,1,1,1,0,0,1,103000.0
10.0,19.0,11.0,6.0,2.0,2.0,2,0.0,9,0,1,0,1,0,0,1,1,0,0,1,42962.0
19.0,25.0,19.0,5.0,5.0,1.0,10,0.0,5,0,1,1,1,0,1,0,0,0,0,1,110000.0
10.0,13.0,10.0,2.0,4.0,1.0,6,2.0,5,0,1,1,1,1,0,0,0,0,0,1,53703.0
0.0,3.0,10.0,7.0,8.0,0.0,0,0.0,6,1,1,1,0,1,0,0,0,0,0,1,24616.0
15.0,20.0,10.0,6.0,7.0,1.0,7,6.0,6,0,1,0,0,1,0,0,0,0,0,1,85925.0
18.0,25.0,18.0,5.0,5.0,0.0,10,10.0,15,1,1,1,0,1,1,1,1,1,0,1,230000.0
8.0,15.0,8.0,3.0,4.0,2.0,6,10.0,7,0,1,0,1,0,0,1,1,0,0,1,42962.0
20.0,22.0,20.0,6.0,5.0,1.0,6,0.0,2,0,0,1,0,0,0,0,0,0,0,1,53703.0
6.0,14.0,10.0,5.0,5.0,0.0,10,5.0,4,1,0,0,0,1,0,0,0,0,0,1,150000.0
31.0,41.0,10.0,5.0,4.0,1.0,5,0.0,8,0,1,0,1,0,0,1,1,0,1,0,81306.0
5.0,9.0,10.0,5.0,5.0,2.0,3,1.0,8,1,1,0,0,0,0,0,0,0,1,1,71962.0
7.0,10.0,8.0,3.0,4.0,0.0,6,2.0,3,0,1,1,0,0,0,0,0,0,0,1,69290.0
0.0,4.0,10.0,5.0,4.0,0.0,6,0.0,5,0,1,0,1,0,0,0,0,0,0,1,32312.0
24.0,26.0,24.0,3.0,5.0,1.0,6,0.0,2,0,0,0,1,1,0,0,0,0,0,1,79777.0
8.0,12.0,19.0,5.0,3.0,0.0,1,0.0,4,0,0,0,0,0,0,0,1,0,0,1,66877.0
3.0,9.0,3.0,3.0,3.0,1.0,5,1.0,4,0,1,1,0,0,0,1,0,0,0,1,64444.0
11.0,13.0,11.0,4.0,7.0,1.0,6,1.0,2,0,0,0,0,1,1,0,0,0,0,1,88129.0
3.0,10.0,3.0,6.0,3.0,0.0,2,0.0,3,1,0,1,0,0,0,0,0,0,0,1,53703.0
12.0,18.0,12.0,3.0,5.0,1.0,10,0.0,5,0,1,1,0,0,0,0,1,0,1,1,130000.0
28.0,32.0,10.0,3.0,4.0,1.0,10,10.0,4,0,1,0,1,0,1,0,0,0,0,1,225000.0
1.0,4.0,1.0,5.0,3.0,1.0,10,0.0,6,1,1,0,1,0,0,1,0,0,1,1,85000.0
5.0,5.0,10.0,5.0,3.0,1.0,6,10.0,2,0,1,0,0,0,0,0,0,0,0,1,40061.0
9.0,14.0,9.0,6.0,4.0,0.0,6,0.0,3,1,1,1,0,0,0,0,0,0,0,1,92369.0
20.0,23.0,20.0,5.0,8.0,1.0,4,9.0,4,1,0,0,0,1,1,1,0,0,0,1,34694.0
6.0,10.0,11.0,6.0,4.0,1.0,6,10.0,1,0,0,0,0,0,0,0,0,0,0,1,150000.0
5.0,15.0,5.0,5.0,9.0,0.0,10,1.0,7,1,1,0,1,1,0,0,0,1,0,1,125000.0
3.0,4.0,10.0,5.0,4.0,2.0,6,2.0,5,0,1,0,0,0,0,0,1,0,0,1,18531.0
12.0,15.0,12.0,6.0,6.0,1.0,10,0.0,5,0,1,0,1,0,1,0,0,0,0,1,132000.0
25.0,30.0,35.0,6.0,6.0,0.0,6,6.0,6,1,0,1,0,0,0,1,0,0,1,1,139628.0
5.0,8.0,10.0,5.0,4.0,0.0,6,2.0,3,0,1,0,1,0,0,0,0,0,0,1,96090.0
4.0,10.0,10.0,5.0,5.0,2.0,10,1.0,2,0,0,0,0,0,0,0,0,0,0,1,130000.0
16.0,25.0,16.0,3.0,5.0,0.0,6,0.0,6,1,1,0,1,0,0,0,0,1,0,0,123999.0
2.0,10.0,5.0,5.0,5.0,1.0,1,1.0,3,1,0,0,0,0,0,1,0,0,0,1,94501.0
11.0,16.0,11.0,5.0,7.0,2.0,3,1.0,7,1,1,0,1,1,1,0,0,0,0,1,69814.0
1.0,5.0,1.0,5.0,4.0,2.0,2,0.0,3,0,0,0,0,1,0,0,1,0,0,0,16111.0
4.0,8.0,4.0,5.0,8.0,1.0,3,0.0,3,0,0,1,0,1,0,0,0,0,0,1,75184.0
8.0,25.0,20.0,2.0,6.0,0.0,6,10.0,4,0,1,1,0,1,1,0,0,0,0,1,104476.0
2.0,6.0,10.0,6.0,4.0,1.0,3,0.0,7,0,1,1,1,0,1,0,0,0,0,1,53703.0
25.0,30.0,25.0,6.0,7.0,2.0,6,1.0,4,0,0,0,1,1,0,0,0,1,0,1,77833.0
4.0,8.0,4.0,3.0,4.0,0.0,6,0.0,6,1,0,1,1,0,0,0,0,0,1,1,40000.0
21.0,21.0,21.0,2.0,3.0,2.0,6,2.0,4,1,1,1,0,0,0,0,0,0,0,1,50915.0
1.0,5.0,1.0,3.0,2.0,1.0,8,10.0,1,0,0,0,0,0,0,0,0,0,1,1,19457.0
8.0,12.0,8.0,3.0,3.0,0.0,6,1.0,2,0,0,0,1,0,1,0,0,0,0,1,64444.0
6.0,8.0,10.0,4.0,4.0,1.0,9,7.0,5,0,0,0,1,0,1,0,0,0,0,1,38216.0
14.0,25.0,15.0,5.0,5.0,1.0,6,10.0,5,1,0,0,0,0,0,0,0,0,0,1,60147.0
9.0,15.0,10.0,5.0,9.0,1.0,1,1.0,4,1,1,0,1,1,0,0,0,0,0,1,83597.0
3.0,4.0,3.0,3.0,4.0,0.0,0,1.0,2,0,0,0,1,0,0,0,0,0,0,1,82987.0
26.0,32.0,26.0,5.0,5.0,1.0,6,10.0,6,0,1,0,1,1,0,0,0,0,0,1,35421.0
8.0,17.0,8.0,6.0,7.0,2.0,9,1.0,5,0,0,1,0,0,0,0,0,0,0,1,382164.0
5.0,8.0,6.0,4.0,4.0,1.0,3,1.0,2,1,0,0,0,0,0,1,0,0,0,1,53703.0
14.0,21.0,10.0,5.0,8.0,1.0,6,1.0,4,1,0,0,1,0,0,0,0,1,0,1,92369.0
24.0,28.0,24.0,5.0,7.0,0.0,0,0.0,5,1,0,0,1,1,0,0,1,0,0,1,24243.0
16.0,20.0,18.0,5.0,4.0,0.0,6,0.0,3,0,1,1,1,0,0,0,0,0,0,1,99099.0
7.0,12.0,10.0,6.0,7.0,0.0,10,4.0,7,1,1,1,1,0,0,0,0,0,1,1,210000.0
4.0,8.0,5.0,5.0,6.0,0.0,10,7.0,3,0,1,1,0,0,0,0,0,0,0,1,105000.0
25.0,30.0,10.0,7.0,1.0,0.0,3,0.0,7,1,1,0,1,1,0,1,0,1,0,0,150000.0
10.0,15.0,10.0,6.0,8.0,1.0,3,9.0,5,1,0,0,0,0,0,0,0,0,0,1,96666.0
30.0,37.0,10.0,5.0,8.0,1.0,10,10.0,2,1,0,0,1,0,0,0,0,0,0,1,78000.0
12.0,16.0,12.0,5.0,4.0,1.0,2,5.0,7,1,1,0,1,1,0,0,0,1,0,1,48333.0
5.0,8.0,5.0,6.0,5.0,0.0,6,0.0,6,0,1,1,1,0,1,0,0,0,0,1,38197.0
15.0,20.0,15.0,5.0,5.0,1.0,9,6.0,4,0,1,0,1,0,1,0,0,0,0,1,105732.0
6.0,10.0,7.0,6.0,5.0,0.0,3,6.0,1,0,0,0,0,0,0,0,0,0,0,1,102036.0
6.0,11.0,7.0,6.0,4.0,2.0,3,0.0,3,0,1,0,0,1,0,0,0,0,0,1,52629.0
1.0,10.0,1.0,6.0,3.0,1.0,2,8.0,4,1,0,0,1,1,0,0,0,0,0,1,40814.0
13.0,23.0,10.0,5.0,3.0,2.0,3,0.0,4,0,1,0,1,0,1,0,0,0,0,1,85925.0
8.0,10.0,10.0,6.0,7.0,1.0,6,1.0,2,0,0,0,1,0,1,0,0,0,0,1,108866.0
11.0,16.0,11.0,6.0,7.0,2.0,10,10.0,7,1,1,0,0,1,0,1,0,0,1,1,400000.0
28.0,37.0,10.0,5.0,7.0,1.0,10,4.0,4,1,0,0,1,0,0,0,0,0,0,1,135000.0
15.0,24.0,15.0,5.0,5.0,0.0,10,6.0,5,0,1,0,1,0,0,0,0,0,0,1,230000.0
37.0,45.0,41.0,5.0,9.0,0.0,10,1.0,3,0,0,0,0,0,0,0,0,0,0,1,250000.0
11.0,12.0,11.0,5.0,5.0,1.0,6,0.0,4,0,0,1,1,0,0,0,0,0,1,1,88073.0
15.0,25.0,15.0,6.0,4.0,0.0,6,0.0,4,0,1,0,1,0,0,0,0,0,0,1,90221.0
4.0,13.0,4.0,5.0,5.0,1.0,10,10.0,6,1,1,1,1,0,0,0,0,0,0,1,120000.0
27.0,37.0,10.0,6.0,2.0,1.0,6,10.0,5,1,1,0,1,0,0,0,1,0,0,1,42962.0
28.0,30.0,10.0,6.0,1.0,1.0,5,5.0,3,1,0,0,0,0,0,0,0,0,0,0,225553.0
9.0,7.0,12.0,6.0,7.0,1.0,3,10.0,16,1,1,1,0,1,0,1,1,1,1,1,64444.0
23.0,24.0,23.0,2.0,5.0,1.0,6,6.0,5,1,0,0,1,1,1,0,0,0,0,1,64444.0
14.0,14.0,10.0,1.0,3.0,0.0,6,10.0,3,0,1,0,0,0,0,0,0,0,1,0,249600.0
15.0,20.0,10.0,4.0,4.0,0.0,6,8.0,1,0,0,0,0,0,1,0,0,0,0,1,45420.0
25.0,25.0,25.0,6.0,2.0,0.0,0,8.0,4,0,1,0,1,0,1,0,0,0,0,1,22378.0
14.0,15.0,15.0,3.0,7.0,0.0,0,6.0,8,0,1,1,1,0,1,0,1,1,0,1,52216.0
0.0,3.0,10.0,6.0,4.0,0.0,10,10.0,4,0,0,0,0,0,0,1,0,1,1,0,27477.0
14.0,18.0,16.0,7.0,9.0,2.0,7,1.0,3,1,0,0,1,1,0,0,0,0,0,1,59073.0
20.0,20.0,20.0,5.0,4.0,0.0,3,1.0,13,1,1,1,1,1,0,0,0,1,1,1,102036.0
1.0,12.0,1.0,5.0,4.0,1.0,9,10.0,6,0,1,1,0,0,1,1,0,0,0,1,63694.0
20.0,20.0,20.0,3.0,6.0,0.0,6,6.0,15,1,1,1,1,1,1,0,0,1,0,1,32204.0
2.0,9.0,3.0,5.0,9.0,1.0,10,10.0,3,1,0,0,0,0,0,0,0,0,0,0,45000.0
10.0,31.0,31.0,4.0,4.0,0.0,1,10.0,8,0,1,1,1,0,0,1,1,0,1,0,43616.0
16.0,20.0,10.0,3.0,1.0,0.0,6,0.0,5,0,0,1,1,0,1,0,0,0,0,0,64444.0
8.0,11.0,10.0,5.0,9.0,2.0,10,10.0,7,1,1,0,0,0,0,1,0,0,0,1,80000.0
6.0,7.0,10.0,5.0,1.0,0.0,3,0.0,1,0,1,0,0,0,0,0,0,0,0,0,161109.0
3.0,9.0,10.0,7.0,3.0,1.0,3,0.0,1,1,0,0,0,0,0,0,0,0,0,0,59073.0
5.0,10.0,5.0,6.0,4.0,0.0,7,10.0,4,1,0,0,0,0,0,1,0,0,1,1,32222.0
5.0,5.0,10.0,6.0,7.0,1.0,10,0.0,2,0,0,1,0,0,1,0,0,0,0,1,140000.0
3.0,10.0,3.0,6.0,5.0,1.0,8,10.0,3,1,0,0,0,0,0,1,0,0,0,1,27646.0
2.0,4.0,10.0,3.0,4.0,1.0,6,2.0,5,1,1,0,0,0,1,0,0,0,0,1,62706.0
8.0,14.0,8.0,6.0,9.0,1.0,6,4.0,2,1,0,0,1,0,0,0,0,0,0,1,144842.0
3.0,5.0,5.0,5.0,4.0,2.0,10,2.0,1,0,1,0,0,0,0,0,0,0,0,1,120000.0
9.0,12.0,9.0,6.0,7.0,2.0,6,7.0,1,0,0,0,0,0,0,0,0,0,0,1,210645.0
3.0,7.0,3.0,5.0,1.0,0.0,6,2.0,2,0,1,0,0,0,0,0,0,0,0,1,36000.0
16.0,21.0,16.0,5.0,2.0,0.0,8,8.0,4,0,0,1,0,1,0,0,0,0,0,1,24684.0
16.0,22.0,18.0,6.0,5.0,1.0,3,0.0,6,1,1,1,1,1,0,0,0,0,0,1,102036.0
17.0,27.0,17.0,3.0,4.0,1.0,6,0.0,5,1,1,0,0,0,0,0,1,0,0,1,100275.0
3.0,5.0,4.0,5.0,5.0,0.0,4,0.0,7,1,1,1,1,1,0,0,0,0,0,1,17945.0
21.0,28.0,23.0,5.0,4.0,0.0,10,3.0,6,1,0,0,1,1,0,1,0,0,0,1,200000.0
33.0,43.0,35.0,5.0,4.0,1.0,3,10.0,5,1,1,0,0,0,1,0,0,0,0,1,150369.0
10.0,15.0,10.0,5.0,4.0,1.0,8,1.0,4,0,0,1,1,0,0,0,0,1,0,0,90000.0
19.0,35.0,19.0,6.0,5.0,1.0,6,10.0,5,1,0,0,1,1,0,1,0,0,0,1,93601.0
15.0,23.0,10.0,5.0,7.0,0.0,6,6.0,6,0,1,0,1,0,1,0,0,0,0,1,118919.0
9.0,16.0,9.0,6.0,8.0,1.0,2,10.0,11,1,0,0,1,0,0,1,0,0,1,1,107406.0
2.0,6.0,10.0,5.0,5.0,0.0,6,4.0,1,1,0,0,0,0,0,0,0,0,0,1,30000.0
30.0,40.0,10.0,7.0,2.0,1.0,3,0.0,8,1,1,0,0,0,0,0,0,1,0,0,214812.0
6.0,12.0,5.0,6.0,5.0,1.0,6,10.0,5,1,0,1,1,0,1,0,0,0,0,1,50481.0
33.0,33.0,33.0,3.0,2.0,0.0,10,0.0,5,1,0,0,1,0,0,0,0,0,1,0,250000.0
12.0,15.0,10.0,5.0,4.0,0.0,8,0.0,5,0,1,1,0,0,1,0,0,0,0,0,74052.0
5.0,10.0,15.0,3.0,7.0,1.0,6,0.0,4,0,1,1,0,0,1,0,0,0,0,1,65514.0
4.0,8.0,4.0,5.0,3.0,1.0,2,0.0,3,0,0,1,0,0,0,0,0,0,0,1,45111.0
10.0,15.0,10.0,6.0,4.0,0.0,6,2.0,4,0,1,1,0,0,0,0,0,0,0,0,48070.0
15.0,20.0,10.0,3.0,9.0,1.0,3,10.0,2,0,1,0,0,0,0,0,0,0,0,1,128887.0
16.0,19.0,16.0,3.0,2.0,0.0,6,0.0,6,0,1,0,1,0,0,0,1,1,0,0,21717.0
15.0,15.0,10.0,5.0,4.0,0.0,10,1.0,9,0,1,1,1,0,0,0,1,1,0,1,120000.0
13.0,27.0,12.0,3.0,7.0,1.0,6,9.0,9,1,1,0,1,1,0,0,1,0,0,1,120295.0
3.0,5.0,4.0,5.0,5.0,0.0,7,1.0,5,0,1,0,1,0,1,0,1,0,0,1,26852.0
1.0,7.0,10.0,6.0,7.0,1.0,2,10.0,8,1,1,1,1,1,0,0,0,0,0,1,21481.0
20.0,22.0,25.0,6.0,7.0,0.0,7,0.0,5,0,1,1,1,1,0,0,0,0,0,1,102036.0
9.0,25.0,9.0,3.0,5.0,0.0,6,0.0,5,0,1,0,1,1,0,0,0,0,0,1,55200.0
12.0,22.0,10.0,5.0,4.0,0.0,9,0.0,5,0,1,1,1,0,0,0,1,0,0,1,145222.0
14.0,16.0,10.0,4.0,1.0,0.0,2,0.0,6,0,1,0,1,0,0,0,1,1,0,0,64444.0
14.0,18.0,10.0,6.0,7.0,0.0,6,4.0,3,0,0,0,1,1,1,0,0,0,0,1,70656.0
1.0,5.0,1.0,2.0,7.0,0.0,1,0.0,11,1,1,1,1,1,1,1,0,1,0,1,43616.0
8.0,14.0,6.0,6.0,8.0,0.0,1,0.0,4,0,1,1,0,0,0,0,0,1,0,1,74874.0
10.0,13.0,10.0,5.0,7.0,0.0,10,0.0,7,1,1,1,1,0,1,0,0,0,0,1,315000.0
5.0,6.0,6.0,3.0,4.0,0.0,6,2.0,6,0,1,1,1,0,0,0,0,0,0,1,128887.0
16.0,18.0,10.0,1.0,2.0,1.0,7,0.0,10,1,1,1,1,0,1,0,1,0,0,1,34370.0
12.0,16.0,15.0,3.0,4.0,0.0,8,2.0,1,0,0,0,0,0,0,0,0,0,0,1,29621.0
7.0,10.0,7.0,5.0,4.0,0.0,6,0.0,6,0,1,1,1,0,1,0,1,0,0,1,20000.0
5.0,16.0,5.0,6.0,5.0,1.0,3,9.0,6,1,1,0,0,0,0,0,0,0,0,1,75721.0
25.0,35.0,24.0,5.0,2.0,0.0,9,10.0,6,1,1,1,0,0,1,0,0,0,0,1,119745.0
14.0,18.0,14.0,5.0,9.0,0.0,10,10.0,5,1,1,0,1,0,0,0,0,0,0,1,200000.0
10.0,12.0,10.0,5.0,5.0,0.0,6,0.0,3,0,1,0,1,0,0,0,0,1,0,0,106500.0
13.0,18.0,13.0,5.0,4.0,1.0,6,1.0,4,1,0,0,1,1,0,0,0,0,0,1,89112.0
10.0,15.0,10.0,6.0,6.0,1.0,6,8.0,7,0,1,1,1,1,0,0,0,0,0,1,52991.0
30.0,43.0,40.0,1.0,5.0,0.0,10,0.0,2,0,1,0,0,0,0,0,1,0,0,1,165000.0
10.0,12.0,15.0,3.0,2.0,0.0,6,2.0,4,0,1,0,1,0,0,0,1,0,0,0,19333.0
0.0,8.0,0.0,3.0,7.0,0.0,6,10.0,3,1,0,0,0,0,0,0,0,0,1,1,21717.0
22.0,26.0,10.0,5.0,6.0,0.0,4,8.0,2,0,0,0,0,0,0,1,0,0,0,0,29909.0
4.0,7.0,7.0,7.0,5.0,1.0,1,4.0,3,1,0,0,0,0,0,0,0,0,0,1,71239.0
2.0,4.0,12.0,6.0,9.0,0.0,10,8.0,8,1,1,0,1,0,0,0,0,0,0,1,200000.0
11.0,14.0,11.0,3.0,4.0,1.0,6,6.0,7,0,1,1,0,1,0,0,0,0,0,1,85925.0
11.0,18.0,12.0,6.0,7.0,1.0,10,0.0,11,0,1,1,1,1,0,0,0,0,0,1,130000.0
2.0,12.0,10.0,6.0,5.0,1.0,5,4.0,10,1,1,1,1,1,0,0,0,0,1,1,64444.0
6.0,8.0,6.0,5.0,7.0,1.0,3,0.0,7,0,1,1,0,0,0,0,1,0,0,1,74970.0
20.0,39.0,10.0,7.0,8.0,1.0,1,0.0,8,1,1,0,1,0,1,0,1,0,0,1,72693.0
21.0,30.0,21.0,6.0,7.0,1.0,6,10.0,3,0,0,1,0,0,1,0,0,0,0,1,102950.0
1.0,6.0,1.0,4.0,4.0,0.0,7,1.0,1,0,0,0,0,1,0,0,0,0,0,1,24703.0
6.0,14.0,6.0,3.0,4.0,1.0,3,9.0,2,1,0,0,0,0,0,1,0,0,0,1,64444.0
30.0,37.0,30.0,6.0,7.0,1.0,6,0.0,8,0,1,1,1,1,0,1,0,0,0,1,102950.0
4.0,8.0,4.0,5.0,6.0,1.0,6,2.0,3,0,1,1,0,0,0,0,0,1,0,1,14253.0
5.0,9.0,5.0,5.0,7.0,1.0,10,0.0,5,1,1,1,1,0,0,0,0,0,0,1,140000.0
7.0,8.0,7.0,4.0,5.0,1.0,5,1.0,8,0,1,1,1,1,0,1,1,0,0,1,77332.0
3.0,5.0,5.0,6.0,4.0,1.0,3,4.0,3,1,1,0,1,0,0,0,0,0,0,1,80555.0
29.0,38.0,30.0,5.0,9.0,1.0,10,1.0,3,0,1,0,1,0,0,0,0,0,0,1,220000.0
9.0,16.0,9.0,3.0,4.0,1.0,3,2.0,3,0,1,1,0,0,0,0,0,0,0,1,76795.0
23.0,31.0,10.0,3.0,1.0,1.0,6,0.0,5,0,1,1,1,0,1,0,0,0,0,0,134043.0
41.0,47.0,10.0,6.0,1.0,0.0,6,8.0,15,1,1,1,1,0,1,1,1,0,0,0,53452.0
35.0,40.0,29.0,6.0,4.0,1.0,5,4.0,9,1,1,0,1,1,0,0,0,0,1,1,118147.0
8.0,15.0,14.0,7.0,4.0,2.0,6,1.0,1,0,0,0,0,1,0,0,0,0,0,1,67227.0
32.0,37.0,10.0,5.0,9.0,0.0,10,3.0,7,1,0,0,1,0,0,0,0,0,0,1,200000.0
21.0,30.0,21.0,5.0,9.0,1.0,10,10.0,6,0,1,0,1,0,0,0,0,0,0,1,190000.0
5.0,10.0,5.0,6.0,7.0,1.0,3,0.0,9,0,1,0,1,1,0,1,0,0,1,1,59073.0
10.0,16.0,10.0,5.0,9.0,1.0,6,0.0,5,0,1,1,0,0,1,0,0,0,1,1,76763.0
17.0,25.0,17.0,3.0,3.0,0.0,9,0.0,8,1,1,1,1,0,1,0,0,0,0,1,82802.0
26.0,13.0,10.0,6.0,9.0,1.0,6,10.0,2,0,0,0,0,0,0,0,0,0,0,1,34370.0
12.0,20.0,10.0,6.0,4.0,0.0,6,1.0,2,0,1,1,0,0,0,0,0,0,0,1,50000.0
11.0,11.0,11.0,5.0,4.0,0.0,10,0.0,4,0,1,1,0,0,1,0,0,0,0,1,101500.0
20.0,25.0,15.0,6.0,7.0,2.0,6,10.0,2,0,0,0,0,0,0,0,0,0,0,1,60092.0
18.0,25.0,18.0,6.0,9.0,0.0,1,8.0,2,0,0,0,0,0,1,0,0,0,0,1,163559.0
13.0,20.0,13.0,5.0,3.0,0.0,1,8.0,1,0,0,0,0,0,1,0,0,0,0,1,83597.0
1.0,2.0,10.0,6.0,7.0,2.0,6,0.0,3,0,1,0,1,1,0,0,0,0,0,1,23163.0
20.0,25.0,20.0,5.0,7.0,1.0,7,10.0,8,1,1,0,1,1,0,0,0,0,0,1,63370.0
10.0,12.0,10.0,3.0,4.0,0.0,1,10.0,7,1,1,1,0,0,0,0,0,0,1,1,107406.0
8.0,15.0,8.0,4.0,4.0,0.0,1,1.0,3,1,0,0,0,0,1,0,0,0,0,1,94501.0
10.0,14.0,10.0,5.0,1.0,0.0,10,0.0,4,0,1,1,0,0,1,0,0,0,0,0,150000.0
22.0,26.0,22.0,6.0,5.0,0.0,10,0.0,5,0,1,1,1,0,1,0,0,0,0,1,220000.0
20.0,20.0,10.0,5.0,4.0,0.0,9,0.0,7,1,1,1,1,0,1,0,0,0,0,1,89172.0
6.0,8.0,7.0,5.0,2.0,0.0,6,0.0,7,0,1,1,0,0,1,1,1,0,0,0,37592.0
19.0,25.0,19.0,5.0,4.0,0.0,7,6.0,4,0,0,1,0,0,0,0,0,1,0,1,128887.0
5.0,9.0,4.0,5.0,7.0,1.0,3,0.0,7,1,1,1,0,1,0,0,0,0,0,0,13237.0
10.0,14.0,10.0,3.0,2.0,0.0,3,0.0,5,1,1,0,1,0,0,0,0,0,0,1,102036.0
10.0,14.0,10.0,5.0,6.0,0.0,4,1.0,6,0,0,0,1,0,1,0,0,0,0,1,23927.0
10.0,10.0,10.0,3.0,4.0,1.0,6,0.0,4,0,1,0,0,0,1,0,0,1,0,1,114759.0
8.0,10.0,8.0,6.0,4.0,0.0,6,1.0,15,1,1,0,1,1,0,1,1,1,1,1,90221.0
11.0,20.0,11.0,5.0,7.0,0.0,10,0.0,7,1,1,0,1,0,0,0,0,0,0,1,140000.0
14.0,21.0,10.0,6.0,4.0,0.0,4,0.0,3,0,0,0,1,0,1,0,0,0,0,1,35890.0
11.0,12.0,14.0,7.0,6.0,1.0,10,10.0,3,0,0,0,0,0,0,1,0,0,0,1,60000.0
6.0,10.0,6.0,6.0,9.0,0.0,10,9.0,8,1,0,0,1,0,0,0,1,0,0,1,148000.0
7.0,15.0,10.0,6.0,3.0,0.0,3,10.0,3,1,0,0,0,0,0,1,0,0,0,1,59073.0
2.0,4.0,2.0,5.0,8.0,2.0,6,10.0,4,1,1,0,0,0,0,1,0,0,1,1,21663.0
8.0,13.0,8.0,5.0,9.0,1.0,3,0.0,5,0,1,1,0,0,1,0,0,0,0,1,71962.0
3.0,6.0,4.0,3.0,5.0,1.0,3,0.0,5,0,1,1,0,1,1,0,0,0,0,1,49407.0
5.0,11.0,10.0,6.0,3.0,1.0,6,9.0,9,1,1,1,0,0,0,1,0,0,0,0,25777.0
3.0,6.0,10.0,6.0,5.0,2.0,6,1.0,4,1,0,0,0,0,1,0,0,0,0,1,38154.0
33.0,33.0,33.0,6.0,9.0,1.0,10,0.0,4,0,0,1,1,1,1,0,0,0,0,1,290000.0
2.0,3.0,3.0,7.0,7.0,0.0,6,3.0,2,1,0,0,0,0,0,0,0,0,0,1,29111.0
7.0,8.0,19.0,5.0,8.0,0.0,10,0.0,6,0,1,1,1,1,1,0,0,0,0,1,130000.0
32.0,40.0,26.0,5.0,8.0,0.0,7,8.0,3,0,1,0,1,0,0,0,0,0,0,1,80555.0
3.0,8.0,3.0,5.0,5.0,2.0,10,0.0,8,0,1,0,1,0,1,0,0,0,1,1,95000.0
5.0,6.0,10.0,5.0,5.0,1.0,10,0.0,6,0,1,0,1,1,0,0,0,0,0,1,72000.0
4.0,6.0,4.0,2.0,9.0,1.0,9,0.0,4,0,1,1,0,1,0,0,0,0,0,1,76433.0
8.0,15.0,8.0,5.0,2.0,2.0,1,0.0,4,0,1,0,1,0,1,0,0,0,0,1,73420.0
4.0,6.0,10.0,6.0,6.0,2.0,10,10.0,6,1,0,0,1,0,0,0,0,0,0,1,82000.0
2.0,6.0,2.0,5.0,9.0,1.0,10,10.0,9,1,1,0,0,1,0,1,0,0,1,1,115000.0
12.0,14.0,16.0,6.0,8.0,2.0,6,8.0,2,0,0,0,0,0,0,1,0,0,0,1,41351.0
1.0,7.0,10.0,3.0,5.0,2.0,6,10.0,4,1,0,0,0,0,0,0,0,0,0,0,62393.0
20.0,25.0,25.0,6.0,2.0,1.0,4,10.0,5,0,1,1,1,0,1,0,0,0,0,1,59817.0
4.0,5.0,4.0,5.0,6.0,1.0,6,0.0,8,1,1,1,1,1,0,0,0,1,0,1,23703.0
4.0,10.0,4.0,6.0,5.0,1.0,6,1.0,3,1,1,0,0,1,0,0,0,0,0,1,30074.0
12.0,19.0,12.0,5.0,4.0,2.0,10,6.0,4,0,0,0,0,0,0,1,0,0,0,1,210000.0
8.0,12.0,8.0,5.0,5.0,0.0,8,2.0,3,0,1,1,0,0,0,0,0,0,0,1,50000.0
5.0,5.0,10.0,5.0,5.0,0.0,3,10.0,2,0,1,0,0,0,0,0,0,0,0,1,32222.0
2.0,7.0,2.0,6.0,7.0,0.0,8,1.0,5,1,1,0,1,1,0,0,0,0,0,1,12000.0
15.0,15.0,17.0,6.0,9.0,1.0,6,9.0,1,0,0,0,0,0,0,0,0,0,0,1,85925.0
6.0,9.0,10.0,1.0,4.0,2.0,6,0.0,5,0,1,1,1,0,1,0,0,0,0,1,33355.0
38.0,38.0,10.0,3.0,8.0,1.0,6,8.0,5,0,0,0,1,0,0,1,0,0,0,0,110991.0
4.0,6.0,4.0,5.0,9.0,0.0,6,7.0,3,0,1,0,0,1,0,0,0,0,0,1,31806.0
10.0,13.0,10.0,5.0,5.0,0.0,0,6.0,7,1,1,1,1,1,0,0,0,0,0,1,55946.0
33.0,35.0,25.0,6.0,9.0,0.0,3,10.0,9,1,1,1,0,1,0,0,0,0,0,1,144998.0
5.0,10.0,5.0,5.0,6.0,0.0,6,1.0,4,0,1,1,1,0,1,0,0,0,0,1,100000.0
3.0,7.0,10.0,3.0,5.0,0.0,6,10.0,2,1,0,0,1,0,0,0,0,0,0,1,18000.0
12.0,18.0,12.0,4.0,9.0,1.0,6,0.0,5,0,0,0,1,0,1,0,0,1,0,1,38742.0
12.0,13.0,12.0,3.0,5.0,1.0,9,0.0,14,1,1,1,0,1,1,1,1,1,0,1,64968.0
34.0,40.0,10.0,5.0,1.0,0.0,1,8.0,6,0,0,0,1,1,1,1,0,0,1,0,87231.0
0.0,10.0,10.0,3.0,4.0,2.0,10,0.0,5,0,1,0,1,0,1,0,0,0,0,1,51000.0
6.0,8.0,7.0,6.0,6.0,0.0,6,1.0,8,1,1,1,0,1,0,0,0,1,0,1,44000.0
22.0,34.0,22.0,6.0,3.0,0.0,7,0.0,3,0,0,0,1,0,1,0,0,0,0,0,112777.0
2.0,6.0,6.0,6.0,5.0,1.0,6,0.0,4,0,0,1,0,0,0,0,1,1,0,1,74305.0
27.0,27.0,10.0,3.0,1.0,0.0,9,0.0,8,0,1,1,1,0,1,0,1,0,0,0,76433.0
21.0,23.0,21.0,5.0,5.0,0.0,10,10.0,8,0,1,0,1,0,1,0,1,0,0,1,145000.0
8.0,13.0,10.0,5.0,3.0,0.0,6,1.0,5,0,1,1,1,0,0,0,1,0,0,0,20000.0
23.0,28.0,23.0,5.0,4.0,1.0,9,10.0,15,1,1,1,1,1,1,1,0,0,1,0,133757.0
10.0,14.0,10.0,6.0,6.0,0.0,7,5.0,3,1,0,0,1,0,0,0,0,0,0,1,85925.0
14.0,20.0,15.0,3.0,7.0,1.0,9,0.0,5,1,1,1,0,0,0,1,0,0,0,1,203821.0
7.0,13.0,10.0,3.0,9.0,0.0,6,1.0,6,1,0,0,0,0,0,1,0,0,0,1,49493.0
5.0,10.0,5.0,5.0,5.0,0.0,6,10.0,5,1,0,0,0,1,0,0,0,0,1,1,54053.0
6.0,8.0,8.0,5.0,7.0,0.0,3,0.0,4,0,0,0,1,0,0,0,0,0,0,1,73036.0
2.0,4.0,10.0,2.0,1.0,1.0,3,2.0,6,0,1,1,1,1,0,0,1,0,0,0,12889.0
32.0,32.0,32.0,6.0,4.0,1.0,0,8.0,7,1,0,0,1,0,1,0,0,0,0,1,93244.0
27.0,40.0,30.0,5.0,5.0,1.0,9,6.0,7,1,1,1,0,0,1,0,1,0,0,0,155413.0
7.0,10.0,7.0,5.0,4.0,1.0,10,0.0,5,0,1,1,1,1,0,0,0,0,0,1,106000.0
19.0,22.0,19.0,2.0,4.0,1.0,6,10.0,4,0,0,1,0,0,1,0,1,0,0,1,59073.0
16.0,23.0,16.0,3.0,4.0,0.0,5,0.0,4,0,1,1,0,0,0,0,1,0,0,1,123517.0
8.0,14.0,10.0,5.0,5.0,0.0,6,1.0,5,1,0,0,1,0,0,1,0,1,0,1,50400.0
9.0,9.0,10.0,6.0,4.0,1.0,6,7.0,2,0,0,0,0,1,0,0,0,0,0,1,166320.0
5.0,15.0,4.0,6.0,2.0,0.0,6,7.0,3,0,0,0,1,0,0,0,0,0,0,0,26637.0
5.0,10.0,10.0,3.0,1.0,0.0,4,0.0,6,1,1,1,1,0,0,0,0,0,1,0,14356.0
4.0,11.0,4.0,2.0,4.0,2.0,6,1.0,5,0,1,1,0,0,0,0,1,1,0,1,22913.0
9.0,18.0,9.0,6.0,4.0,0.0,3,0.0,5,0,0,1,0,1,0,0,0,1,0,1,107406.0
6.0,8.0,6.0,5.0,5.0,0.0,10,1.0,7,0,1,1,1,0,1,0,1,0,0,1,150000.0
17.0,22.0,17.0,7.0,9.0,1.0,3,3.0,7,1,0,0,1,0,0,1,0,1,1,1,134258.0
17.0,25.0,17.0,6.0,6.0,0.0,6,1.0,2,0,0,0,0,0,1,0,0,1,0,1,73950.0
10.0,14.0,10.0,6.0,7.0,1.0,6,1.0,5,0,0,1,0,0,1,0,0,0,0,1,76714.0
6.0,6.0,10.0,5.0,4.0,0.0,8,10.0,1,1,0,0,0,0,0,0,0,0,0,1,29621.0
10.0,13.0,10.0,6.0,8.0,1.0,1,10.0,4,1,0,0,0,0,0,0,0,0,0,1,76328.0
25.0,30.0,10.0,5.0,1.0,1.0,6,10.0,3,1,1,0,1,0,0,0,0,0,0,0,23185.0
22.0,26.0,24.0,5.0,9.0,0.0,10,6.0,1,0,0,0,0,0,0,0,0,0,0,1,220000.0
10.0,20.0,10.0,5.0,6.0,1.0,10,1.0,9,1,0,1,1,1,0,0,1,1,1,1,235000.0
5.0,10.0,5.0,6.0,4.0,1.0,2,5.0,5,1,1,0,1,0,0,0,0,0,1,1,42962.0
5.0,5.0,5.0,6.0,5.0,0.0,8,2.0,3,0,1,1,0,0,0,0,0,0,0,1,41469.0
0.0,4.0,10.0,4.0,4.0,1.0,5,5.0,1,0,0,0,0,0,0,0,0,1,0,1,45111.0
12.0,12.0,12.0,2.0,4.0,2.0,6,5.0,13,1,1,1,1,1,0,1,1,1,0,1,64848.0
19.0,19.0,19.0,6.0,2.0,0.0,6,7.0,2,0,0,0,0,0,1,0,0,0,0,0,86870.0
11.0,15.0,11.0,6.0,2.0,0.0,6,0.0,5,0,1,1,1,0,1,0,0,0,0,1,22258.0
5.0,7.0,10.0,3.0,7.0,0.0,10,10.0,2,0,1,0,0,0,0,0,0,0,0,1,72000.0
4.0,10.0,10.0,3.0,6.0,0.0,6,10.0,4,0,0,0,0,0,1,0,0,1,1,1,64570.0
3.0,9.0,3.0,6.0,6.0,1.0,6,1.0,2,0,1,1,0,0,0,0,0,0,0,1,45111.0
4.0,4.0,10.0,5.0,2.0,2.0,4,1.0,4,1,1,0,0,1,0,0,0,0,0,1,11963.0
12.0,18.0,10.0,5.0,3.0,0.0,10,1.0,7,1,1,1,1,0,0,0,0,0,0,1,70000.0
13.0,16.0,13.0,6.0,2.0,0.0,6,0.0,4,1,0,0,1,1,0,0,0,0,0,1,52726.0
2.0,4.0,10.0,4.0,5.0,1.0,1,0.0,5,0,1,0,1,0,1,0,1,0,0,1,55247.0
2.0,3.0,2.0,6.0,8.0,1.0,6,8.0,6,0,1,1,1,0,1,0,0,0,0,1,32222.0
4.0,6.0,4.0,5.0,9.0,1.0,10,10.0,6,1,0,0,0,0,0,1,0,0,0,1,115000.0
3.0,3.0,3.0,5.0,7.0,0.0,8,2.0,4,1,1,0,0,0,0,0,0,0,0,1,19747.0
10.0,10.0,11.0,5.0,5.0,0.0,6,0.0,9,1,1,0,1,1,0,1,0,0,0,1,83941.0
2.0,3.0,10.0,2.0,4.0,1.0,6,1.0,3,0,0,0,1,0,1,0,0,0,0,1,12984.0
2.0,15.0,2.0,5.0,2.0,2.0,10,0.0,4,0,1,1,0,1,0,0,0,0,0,1,80000.0
20.0,27.0,20.0,4.0,4.0,0.0,10,1.0,4,0,0,0,1,0,0,0,0,1,1,1,200000.0
28.0,35.0,28.0,4.0,7.0,0.0,6,0.0,3,0,0,1,1,0,1,0,0,0,0,1,48092.0
3.0,7.0,10.0,2.0,5.0,1.0,9,0.0,3,1,1,0,0,0,0,0,0,0,0,1,46497.0
2.0,6.0,2.0,5.0,5.0,1.0,6,1.0,4,1,1,0,0,1,0,0,0,0,0,1,53703.0
23.0,26.0,10.0,5.0,4.0,1.0,10,8.0,5,0,0,0,1,0,1,0,0,0,0,1,140000.0
8.0,20.0,10.0,5.0,4.0,0.0,6,0.0,4,0,1,0,1,0,0,0,0,1,0,1,232834.0
14.0,14.0,10.0,6.0,4.0,1.0,6,10.0,7,1,1,0,1,0,0,0,1,1,1,1,36625.0
2.0,7.0,10.0,6.0,5.0,2.0,2,1.0,3,1,0,1,0,1,0,0,0,0,0,1,69814.0
9.0,14.0,10.0,5.0,9.0,1.0,5,2.0,3,0,1,1,0,0,0,0,0,0,0,1,84851.0
9.0,12.0,9.0,6.0,5.0,0.0,10,0.0,4,0,1,1,0,0,1,0,0,0,0,1,180000.0
0.0,7.0,10.0,6.0,4.0,2.0,6,10.0,3,1,0,0,0,0,0,0,0,0,0,1,51475.0
5.0,8.0,10.0,6.0,4.0,1.0,8,2.0,3,0,1,1,0,0,0,0,0,0,0,1,55000.0
15.0,18.0,18.0,6.0,7.0,0.0,6,1.0,5,0,1,0,1,1,0,0,0,0,0,0,103935.0
7.0,10.0,10.0,2.0,5.0,1.0,3,0.0,4,0,1,0,1,0,1,0,0,0,0,1,77332.0
2.0,5.0,10.0,5.0,4.0,0.0,6,2.0,8,0,1,1,1,1,0,0,1,0,0,1,12000.0
7.0,12.0,7.0,5.0,7.0,1.0,6,1.0,5,0,1,0,0,1,0,0,0,0,0,1,44544.0
15.0,18.0,15.0,6.0,5.0,0.0,1,3.0,3,1,1,0,0,0,0,0,0,0,0,1,122124.0
10.0,15.0,10.0,6.0,9.0,1.0,10,10.0,3,1,1,1,0,0,0,0,0,0,0,1,160000.0
7.0,20.0,7.0,5.0,9.0,1.0,6,10.0,1,0,0,1,0,0,0,0,0,0,0,1,145345.0
6.0,8.0,7.0,5.0,3.0,0.0,6,0.0,7,1,1,1,1,0,1,0,1,0,0,1,51555.0
8.0,11.0,8.0,5.0,7.0,0.0,10,0.0,5,0,1,1,0,0,0,0,0,0,0,1,210000.0
14.0,16.0,14.0,5.0,8.0,2.0,4,0.0,1,1,0,0,0,0,0,0,0,0,0,1,47854.0
3.0,4.0,3.0,7.0,5.0,2.0,10,10.0,2,1,0,0,0,0,0,0,0,0,1,1,184000.0
10.0,11.0,10.0,5.0,5.0,1.0,0,0.0,6,0,1,1,1,0,1,1,0,0,0,1,13576.0
6.0,10.0,6.0,6.0,4.0,1.0,6,0.0,7,1,1,1,1,1,0,0,0,0,0,0,54728.0
4.0,5.0,4.0,3.0,2.0,0.0,7,0.0,7,1,1,1,1,0,0,0,1,0,0,1,38216.0
5.0,7.0,6.0,6.0,7.0,1.0,5,0.0,9,1,1,1,1,0,0,0,0,1,0,0,82703.0
10.0,14.0,10.0,3.0,4.0,1.0,9,0.0,4,0,1,1,0,1,0,0,0,0,0,1,73885.0
2.0,6.0,2.0,5.0,4.0,2.0,10,0.0,8,1,1,1,0,0,1,1,0,0,0,1,50000.0
17.0,24.0,17.0,5.0,5.0,1.0,4,1.0,6,1,0,0,0,0,0,1,0,1,1,1,119635.0
2.0,7.0,2.0,5.0,3.0,2.0,9,0.0,6,1,1,0,1,0,1,0,0,0,0,1,63694.0
6.0,11.0,10.0,3.0,4.0,1.0,5,0.0,4,0,1,1,0,1,0,0,0,0,0,1,41461.0
12.0,38.0,12.0,6.0,9.0,0.0,10,0.0,5,1,1,0,0,1,0,1,0,0,0,1,196000.0
12.0,16.0,10.0,5.0,5.0,1.0,9,10.0,3,1,0,1,0,0,0,0,0,0,1,1,70063.0
9.0,15.0,9.0,6.0,7.0,1.0,6,6.0,1,0,0,0,0,1,0,0,0,0,0,1,86613.0
28.0,35.0,10.0,3.0,4.0,1.0,3,0.0,7,0,1,1,1,0,0,0,1,0,1,1,96666.0
8.0,12.0,8.0,6.0,4.0,1.0,9,0.0,7,1,1,0,1,0,0,0,0,1,0,1,114649.0
14.0,14.0,14.0,5.0,4.0,1.0,6,0.0,6,1,0,1,1,0,1,0,0,1,1,0,83563.0
24.0,27.0,24.0,6.0,9.0,1.0,9,8.0,1,0,0,0,0,0,0,1,0,0,0,1,108280.0
4.0,6.0,4.0,5.0,3.0,1.0,6,2.0,5,0,1,1,1,0,0,1,0,0,0,0,16111.0
8.0,14.0,8.0,2.0,7.0,1.0,6,10.0,6,0,1,0,1,1,0,1,0,0,0,1,56465.0
43.0,45.0,43.0,5.0,9.0,2.0,10,1.0,7,1,0,0,1,0,0,0,0,0,0,1,190000.0
25.0,25.0,10.0,6.0,6.0,1.0,6,4.0,4,1,0,0,1,0,0,0,1,0,0,1,48333.0
2.0,8.0,2.0,5.0,5.0,1.0,3,2.0,3,0,1,1,0,0,0,0,0,0,0,1,57999.0
2.0,7.0,2.0,3.0,2.0,2.0,6,8.0,9,0,1,1,1,0,1,1,0,0,0,1,60222.0
4.0,5.0,4.0,4.0,7.0,0.0,7,7.0,5,0,0,0,0,1,0,0,0,0,1,1,32222.0
4.0,7.0,4.0,2.0,5.0,1.0,6,0.0,9,1,1,1,1,1,1,0,0,1,0,1,37592.0
5.0,10.0,5.0,3.0,4.0,1.0,6,10.0,5,1,0,0,0,0,0,1,0,0,0,1,56155.0
6.0,9.0,7.0,5.0,5.0,1.0,6,0.0,5,0,1,1,1,0,0,0,1,0,0,1,70849.0
25.0,35.0,28.0,3.0,6.0,0.0,7,1.0,6,0,1,1,1,1,0,0,0,0,0,1,59073.0
12.0,30.0,10.0,1.0,3.0,0.0,6,1.0,9,1,1,0,0,0,0,0,1,0,1,1,56086.0
30.0,36.0,30.0,6.0,9.0,0.0,0,10.0,2,1,0,0,0,0,1,0,0,0,0,1,42519.0
3.0,7.0,10.0,5.0,5.0,0.0,6,10.0,2,0,0,0,0,0,0,0,0,1,0,1,35612.0
6.0,12.0,10.0,7.0,6.0,0.0,10,10.0,10,1,1,1,1,0,1,0,0,1,0,1,230000.0
4.0,7.0,7.0,5.0,2.0,2.0,6,1.0,5,0,0,0,1,1,0,1,0,0,0,1,10197.0
9.0,20.0,9.0,5.0,7.0,2.0,10,0.0,5,0,0,0,1,0,1,0,0,0,0,1,80000.0
25.0,42.0,10.0,3.0,4.0,1.0,10,0.0,6,1,0,1,1,0,1,0,0,0,0,1,200000.0
15.0,20.0,15.0,4.0,3.0,1.0,5,0.0,6,1,1,1,1,0,0,0,1,0,0,1,47259.0
3.0,10.0,6.0,5.0,6.0,2.0,6,0.0,5,0,0,1,1,0,0,0,0,0,1,1,75184.0
21.0,24.0,24.0,5.0,7.0,1.0,6,10.0,6,1,1,0,1,0,0,0,0,0,0,1,22409.0
17.0,24.0,10.0,6.0,2.0,1.0,2,0.0,4,0,1,0,1,0,0,0,1,0,0,1,32222.0
28.0,24.0,10.0,5.0,5.0,0.0,10,6.0,9,1,1,1,1,0,0,0,1,0,0,1,154000.0
5.0,5.0,8.0,6.0,9.0,2.0,3,10.0,6,1,0,0,1,0,0,0,0,1,0,1,107406.0
8.0,10.0,8.0,5.0,5.0,1.0,6,1.0,4,1,1,0,1,0,0,0,0,0,0,1,149688.0
17.0,25.0,17.0,5.0,3.0,0.0,6,0.0,6,1,1,0,1,0,0,0,1,0,0,1,83764.0
16.0,16.0,10.0,6.0,7.0,0.0,6,0.0,11,1,1,1,1,1,1,1,0,0,0,1,64444.0
8.0,12.0,8.0,6.0,5.0,0.0,6,0.0,5,0,1,1,1,1,1,0,0,0,0,1,17428.0
2.0,3.0,2.0,2.0,3.0,1.0,8,1.0,4,0,1,0,1,0,0,0,1,0,0,1,12000.0
25.0,35.0,10.0,7.0,5.0,2.0,3,10.0,3,1,0,0,0,0,0,0,0,0,0,1,42962.0
7.0,7.0,7.0,3.0,2.0,0.0,8,1.0,1,0,0,0,0,0,0,0,0,1,0,1,60000.0
10.0,15.0,15.0,5.0,5.0,1.0,6,0.0,7,1,1,1,1,0,0,0,1,0,0,0,122559.0
3.0,8.0,3.0,6.0,2.0,1.0,6,10.0,6,1,0,0,0,0,0,1,0,0,1,1,59189.0
18.0,20.0,10.0,4.0,5.0,1.0,3,0.0,5,0,0,0,1,1,1,0,0,0,1,1,59073.0
10.0,14.0,10.0,6.0,4.0,1.0,6,0.0,9,1,1,1,1,0,1,0,0,1,0,1,118147.0
12.0,25.0,12.0,5.0,5.0,0.0,1,1.0,4,0,0,1,1,0,0,0,0,0,0,1,98862.0
4.0,7.0,4.0,1.0,4.0,0.0,6,2.0,5,1,1,1,0,0,1,0,0,0,0,1,48000.0
35.0,40.0,10.0,5.0,4.0,2.0,6,4.0,4,1,1,0,1,0,0,0,0,0,0,1,61457.0
8.0,28.0,41.0,6.0,7.0,0.0,9,4.0,2,0,1,0,1,0,0,0,0,0,0,1,63694.0
1.0,4.0,10.0,3.0,9.0,2.0,10,0.0,8,1,1,1,1,1,0,0,0,0,0,0,72000.0
10.0,30.0,10.0,7.0,7.0,0.0,10,10.0,4,0,0,0,0,0,1,1,0,0,1,1,250000.0
5.0,7.0,5.0,6.0,5.0,1.0,6,1.0,3,0,1,0,0,1,0,0,0,0,0,1,35444.0
3.0,8.0,3.0,6.0,4.0,1.0,2,8.0,7,1,1,0,1,0,1,1,1,0,0,0,37592.0
5.0,10.0,5.0,6.0,5.0,1.0,3,9.0,11,1,1,1,1,0,1,1,0,0,1,1,62296.0
3.0,5.0,3.0,6.0,4.0,0.0,8,0.0,2,0,1,0,0,0,0,0,0,0,0,1,25777.0
46.0,47.0,10.0,6.0,1.0,0.0,3,0.0,5,1,1,0,0,0,0,1,0,0,0,0,161109.0
9.0,15.0,9.0,6.0,6.0,0.0,10,0.0,7,0,1,1,1,0,1,0,0,0,0,1,120000.0
4.0,7.0,10.0,5.0,7.0,1.0,10,3.0,5,1,0,0,1,0,0,0,0,0,0,1,128000.0
2.0,10.0,10.0,7.0,7.0,1.0,5,10.0,1,0,0,0,0,0,0,1,0,0,0,1,42962.0
4.0,7.0,4.0,6.0,2.0,2.0,2,0.0,9,1,1,1,0,0,0,0,1,0,0,0,15466.0
26.0,35.0,26.0,5.0,4.0,0.0,6,10.0,16,1,1,1,1,1,0,1,1,1,1,0,107406.0
4.0,15.0,10.0,5.0,9.0,2.0,5,1.0,3,1,0,0,0,1,0,0,0,0,1,1,53703.0
2.0,2.0,10.0,4.0,7.0,2.0,10,4.0,8,0,1,0,1,0,1,0,1,0,0,1,76000.0
3.0,7.0,3.0,6.0,4.0,1.0,6,1.0,3,0,0,0,0,0,0,0,0,0,1,1,46198.0
8.0,12.0,10.0,5.0,7.0,1.0,3,7.0,12,1,1,1,0,1,0,1,0,0,1,1,97740.0
5.0,8.0,5.0,5.0,5.0,0.0,6,0.0,9,1,1,1,1,1,1,0,1,1,0,1,38140.0
5.0,9.0,10.0,5.0,9.0,1.0,10,1.0,4,1,0,0,0,0,0,1,0,0,0,1,250000.0
7.0,18.0,7.0,6.0,5.0,0.0,2,0.0,5,0,1,1,1,1,0,0,0,0,0,1,68740.0
13.0,19.0,13.0,1.0,8.0,0.0,6,0.0,7,1,1,1,1,0,1,0,0,0,0,1,69814.0
15.0,20.0,15.0,6.0,4.0,0.0,6,10.0,1,0,0,0,0,0,0,0,0,0,0,1,122559.0
3.0,7.0,3.0,5.0,5.0,2.0,7,0.0,4,1,1,0,1,0,0,0,0,0,0,1,30074.0
10.0,17.0,10.0,5.0,6.0,0.0,0,1.0,4,0,0,1,1,0,0,0,0,0,1,1,130000.0
20.0,40.0,33.0,6.0,2.0,0.0,6,1.0,9,1,0,0,0,0,0,0,0,1,0,0,128887.0
6.0,20.0,6.0,7.0,6.0,1.0,6,8.0,2,0,0,0,0,0,1,0,0,0,0,1,89147.0
6.0,12.0,10.0,6.0,9.0,1.0,9,10.0,1,0,0,0,0,0,0,0,0,1,0,1,95541.0
6.0,10.0,6.0,6.0,9.0,2.0,9,1.0,4,1,0,0,0,0,0,1,0,1,1,1,292992.0
30.0,33.0,33.0,2.0,4.0,0.0,3,2.0,2,0,1,0,1,0,0,0,0,0,0,1,123517.0
3.0,4.0,23.0,5.0,4.0,0.0,1,0.0,3,1,0,0,1,1,0,0,0,0,0,1,65424.0
5.0,10.0,5.0,2.0,6.0,2.0,6,10.0,5,1,0,0,0,1,0,0,0,1,0,1,27389.0
27.0,31.0,27.0,4.0,3.0,0.0,9,2.0,3,0,1,1,0,0,0,0,1,0,0,0,45860.0
7.0,9.0,10.0,6.0,5.0,1.0,3,1.0,8,1,1,0,1,1,0,0,0,0,0,1,78407.0
6.0,10.0,10.0,5.0,6.0,0.0,8,2.0,3,0,1,1,0,0,0,0,0,0,0,1,48000.0
7.0,12.0,9.0,6.0,2.0,1.0,5,5.0,4,1,0,0,0,1,0,0,0,0,1,1,66592.0
2.0,10.0,2.0,5.0,5.0,1.0,1,1.0,11,1,1,1,1,1,0,1,0,0,0,1,72693.0
14.0,17.0,23.0,5.0,8.0,1.0,0,10.0,6,1,1,0,1,0,1,0,0,0,0,1,74595.0
8.0,10.0,8.0,3.0,4.0,0.0,0,1.0,4,0,1,1,1,1,0,0,0,0,0,1,28197.0
5.0,10.0,5.0,3.0,5.0,1.0,6,0.0,5,0,0,0,1,0,1,0,0,0,0,1,66387.0
23.0,30.0,23.0,3.0,7.0,1.0,5,4.0,5,1,0,0,0,1,0,0,0,0,0,0,118147.0
31.0,39.0,10.0,6.0,9.0,0.0,3,2.0,3,0,0,1,1,0,0,0,0,0,0,1,96666.0
15.0,25.0,20.0,5.0,5.0,1.0,6,0.0,6,0,1,1,1,0,1,0,0,0,0,1,52461.0
7.0,7.0,10.0,6.0,3.0,1.0,2,0.0,4,0,1,1,1,0,0,0,0,0,0,1,45111.0
11.0,22.0,11.0,5.0,5.0,0.0,10,1.0,2,0,1,1,0,0,0,0,0,0,0,1,171600.0
3.0,7.0,10.0,6.0,8.0,0.0,4,1.0,5,1,1,1,0,1,0,1,0,0,0,1,29909.0
13.0,16.0,13.0,6.0,6.0,0.0,2,1.0,1,0,0,0,0,1,0,0,0,0,0,1,88073.0
24.0,27.0,24.0,6.0,9.0,0.0,10,1.0,6,0,1,0,0,0,1,0,0,0,0,1,248537.0
1.0,5.0,10.0,5.0,4.0,2.0,6,0.0,8,0,1,1,1,0,1,0,0,1,0,1,46092.0
10.0,15.0,10.0,6.0,1.0,0.0,8,7.0,2,0,0,0,0,1,0,0,0,0,0,0,45122.0
10.0,15.0,10.0,6.0,9.0,2.0,6,0.0,5,1,1,1,1,0,0,0,0,0,0,1,144002.0
37.0,39.0,37.0,3.0,3.0,1.0,3,2.0,3,0,1,1,0,0,0,0,0,0,0,1,79481.0
1.0,3.0,3.0,5.0,4.0,1.0,1,3.0,4,1,0,0,1,0,0,0,0,0,0,1,39981.0
4.0,8.0,10.0,6.0,1.0,0.0,3,0.0,6,0,1,0,0,0,1,0,0,0,1,0,48333.0
16.0,40.0,10.0,7.0,1.0,0.0,3,10.0,7,1,1,1,0,0,1,1,1,0,0,0,30074.0
10.0,15.0,10.0,5.0,7.0,1.0,3,0.0,4,1,0,0,0,0,1,1,0,0,0,1,85925.0
15.0,22.0,10.0,6.0,4.0,1.0,6,9.0,9,1,1,0,0,1,1,1,0,0,0,1,53703.0
1.0,3.0,1.0,4.0,7.0,2.0,3,10.0,8,1,1,1,0,1,0,0,0,0,1,0,15466.0
3.0,9.0,8.0,6.0,5.0,2.0,6,0.0,7,0,1,0,0,1,1,1,0,0,0,1,25193.0
1.0,6.0,10.0,5.0,1.0,0.0,6,0.0,9,1,1,1,1,0,0,0,1,1,0,0,20000.0
7.0,10.0,10.0,5.0,2.0,1.0,10,0.0,6,0,1,0,1,0,0,0,0,0,0,1,95000.0
27.0,42.0,27.0,6.0,3.0,1.0,6,0.0,4,1,1,0,1,0,0,0,0,0,0,1,112309.0
5.0,8.0,10.0,4.0,5.0,2.0,5,0.0,11,1,1,1,1,1,1,0,1,0,0,1,42962.0
12.0,15.0,12.0,5.0,5.0,1.0,6,1.0,5,0,0,0,1,0,1,0,0,0,0,1,128829.0
18.0,27.0,18.0,6.0,9.0,1.0,2,2.0,6,0,1,1,0,0,1,0,0,0,0,1,85925.0
13.0,17.0,10.0,5.0,2.0,2.0,10,0.0,6,1,1,1,1,0,0,0,0,0,0,1,150000.0
4.0,6.0,10.0,7.0,1.0,0.0,6,3.0,1,0,0,0,0,0,0,0,0,0,0,0,10000.0
16.0,20.0,10.0,5.0,9.0,1.0,3,5.0,3,1,0,0,0,0,0,1,0,0,0,1,102036.0
10.0,13.0,10.0,3.0,8.0,0.0,6,1.0,2,0,0,0,0,0,0,0,0,0,0,1,72243.0
3.0,9.0,10.0,5.0,3.0,0.0,10,8.0,5,1,1,0,0,1,0,1,0,0,0,1,80000.0
20.0,35.0,23.0,3.0,7.0,1.0,3,0.0,11,1,1,0,1,1,0,0,1,0,0,1,107406.0
3.0,5.0,4.0,5.0,4.0,0.0,6,0.0,7,1,1,1,1,0,0,0,0,0,1,1,47782.0
6.0,13.0,10.0,5.0,3.0,0.0,6,7.0,5,0,1,0,0,1,1,0,0,0,0,1,27926.0
2.0,4.0,2.0,2.0,4.0,1.0,6,0.0,4,0,1,1,1,0,0,0,0,0,0,1,12982.0
32.0,42.0,32.0,3.0,4.0,0.0,6,1.0,5,0,0,1,0,0,1,0,0,0,0,1,112312.0
6.0,7.0,18.0,7.0,8.0,1.0,3,1.0,9,1,1,0,1,1,0,0,0,0,0,0,76258.0
5.0,10.0,4.0,5.0,4.0,2.0,10,9.0,6,1,0,1,0,0,0,1,0,0,1,1,175000.0
28.0,39.0,28.0,1.0,3.0,0.0,10,10.0,5,0,1,1,0,0,0,0,0,0,0,1,175000.0
28.0,28.0,28.0,1.0,8.0,1.0,6,5.0,1,1,0,0,0,0,0,0,0,0,0,1,116481.0
3.0,7.0,10.0,5.0,2.0,0.0,0,0.0,7,1,1,0,1,0,0,0,0,1,1,1,17903.0
6.0,7.0,10.0,5.0,5.0,1.0,6,1.0,2,0,0,0,0,0,0,1,0,0,0,1,45111.0
5.0,20.0,17.0,7.0,7.0,0.0,10,1.0,4,1,0,0,1,0,0,0,0,0,0,1,90000.0
7.0,8.0,10.0,5.0,4.0,0.0,6,7.0,1,0,0,0,0,0,1,0,0,0,0,1,50000.0
3.0,6.0,3.0,5.0,4.0,1.0,6,1.0,4,1,1,0,0,1,1,0,0,0,0,1,58138.0
9.0,12.0,9.0,6.0,4.0,0.0,8,1.0,2,0,1,1,0,0,0,0,0,0,0,0,46568.0
8.0,15.0,10.0,2.0,7.0,2.0,6,5.0,9,0,1,1,1,0,1,0,0,1,0,1,85000.0
17.0,28.0,10.0,5.0,9.0,2.0,10,10.0,8,1,1,0,1,0,0,0,0,0,0,1,400000.0
13.0,17.0,10.0,5.0,2.0,0.0,10,0.0,9,0,1,0,1,1,1,0,1,0,0,1,85000.0
4.0,8.0,7.0,5.0,5.0,1.0,10,0.0,5,1,1,0,1,0,0,0,0,0,0,1,125000.0
4.0,10.0,3.0,7.0,2.0,2.0,6,0.0,8,1,1,1,1,1,0,0,1,0,0,1,20231.0
5.0,9.0,4.0,6.0,4.0,0.0,4,7.0,1,0,0,0,0,0,0,0,0,0,0,1,32002.0
1.0,7.0,10.0,5.0,7.0,1.0,10,3.0,9,1,0,0,0,1,0,1,0,0,0,1,125000.0
5.0,16.0,10.0,7.0,7.0,1.0,0,10.0,5,1,1,0,0,1,0,0,0,0,0,1,35433.0
8.0,20.0,20.0,3.0,3.0,1.0,7,10.0,3,0,1,0,0,0,1,0,0,0,0,1,34370.0
17.0,17.0,17.0,2.0,5.0,0.0,9,0.0,5,1,1,1,0,0,0,0,0,1,0,1,127388.0
6.0,9.0,6.0,5.0,5.0,2.0,6,1.0,3,1,0,0,0,0,1,0,0,0,1,1,129602.0
5.0,7.0,5.0,6.0,5.0,1.0,6,0.0,6,0,1,0,1,0,1,0,1,0,0,1,71129.0
10.0,18.0,10.0,6.0,5.0,0.0,3,1.0,5,1,0,0,0,0,0,0,0,0,1,1,97740.0
20.0,20.0,10.0,5.0,4.0,1.0,9,8.0,7,0,1,1,1,0,1,0,0,0,0,1,127388.0
5.0,10.0,10.0,5.0,4.0,2.0,4,7.0,6,1,0,0,1,0,0,0,0,0,0,1,22611.0
6.0,12.0,10.0,5.0,7.0,1.0,5,0.0,8,1,1,1,1,1,0,0,1,0,0,1,93443.0
4.0,5.0,4.0,3.0,7.0,0.0,10,0.0,4,0,1,0,1,0,1,0,0,0,0,1,155000.0
17.0,25.0,17.0,5.0,4.0,2.0,6,0.0,4,0,0,0,1,1,0,0,0,0,0,1,10303.0
10.0,23.0,20.0,5.0,5.0,0.0,10,0.0,5,0,1,1,1,0,1,0,0,0,0,1,80000.0
10.0,14.0,7.0,5.0,7.0,1.0,10,10.0,6,1,0,0,0,1,1,0,0,1,0,1,155000.0
5.0,11.0,10.0,6.0,6.0,0.0,8,1.0,4,0,1,1,1,1,0,0,0,0,0,1,29621.0
15.0,22.0,15.0,6.0,4.0,2.0,6,0.0,8,0,1,0,1,1,0,0,1,0,0,1,50915.0
4.0,10.0,4.0,5.0,7.0,1.0,6,7.0,5,0,0,1,0,1,0,1,0,0,1,1,103482.0
7.0,11.0,10.0,5.0,6.0,2.0,4,0.0,7,1,1,1,1,1,0,0,0,1,0,1,51443.0
9.0,12.0,9.0,3.0,2.0,2.0,10,8.0,5,0,0,0,1,1,0,0,0,0,0,1,60000.0
4.0,5.0,5.0,2.0,5.0,0.0,3,7.0,1,0,0,0,0,0,0,0,0,0,0,1,25777.0
6.0,10.0,6.0,5.0,9.0,1.0,4,1.0,3,0,0,0,1,1,0,0,0,0,0,1,14356.0
30.0,32.0,30.0,6.0,4.0,1.0,5,0.0,3,0,0,0,1,0,1,0,0,0,0,1,53703.0
0.0,6.0,6.0,6.0,4.0,0.0,10,0.0,4,1,1,1,0,0,0,0,0,0,0,1,90000.0
6.0,12.0,6.0,2.0,4.0,1.0,3,0.0,11,1,0,1,1,0,1,0,1,1,1,1,64444.0
4.0,7.0,4.0,5.0,4.0,0.0,9,0.0,4,0,1,0,1,0,0,0,1,0,0,1,54012.0
8.0,11.0,8.0,5.0,7.0,0.0,9,0.0,4,1,1,1,0,0,1,0,0,0,0,1,125095.0
8.0,10.0,10.0,5.0,5.0,1.0,6,0.0,5,0,0,1,1,0,0,0,0,1,0,1,115615.0
23.0,28.0,23.0,3.0,4.0,0.0,2,1.0,5,1,1,1,1,0,0,0,0,0,1,1,85925.0
28.0,43.0,10.0,5.0,9.0,1.0,10,8.0,3,0,1,0,1,0,0,0,0,0,0,1,290000.0
5.0,12.0,10.0,6.0,4.0,1.0,3,9.0,10,1,1,1,1,0,0,1,1,0,0,1,60147.0
6.0,9.0,6.0,6.0,3.0,0.0,8,4.0,4,1,0,0,1,0,1,1,0,0,0,1,41469.0
4.0,7.0,5.0,6.0,5.0,1.0,10,9.0,5,1,1,0,0,0,0,0,0,0,1,1,164000.0
5.0,6.0,5.0,5.0,5.0,0.0,10,0.0,3,0,1,0,0,0,0,0,0,0,0,1,120000.0
6.0,8.0,6.0,5.0,4.0,2.0,6,0.0,5,0,1,0,1,1,0,0,1,0,0,1,25777.0
13.0,19.0,10.0,5.0,1.0,1.0,3,0.0,5,1,1,1,1,0,0,0,0,0,0,0,96666.0
4.0,10.0,5.0,6.0,7.0,2.0,6,3.0,3,1,0,0,1,0,0,0,0,0,0,1,129602.0
13.0,17.0,15.0,5.0,5.0,0.0,0,6.0,6,0,1,1,1,1,0,0,1,0,0,1,46622.0
15.0,19.0,10.0,5.0,7.0,0.0,6,6.0,7,0,1,0,0,1,1,0,1,0,0,1,123654.0
6.0,8.0,6.0,5.0,5.0,0.0,9,0.0,4,0,1,0,0,0,1,0,0,0,0,1,76433.0
20.0,24.0,20.0,6.0,7.0,0.0,4,0.0,9,0,1,1,1,1,1,0,0,0,0,0,57425.0
33.0,35.0,37.0,3.0,2.0,0.0,7,0.0,4,0,1,1,1,0,0,0,0,0,0,1,38666.0
14.0,21.0,20.0,6.0,8.0,0.0,7,0.0,1,0,0,0,0,0,1,0,0,0,0,1,67451.0
10.0,17.0,10.0,5.0,5.0,1.0,10,10.0,3,1,0,0,0,0,0,0,0,0,0,1,127000.0
2.0,4.0,30.0,6.0,9.0,1.0,0,8.0,9,1,1,0,1,1,0,0,1,0,0,1,68068.0
12.0,15.0,12.0,5.0,4.0,0.0,6,8.0,3,1,0,0,0,0,0,1,0,0,0,0,57000.0
19.0,24.0,20.0,5.0,9.0,0.0,10,10.0,13,1,1,0,1,0,1,1,1,0,1,1,145600.0
11.0,13.0,11.0,1.0,4.0,0.0,10,0.0,6,0,0,1,1,0,1,0,0,0,0,0,104000.0
18.0,20.0,10.0,5.0,5.0,0.0,6,1.0,7,1,1,0,1,1,0,0,0,0,0,1,45284.0
19.0,27.0,20.0,5.0,9.0,0.0,10,7.0,8,0,1,1,0,0,0,1,0,0,0,1,250000.0
18.0,26.0,18.0,5.0,5.0,2.0,6,1.0,7,0,1,0,1,1,0,0,0,0,0,1,92997.0
15.0,17.0,15.0,6.0,4.0,2.0,10,10.0,3,1,0,0,0,0,0,0,0,0,0,1,80000.0
15.0,15.0,15.0,5.0,5.0,2.0,9,0.0,4,1,1,1,1,0,0,0,0,0,0,1,70063.0
13.0,15.0,13.0,3.0,5.0,1.0,6,6.0,3,0,0,1,0,0,0,0,0,0,0,1,85925.0
3.0,7.0,3.0,5.0,5.0,2.0,6,1.0,2,0,0,0,1,1,0,0,0,0,0,1,13797.0
18.0,24.0,10.0,6.0,9.0,1.0,6,0.0,4,0,1,1,1,0,0,0,0,0,0,1,118919.0
14.0,19.0,15.0,1.0,2.0,0.0,6,6.0,6,0,1,1,1,0,0,0,0,0,0,1,305229.0
9.0,13.0,9.0,5.0,4.0,0.0,6,0.0,2,0,1,1,0,0,0,0,0,0,0,0,77332.0
5.0,16.0,10.0,6.0,4.0,2.0,3,0.0,9,1,1,1,1,0,0,1,1,0,1,1,85173.0
6.0,11.0,6.0,3.0,4.0,1.0,1,0.0,2,1,0,1,0,0,0,0,0,0,0,1,72693.0
12.0,16.0,10.0,6.0,1.0,0.0,2,0.0,8,1,1,1,1,0,0,0,0,0,0,0,75184.0
6.0,10.0,6.0,5.0,5.0,0.0,6,10.0,5,1,1,0,0,0,0,0,0,1,0,1,81579.0
4.0,4.0,9.0,3.0,9.0,0.0,10,10.0,10,1,1,1,0,1,0,0,1,1,1,1,80000.0
2.0,6.0,2.0,5.0,8.0,1.0,9,4.0,3,1,0,0,1,0,0,0,0,0,0,1,45860.0
3.0,7.0,10.0,3.0,3.0,1.0,7,0.0,3,0,1,0,0,0,0,0,1,0,0,1,21481.0
12.0,15.0,12.0,6.0,8.0,1.0,10,4.0,7,1,1,1,1,0,0,0,0,0,1,1,100000.0
6.0,10.0,7.0,3.0,5.0,2.0,6,0.0,3,1,1,0,0,0,0,0,0,0,0,1,36518.0
15.0,25.0,26.0,6.0,3.0,0.0,8,7.0,9,1,0,0,1,0,0,1,0,0,0,1,29621.0
30.0,33.0,40.0,5.0,9.0,1.0,10,1.0,8,1,1,0,1,0,1,0,0,0,0,1,175000.0
6.0,16.0,6.0,5.0,7.0,1.0,6,10.0,8,1,1,1,1,1,0,0,0,0,0,1,59073.0
7.0,10.0,7.0,5.0,5.0,1.0,10,0.0,8,1,1,1,1,0,0,0,0,0,0,1,105000.0
27.0,35.0,33.0,7.0,5.0,2.0,10,10.0,7,1,1,0,1,1,0,1,0,0,0,1,100000.0
4.0,5.0,4.0,2.0,3.0,0.0,4,8.0,6,1,0,1,0,0,0,0,0,0,0,1,10767.0
3.0,5.0,3.0,3.0,4.0,1.0,6,0.0,5,0,1,0,1,0,0,0,1,0,0,1,48333.0
5.0,7.0,5.0,5.0,7.0,0.0,8,1.0,4,0,0,1,0,0,0,0,1,1,0,1,40284.0
1.0,6.0,10.0,3.0,9.0,2.0,10,10.0,3,0,0,0,1,1,0,0,0,0,0,0,58000.0
7.0,12.0,16.0,5.0,5.0,1.0,6,0.0,5,0,1,1,1,0,1,0,0,0,0,1,131028.0
27.0,33.0,27.0,5.0,9.0,1.0,6,10.0,5,1,0,0,1,1,0,0,0,0,0,1,107887.0
10.0,10.0,10.0,6.0,4.0,1.0,6,0.0,9,0,1,1,0,0,0,0,0,1,1,1,60147.0
7.0,15.0,3.0,6.0,5.0,1.0,3,10.0,6,1,1,0,1,1,0,0,0,0,0,1,75184.0
4.0,8.0,4.0,5.0,6.0,0.0,6,0.0,3,0,0,1,1,1,0,0,0,0,0,1,26780.0
2.0,7.0,2.0,5.0,5.0,1.0,3,1.0,6,1,1,0,1,0,0,1,0,0,1,1,59073.0
23.0,25.0,23.0,5.0,4.0,1.0,6,1.0,4,0,1,1,0,1,0,0,0,0,0,1,139271.0
7.0,8.0,7.0,6.0,5.0,0.0,10,1.0,4,0,0,1,0,0,0,0,0,1,0,1,130000.0
8.0,10.0,10.0,5.0,4.0,1.0,9,1.0,4,0,1,0,1,0,0,0,1,0,0,1,73885.0
3.0,6.0,3.0,5.0,4.0,1.0,8,0.0,4,0,1,1,0,0,0,0,0,0,0,1,20000.0
7.0,10.0,7.0,6.0,8.0,1.0,7,3.0,9,1,0,0,0,1,0,0,0,0,0,1,63370.0
16.0,21.0,16.0,5.0,2.0,2.0,10,0.0,8,0,1,1,1,0,1,0,0,0,0,1,95000.0
28.0,35.0,10.0,6.0,4.0,0.0,6,8.0,2,0,0,0,1,0,0,0,0,0,0,0,52122.0
5.0,9.0,5.0,5.0,3.0,2.0,10,0.0,11,1,1,1,1,0,1,0,1,0,0,1,62400.0
16.0,20.0,16.0,5.0,6.0,1.0,2,1.0,1,1,0,0,0,0,0,0,0,0,0,1,80555.0
5.0,9.0,6.0,6.0,7.0,2.0,10,9.0,4,1,0,0,1,0,0,1,0,0,0,1,101000.0
15.0,19.0,19.0,5.0,8.0,1.0,6,1.0,2,0,0,1,0,0,0,0,0,0,0,1,206121.0
10.0,15.0,7.0,6.0,6.0,1.0,3,1.0,3,0,0,0,1,1,0,0,0,0,0,1,64444.0
8.0,9.0,9.0,6.0,8.0,1.0,6,3.0,4,1,0,0,1,0,0,0,0,0,1,1,37441.0
14.0,17.0,10.0,7.0,4.0,1.0,6,9.0,6,1,0,0,0,0,0,1,0,1,1,1,111417.0
0.0,3.0,10.0,5.0,5.0,2.0,6,10.0,4,1,0,0,0,0,1,0,0,0,0,0,10741.0
22.0,32.0,32.0,3.0,4.0,2.0,6,0.0,14,1,0,0,1,1,1,1,0,1,1,1,22409.0
2.0,4.0,2.0,4.0,4.0,2.0,6,5.0,1,0,0,0,0,0,0,0,0,1,0,1,32222.0
10.0,15.0,16.0,5.0,6.0,0.0,10,6.0,10,1,1,1,1,0,0,0,0,1,1,1,195000.0
19.0,25.0,19.0,7.0,4.0,1.0,2,0.0,4,0,1,1,1,1,0,0,0,0,0,1,103110.0
15.0,25.0,10.0,5.0,5.0,1.0,10,5.0,6,1,0,0,1,0,0,0,1,1,0,1,128000.0
0.0,4.0,10.0,2.0,1.0,1.0,3,7.0,9,1,1,1,1,1,0,1,0,0,0,0,10741.0
5.0,9.0,6.0,5.0,3.0,0.0,4,1.0,3,1,0,0,0,0,0,0,0,1,1,1,50247.0
6.0,7.0,10.0,5.0,5.0,0.0,10,0.0,3,0,1,0,0,0,0,0,1,0,0,1,96000.0
3.0,7.0,3.0,5.0,9.0,0.0,6,1.0,5,1,0,0,0,0,0,1,0,1,1,1,42017.0
11.0,14.0,11.0,5.0,8.0,0.0,4,10.0,7,1,1,0,1,1,0,0,0,1,0,1,117242.0
22.0,30.0,10.0,5.0,2.0,1.0,0,0.0,8,1,1,1,1,1,0,0,1,0,0,0,37297.0
5.0,9.0,10.0,5.0,7.0,0.0,0,1.0,2,0,0,0,1,0,0,0,0,1,0,1,18649.0
11.0,16.0,10.0,6.0,4.0,0.0,10,0.0,7,1,1,1,1,0,0,0,0,0,0,1,210000.0
12.0,28.0,12.0,7.0,3.0,0.0,6,10.0,1,0,0,0,0,0,0,0,0,0,1,1,238460.0
10.0,15.0,10.0,3.0,3.0,1.0,6,0.0,6,1,1,0,1,0,0,0,1,0,0,1,42962.0
4.0,10.0,10.0,6.0,8.0,2.0,10,10.0,3,1,0,0,0,0,0,0,0,0,0,1,76000.0
0.0,4.0,1.0,2.0,7.0,1.0,3,0.0,3,1,1,0,0,0,0,0,0,0,1,1,21160.0
5.0,10.0,10.0,6.0,4.0,0.0,6,1.0,4,0,1,1,0,0,0,0,0,0,0,1,130000.0
4.0,12.0,4.0,2.0,9.0,1.0,6,5.0,5,1,1,0,0,0,0,0,0,1,0,1,30404.0
1.0,7.0,10.0,5.0,1.0,0.0,6,0.0,8,0,1,1,1,1,0,1,1,0,0,0,13954.0
3.0,6.0,10.0,5.0,9.0,2.0,6,8.0,8,1,0,0,1,1,1,1,0,0,0,1,25226.0
9.0,15.0,10.0,5.0,6.0,1.0,9,0.0,4,0,1,0,1,0,0,0,0,0,0,1,89172.0
3.0,10.0,3.0,6.0,8.0,1.0,6,0.0,7,1,1,1,0,0,0,0,0,0,1,1,26726.0
4.0,9.0,4.0,6.0,3.0,2.0,6,0.0,4,1,0,0,0,0,0,0,0,0,0,1,67602.0
9.0,15.0,9.0,6.0,9.0,1.0,3,9.0,6,1,0,1,0,0,1,1,0,0,0,1,86999.0
8.0,12.0,10.0,5.0,4.0,2.0,4,2.0,1,0,1,0,0,0,0,0,0,0,0,1,23927.0
28.0,34.0,10.0,3.0,4.0,1.0,3,8.0,6,1,0,0,1,0,0,1,0,0,0,1,53703.0
10.0,13.0,10.0,3.0,4.0,1.0,1,2.0,4,0,1,1,0,0,0,0,1,0,0,1,55247.0
5.0,11.0,5.0,6.0,5.0,0.0,6,9.0,4,1,0,0,0,1,0,0,0,1,0,1,73036.0
8.0,13.0,7.0,5.0,4.0,1.0,4,1.0,2,0,0,0,0,0,1,0,0,0,0,1,17945.0
6.0,11.0,6.0,6.0,5.0,0.0,2,1.0,8,1,1,1,1,1,0,0,1,0,0,1,56388.0
30.0,34.0,34.0,6.0,5.0,0.0,10,10.0,14,1,1,1,1,0,1,0,1,1,1,1,500000.0
24.0,35.0,25.0,5.0,4.0,1.0,6,1.0,9,1,1,1,1,0,1,1,0,0,0,1,129524.0
30.0,35.0,10.0,6.0,1.0,0.0,10,1.0,2,0,0,0,0,0,0,0,0,1,0,0,180000.0
20.0,24.0,24.0,6.0,4.0,0.0,6,10.0,4,1,1,1,0,0,0,0,0,0,0,1,53703.0
10.0,14.0,10.0,5.0,4.0,0.0,4,1.0,4,1,1,0,0,0,0,0,0,0,0,1,57425.0
2.0,8.0,2.0,5.0,2.0,1.0,6,0.0,10,1,1,1,1,0,1,0,1,0,0,1,55311.0
6.0,8.0,10.0,5.0,6.0,0.0,0,1.0,1,0,0,0,0,0,1,0,0,0,0,1,27973.0
9.0,15.0,9.0,6.0,4.0,1.0,3,7.0,5,0,1,0,0,1,0,1,0,0,0,0,53703.0
4.0,8.0,4.0,5.0,7.0,1.0,6,1.0,7,0,1,1,1,0,0,0,0,0,1,1,50481.0
3.0,6.0,3.0,6.0,9.0,1.0,6,5.0,1,0,0,0,0,0,0,0,0,0,0,1,112531.0
15.0,20.0,15.0,6.0,5.0,2.0,6,8.0,18,1,1,0,1,1,1,1,0,0,0,1,144842.0
6.0,8.0,11.0,3.0,4.0,2.0,0,10.0,6,0,1,0,1,0,0,0,1,0,0,1,10257.0
26.0,40.0,26.0,5.0,5.0,2.0,1,10.0,9,1,1,0,0,1,0,1,0,0,0,1,88685.0
2.0,5.0,5.0,6.0,2.0,0.0,4,3.0,5,1,0,0,1,0,0,1,0,0,0,0,23927.0
7.0,9.0,14.0,5.0,7.0,0.0,10,0.0,7,1,1,0,1,0,0,0,0,1,0,1,270000.0
8.0,13.0,8.0,2.0,3.0,0.0,6,1.0,4,0,0,0,1,0,0,0,1,0,0,1,88912.0
9.0,11.0,9.0,6.0,4.0,0.0,10,2.0,6,0,1,1,1,1,0,0,0,0,0,1,162000.0
2.0,6.0,2.0,4.0,5.0,0.0,10,0.0,5,0,1,1,1,0,1,0,0,0,0,1,52000.0
3.0,6.0,3.0,3.0,8.0,2.0,10,0.0,7,1,1,1,1,0,0,0,0,0,0,1,85000.0
8.0,10.0,8.0,5.0,2.0,1.0,5,0.0,6,1,1,1,1,0,1,0,0,0,0,1,73573.0
1.0,5.0,1.0,3.0,4.0,0.0,3,0.0,20,1,1,1,1,1,1,1,1,1,1,1,53703.0
12.0,20.0,12.0,6.0,8.0,1.0,4,1.0,7,1,0,0,1,1,1,0,0,1,0,1,64603.0
4.0,6.0,4.0,6.0,7.0,1.0,7,9.0,5,1,0,0,0,0,0,1,0,0,0,1,53703.0
2.0,15.0,2.0,5.0,9.0,2.0,10,10.0,7,0,1,0,0,0,0,1,0,0,1,1,200000.0
14.0,16.0,14.0,5.0,4.0,1.0,0,0.0,5,0,1,0,1,0,1,0,0,0,0,1,30770.0
16.0,30.0,16.0,6.0,4.0,1.0,6,6.0,5,0,1,1,0,0,0,0,1,0,0,1,202807.0
16.0,20.0,16.0,5.0,5.0,1.0,1,0.0,5,0,1,1,0,1,0,0,0,0,0,1,94501.0
2.0,5.0,4.0,3.0,4.0,0.0,6,8.0,2,0,0,0,1,0,1,0,0,0,0,1,24773.0
40.0,44.0,40.0,5.0,2.0,0.0,10,0.0,12,1,1,1,1,1,0,1,0,0,0,1,194000.0
4.0,5.0,10.0,7.0,3.0,0.0,9,1.0,6,1,1,1,1,0,0,0,0,0,0,1,100000.0
11.0,15.0,12.0,5.0,5.0,1.0,6,1.0,1,0,0,1,0,0,0,0,0,0,0,1,37061.0
25.0,35.0,10.0,7.0,6.0,2.0,6,4.0,4,1,0,0,1,0,1,1,0,0,0,1,42962.0
3.0,9.0,3.0,6.0,5.0,0.0,8,1.0,7,1,0,0,1,1,0,0,0,1,0,1,30000.0
11.0,14.0,13.0,3.0,3.0,0.0,6,0.0,6,0,1,0,1,0,0,0,0,0,0,1,84138.0
8.0,12.0,8.0,6.0,4.0,0.0,10,10.0,11,1,1,1,1,0,1,0,0,1,1,1,125000.0
25.0,38.0,38.0,5.0,5.0,0.0,6,0.0,5,0,1,0,1,0,1,0,0,0,0,1,40763.0
3.0,12.0,3.0,5.0,9.0,0.0,10,0.0,4,0,1,0,1,0,0,0,0,0,0,1,81000.0
28.0,30.0,10.0,3.0,1.0,1.0,6,0.0,6,0,1,1,1,1,0,0,0,0,0,0,143076.0
9.0,13.0,9.0,5.0,9.0,0.0,6,0.0,3,0,1,1,0,0,0,0,0,0,0,1,56422.0
5.0,10.0,5.0,6.0,4.0,0.0,8,1.0,5,0,1,1,0,0,1,0,0,0,0,1,41963.0
28.0,28.0,30.0,3.0,3.0,0.0,6,0.0,4,0,1,0,1,0,0,0,1,0,0,1,250000.0
15.0,20.0,15.0,3.0,4.0,2.0,6,0.0,5,1,1,0,0,0,0,0,1,0,0,1,37592.0
3.0,6.0,10.0,6.0,7.0,0.0,8,1.0,3,0,1,0,0,0,1,0,0,0,0,1,47000.0
19.0,19.0,10.0,3.0,7.0,1.0,10,0.0,3,0,1,0,1,0,1,0,0,0,0,1,111000.0
9.0,9.0,9.0,5.0,7.0,0.0,6,2.0,5,0,1,1,1,0,0,0,0,0,0,1,27973.0
5.0,8.0,10.0,6.0,9.0,0.0,8,0.0,8,0,0,0,1,1,1,1,0,0,0,1,74052.0
9.0,15.0,10.0,5.0,5.0,0.0,6,1.0,1,0,0,0,0,0,0,0,0,0,0,1,118147.0
20.0,25.0,22.0,6.0,4.0,2.0,6,0.0,15,1,1,1,1,0,1,1,1,0,0,1,27221.0
12.0,18.0,10.0,6.0,3.0,1.0,1,8.0,5,0,0,1,1,1,0,0,0,1,0,1,58154.0
7.0,11.0,5.0,6.0,6.0,1.0,6,0.0,6,0,1,1,1,1,0,0,1,0,0,1,116988.0
17.0,25.0,20.0,6.0,7.0,0.0,6,3.0,5,0,1,0,1,0,0,0,0,0,0,1,49493.0
6.0,7.0,6.0,6.0,5.0,1.0,6,0.0,5,0,1,1,0,0,1,0,0,0,0,1,35328.0
6.0,12.0,6.0,5.0,4.0,0.0,6,0.0,8,0,1,1,1,0,1,0,0,1,0,1,32345.0
12.0,15.0,18.0,5.0,5.0,0.0,10,0.0,7,1,1,0,1,0,0,0,0,1,1,1,205600.0
18.0,20.0,10.0,6.0,1.0,0.0,6,2.0,2,0,1,0,0,0,0,0,0,0,0,0,107406.0
8.0,10.0,8.0,5.0,4.0,0.0,10,10.0,7,1,0,0,1,0,0,0,0,1,0,1,140000.0
3.0,3.0,4.0,6.0,6.0,1.0,6,10.0,3,0,1,0,0,0,0,0,0,0,0,1,56540.0
1.0,2.0,10.0,6.0,7.0,1.0,2,0.0,4,0,1,1,0,1,0,0,0,0,0,0,26852.0
20.0,40.0,10.0,3.0,4.0,1.0,6,0.0,6,1,1,0,1,0,0,0,0,1,0,1,107406.0
21.0,24.0,21.0,6.0,2.0,1.0,6,0.0,5,0,1,1,1,1,0,0,0,0,0,0,80375.0
0.0,3.0,1.0,2.0,3.0,2.0,6,10.0,3,0,0,0,0,0,0,1,0,0,0,0,32222.0
1.0,4.0,1.0,5.0,4.0,0.0,10,0.0,8,1,1,1,1,1,1,0,0,0,0,1,80000.0
12.0,16.0,12.0,6.0,5.0,1.0,9,0.0,4,1,0,1,0,0,1,1,0,0,0,1,95541.0
12.0,15.0,10.0,5.0,3.0,1.0,6,0.0,7,1,1,1,1,0,0,0,1,0,0,1,99099.0
2.0,4.0,2.0,3.0,4.0,0.0,7,2.0,4,0,1,1,0,0,0,0,0,0,0,1,23629.0
8.0,8.0,8.0,6.0,7.0,0.0,10,10.0,7,1,1,1,1,1,1,0,0,1,0,1,80000.0
10.0,10.0,10.0,6.0,4.0,2.0,4,0.0,2,0,1,0,0,1,0,0,0,0,0,1,39479.0
13.0,17.0,13.0,5.0,6.0,0.0,6,0.0,3,0,1,0,0,0,0,0,1,0,0,0,54000.0
5.0,10.0,10.0,5.0,3.0,2.0,5,0.0,8,0,1,1,1,0,1,1,0,0,0,1,53703.0
3.0,9.0,3.0,6.0,4.0,0.0,3,1.0,8,0,1,0,1,1,0,1,0,0,1,1,85925.0
3.0,15.0,3.0,5.0,3.0,1.0,3,9.0,7,1,1,1,0,0,0,1,0,0,0,1,75184.0
10.0,14.0,9.0,5.0,5.0,1.0,10,2.0,4,0,1,1,0,0,0,0,0,0,0,1,120000.0
13.0,19.0,13.0,5.0,4.0,0.0,9,10.0,2,0,0,1,0,0,1,0,0,0,0,1,127388.0
17.0,20.0,17.0,5.0,5.0,0.0,10,4.0,3,1,0,0,1,0,0,0,0,0,0,1,180000.0
0.0,2.0,10.0,3.0,4.0,1.0,9,0.0,5,0,1,1,1,0,1,0,0,0,0,1,66242.0
17.0,20.0,10.0,4.0,1.0,0.0,1,0.0,4,0,1,0,1,0,1,0,0,0,0,0,101770.0
33.0,40.0,34.0,5.0,5.0,0.0,10,1.0,4,1,0,0,1,1,0,0,0,0,0,1,200000.0
3.0,5.0,10.0,6.0,7.0,0.0,8,4.0,2,1,0,0,1,0,0,0,0,0,0,1,29621.0
13.0,20.0,20.0,3.0,4.0,1.0,6,0.0,9,1,1,1,0,0,1,1,0,0,0,1,85886.0
3.0,7.0,3.0,5.0,5.0,1.0,2,4.0,2,1,0,0,1,0,0,0,0,0,0,1,69814.0
7.0,10.0,10.0,6.0,9.0,1.0,7,0.0,5,1,1,1,1,0,0,0,0,0,0,1,59073.0
11.0,15.0,11.0,6.0,4.0,0.0,8,8.0,11,1,1,1,1,1,0,1,0,1,1,1,12342.0
0.0,4.0,0.0,6.0,4.0,1.0,3,4.0,4,1,0,0,1,1,0,0,0,0,0,1,38666.0
21.0,25.0,22.0,4.0,5.0,0.0,1,0.0,6,0,1,1,1,0,1,0,0,0,0,0,145386.0
18.0,23.0,25.0,5.0,7.0,0.0,10,2.0,4,1,1,1,0,0,0,0,0,0,0,1,190000.0
3.0,9.0,10.0,5.0,4.0,0.0,6,1.0,5,0,1,1,0,0,1,0,0,0,0,1,24202.0
40.0,41.0,10.0,4.0,4.0,1.0,10,9.0,4,1,0,0,0,0,0,1,0,0,0,1,182000.0
6.0,9.0,5.0,5.0,3.0,1.0,10,0.0,8,1,1,1,1,1,1,0,0,0,0,0,75000.0
3.0,9.0,5.0,6.0,7.0,1.0,1,0.0,6,0,1,1,1,1,0,0,0,0,0,1,72693.0
10.0,10.0,10.0,5.0,9.0,0.0,9,10.0,3,0,0,0,0,0,0,0,0,1,1,1,138853.0
10.0,14.0,10.0,5.0,7.0,0.0,0,1.0,2,0,0,0,0,0,1,0,0,0,0,1,22378.0
28.0,30.0,28.0,4.0,3.0,0.0,1,10.0,3,1,0,0,1,0,1,0,0,0,0,1,116309.0
6.0,7.0,10.0,6.0,5.0,0.0,8,1.0,5,0,1,1,1,0,1,0,0,0,0,0,60000.0
25.0,28.0,28.0,6.0,9.0,1.0,6,1.0,1,1,0,0,0,0,0,0,0,0,0,0,144842.0
5.0,10.0,10.0,5.0,4.0,1.0,10,5.0,9,1,1,1,1,1,0,0,0,1,0,1,145000.0
8.0,8.0,10.0,6.0,7.0,1.0,2,3.0,7,1,1,0,1,0,0,0,0,0,0,1,107406.0
24.0,27.0,24.0,5.0,6.0,0.0,10,0.0,5,0,1,0,1,0,1,0,0,0,0,1,110000.0
5.0,10.0,5.0,6.0,6.0,0.0,3,10.0,2,1,1,0,0,0,0,0,0,0,0,1,77332.0
13.0,17.0,15.0,5.0,6.0,1.0,6,7.0,10,1,1,0,1,1,0,0,0,0,0,1,118919.0
5.0,7.0,5.0,3.0,4.0,0.0,6,1.0,1,1,0,0,0,0,0,0,0,0,0,1,30573.0
4.0,15.0,23.0,6.0,5.0,1.0,6,10.0,3,1,0,0,1,0,0,0,0,0,0,1,41263.0
1.0,5.0,10.0,5.0,9.0,1.0,10,10.0,5,0,1,1,1,1,0,0,0,0,0,1,91800.0
11.0,14.0,11.0,6.0,5.0,2.0,6,8.0,7,0,1,0,1,0,1,0,0,0,0,1,76796.0
17.0,23.0,10.0,6.0,8.0,1.0,3,7.0,5,0,0,0,1,1,1,0,0,0,0,1,88073.0
4.0,5.0,10.0,5.0,6.0,0.0,10,0.0,5,0,1,1,0,1,0,0,0,0,0,1,140000.0
20.0,31.0,20.0,3.0,9.0,1.0,6,0.0,17,1,1,1,1,0,1,1,0,1,1,0,99099.0
6.0,7.0,6.0,3.0,4.0,1.0,6,0.0,9,1,1,1,1,0,1,0,1,0,0,1,84232.0
10.0,14.0,10.0,5.0,9.0,1.0,4,0.0,2,0,1,0,0,1,0,0,0,0,0,1,113653.0
6.0,7.0,7.0,5.0,4.0,2.0,6,2.0,1,0,1,0,0,0,0,0,0,0,0,1,13068.0
40.0,40.0,10.0,5.0,5.0,0.0,10,10.0,7,1,1,1,1,0,1,0,0,0,0,1,500000.0
15.0,20.0,15.0,5.0,5.0,2.0,6,8.0,4,1,1,0,0,0,1,0,0,0,0,1,52430.0
16.0,22.0,10.0,5.0,5.0,1.0,1,0.0,5,0,1,1,1,0,1,0,0,0,0,1,74874.0
6.0,10.0,10.0,5.0,4.0,1.0,5,2.0,8,1,1,1,1,0,0,1,1,0,0,1,48333.0
13.0,24.0,10.0,5.0,4.0,1.0,6,8.0,7,0,1,1,1,1,0,0,1,0,0,0,86870.0
7.0,10.0,7.0,6.0,6.0,0.0,8,1.0,2,0,0,0,0,0,1,0,0,0,0,1,63600.0
12.0,12.0,10.0,5.0,9.0,1.0,4,7.0,4,1,0,0,0,1,0,0,0,0,0,1,29909.0
15.0,23.0,10.0,5.0,3.0,1.0,6,10.0,6,1,1,0,1,1,0,0,1,0,0,0,48518.0
19.0,25.0,22.0,5.0,4.0,0.0,10,0.0,6,0,1,0,0,1,0,0,1,0,0,1,150000.0
4.0,6.0,4.0,3.0,5.0,0.0,8,10.0,3,0,0,0,0,0,1,1,0,0,0,1,74052.0
2.0,4.0,2.0,3.0,7.0,2.0,6,0.0,4,0,0,0,1,0,1,0,0,0,0,1,28149.0
13.0,25.0,13.0,7.0,7.0,2.0,6,10.0,2,0,1,0,0,0,0,0,0,0,0,1,130358.0
11.0,16.0,12.0,6.0,9.0,1.0,2,0.0,4,0,1,1,0,1,0,0,0,0,0,1,75184.0
7.0,20.0,7.0,5.0,2.0,1.0,3,9.0,8,1,0,0,0,1,0,1,0,0,0,0,53703.0
1.0,6.0,1.0,5.0,7.0,2.0,10,1.0,3,0,0,0,0,0,0,1,0,0,0,1,86000.0
9.0,14.0,9.0,4.0,5.0,0.0,3,0.0,2,0,1,1,0,0,0,0,0,0,0,1,68740.0
14.0,16.0,14.0,5.0,4.0,1.0,6,0.0,1,0,0,0,0,0,0,0,0,0,0,1,80555.0
13.0,18.0,10.0,6.0,5.0,1.0,10,6.0,3,1,0,0,0,1,0,0,0,0,0,1,210000.0
15.0,25.0,15.0,5.0,9.0,1.0,6,1.0,5,0,1,0,1,1,0,0,0,0,0,1,64444.0
8.0,13.0,8.0,5.0,9.0,0.0,4,10.0,6,1,1,1,1,0,0,0,0,0,0,1,31105.0
25.0,25.0,10.0,5.0,3.0,2.0,5,0.0,6,0,1,1,1,0,0,0,0,0,0,0,154665.0
9.0,20.0,10.0,6.0,4.0,2.0,3,10.0,2,1,0,0,0,0,0,1,0,0,0,0,41888.0
15.0,20.0,10.0,6.0,9.0,0.0,10,5.0,4,1,0,0,1,0,0,0,0,0,0,1,165000.0
21.0,26.0,21.0,6.0,8.0,0.0,6,0.0,9,0,1,0,1,1,0,0,0,0,0,1,60000.0
0.0,4.0,10.0,5.0,5.0,0.0,10,0.0,4,1,1,1,0,0,0,0,0,0,0,1,80000.0
12.0,16.0,12.0,6.0,8.0,1.0,6,9.0,6,1,0,0,0,1,0,0,0,0,0,1,46198.0
21.0,25.0,20.0,5.0,9.0,1.0,10,8.0,3,0,0,0,0,0,0,0,0,1,0,1,400000.0
3.0,6.0,3.0,4.0,9.0,1.0,1,1.0,5,0,0,1,1,1,1,0,0,0,0,1,47977.0
39.0,43.0,10.0,5.0,9.0,0.0,10,3.0,1,0,0,0,1,0,0,0,0,0,0,1,250000.0
3.0,6.0,10.0,6.0,4.0,1.0,6,0.0,4,0,1,1,1,0,0,0,0,0,0,1,43822.0
3.0,7.0,10.0,7.0,4.0,0.0,6,0.0,8,0,1,0,1,0,0,1,1,0,0,1,15202.0
6.0,8.0,6.0,6.0,2.0,0.0,6,0.0,5,0,0,0,1,0,1,0,0,0,0,1,102950.0
20.0,30.0,10.0,6.0,5.0,1.0,6,10.0,8,1,0,0,1,0,1,1,0,0,0,1,145956.0
19.0,24.0,19.0,5.0,7.0,1.0,6,1.0,6,1,1,1,1,0,0,0,0,1,0,1,82384.0
2.0,6.0,10.0,5.0,4.0,1.0,6,0.0,6,0,0,0,0,0,1,0,0,0,0,1,42962.0
17.0,25.0,17.0,5.0,4.0,0.0,10,0.0,4,0,1,0,1,0,0,0,0,0,0,1,130000.0
4.0,7.0,4.0,3.0,6.0,2.0,6,9.0,6,1,1,0,1,0,0,1,0,0,0,1,65518.0
27.0,34.0,10.0,3.0,1.0,1.0,5,7.0,4,0,1,0,0,0,0,0,0,1,0,0,10741.0
4.0,12.0,4.0,6.0,5.0,1.0,6,0.0,5,0,1,1,1,0,1,0,0,0,0,1,30207.0
10.0,10.0,10.0,6.0,5.0,0.0,6,10.0,5,0,0,1,1,0,1,1,0,0,0,1,109554.0
25.0,25.0,25.0,6.0,5.0,1.0,6,5.0,4,1,0,0,1,0,0,0,0,1,1,1,72492.0
11.0,15.0,10.0,6.0,2.0,0.0,6,0.0,4,0,0,1,0,0,1,0,0,0,1,1,53703.0
15.0,19.0,15.0,6.0,9.0,1.0,9,8.0,2,1,0,0,0,0,0,1,0,0,0,1,109554.0
12.0,18.0,14.0,6.0,7.0,1.0,10,1.0,6,1,0,1,0,0,1,0,0,0,0,1,175000.0
0.0,5.0,1.0,3.0,6.0,1.0,10,0.0,7,1,1,0,0,1,0,0,0,1,0,0,22464.0
4.0,5.0,25.0,2.0,2.0,0.0,6,0.0,8,1,1,1,1,0,0,1,1,0,0,0,51656.0
4.0,20.0,4.0,6.0,4.0,1.0,10,9.0,4,1,0,0,0,0,0,0,0,0,1,1,155000.0
20.0,25.0,20.0,7.0,4.0,0.0,8,10.0,4,1,0,1,0,0,0,0,0,0,0,1,49368.0
0.0,2.0,10.0,5.0,5.0,1.0,4,0.0,7,1,1,1,1,0,0,0,0,1,1,0,23927.0
11.0,11.0,11.0,5.0,4.0,2.0,6,2.0,3,0,1,1,0,0,0,0,0,0,0,1,64444.0
8.0,9.0,8.0,5.0,9.0,1.0,4,10.0,5,1,1,0,1,1,0,0,0,0,0,1,25123.0
7.0,20.0,8.0,3.0,2.0,0.0,3,0.0,2,0,0,0,0,0,0,0,0,0,0,1,59073.0
18.0,31.0,18.0,5.0,9.0,0.0,10,0.0,10,1,1,0,0,0,0,0,1,1,0,1,175000.0
8.0,8.0,8.0,6.0,9.0,0.0,10,1.0,3,1,0,0,0,0,0,0,0,1,0,1,260000.0
3.0,6.0,10.0,2.0,2.0,2.0,3,1.0,4,0,0,1,0,0,0,0,0,0,1,1,59073.0
7.0,10.0,7.0,5.0,5.0,1.0,0,1.0,2,0,0,0,0,0,0,0,1,1,0,1,17716.0
22.0,28.0,10.0,6.0,7.0,1.0,4,10.0,1,0,0,0,0,0,1,0,0,0,0,1,116046.0
22.0,30.0,22.0,6.0,7.0,0.0,6,0.0,5,1,1,1,0,0,1,0,0,0,0,1,161830.0
3.0,6.0,3.0,5.0,4.0,1.0,6,7.0,2,0,1,1,0,0,0,0,0,0,0,1,66592.0
8.0,13.0,8.0,5.0,5.0,1.0,6,7.0,9,1,0,0,1,1,0,0,0,1,0,1,43692.0
25.0,30.0,25.0,3.0,7.0,1.0,6,0.0,9,1,1,0,1,1,1,0,0,1,0,1,165165.0
12.0,17.0,10.0,5.0,4.0,0.0,10,0.0,3,0,1,1,0,0,0,0,0,0,0,1,190000.0
9.0,12.0,9.0,3.0,7.0,0.0,6,0.0,5,0,1,1,1,0,0,0,1,0,0,1,56925.0
25.0,10.0,10.0,6.0,3.0,0.0,6,1.0,4,1,1,0,0,1,0,0,0,0,0,1,38839.0
5.0,8.0,5.0,5.0,6.0,1.0,6,7.0,3,0,1,1,0,0,0,0,0,0,0,1,96600.0
8.0,11.0,8.0,6.0,5.0,1.0,6,1.0,5,1,0,0,1,0,0,0,1,1,0,1,64444.0
13.0,15.0,13.0,3.0,9.0,0.0,6,8.0,2,0,0,0,0,1,0,0,0,0,0,1,263145.0
15.0,17.0,15.0,3.0,5.0,0.0,7,1.0,2,0,0,0,1,0,0,0,1,0,0,1,58536.0
24.0,30.0,25.0,5.0,5.0,0.0,10,0.0,4,1,1,1,1,0,0,0,0,0,0,0,230000.0
28.0,42.0,28.0,4.0,9.0,0.0,10,10.0,3,0,1,1,0,0,0,0,0,0,0,1,168000.0
10.0,15.0,10.0,5.0,5.0,0.0,6,1.0,8,1,1,1,1,1,0,0,1,0,0,1,86999.0
12.0,15.0,4.0,3.0,5.0,2.0,6,0.0,3,0,1,0,1,0,1,0,0,0,0,1,22409.0
9.0,16.0,9.0,5.0,9.0,1.0,10,0.0,5,0,1,1,1,0,1,0,0,0,0,1,100000.0
7.0,10.0,7.0,6.0,8.0,1.0,3,0.0,6,0,1,1,0,1,1,0,0,1,0,1,57999.0
3.0,9.0,10.0,3.0,6.0,1.0,6,10.0,4,0,0,0,0,1,1,0,0,0,0,1,26852.0
10.0,12.0,12.0,6.0,5.0,1.0,3,2.0,3,0,1,1,0,0,0,0,0,0,0,0,80555.0
11.0,21.0,10.0,6.0,4.0,2.0,1,0.0,9,1,1,1,0,1,0,1,0,0,1,1,79962.0
6.0,8.0,6.0,6.0,5.0,0.0,8,7.0,1,0,0,0,0,0,0,0,0,0,0,1,63600.0
4.0,10.0,4.0,3.0,2.0,1.0,6,0.0,6,0,1,1,1,1,0,0,1,0,0,1,62403.0
10.0,15.0,15.0,6.0,2.0,2.0,2,4.0,3,0,0,0,0,0,0,0,0,0,0,0,48333.0
13.0,20.0,14.0,4.0,4.0,0.0,10,1.0,6,1,1,1,1,0,0,0,1,0,0,1,97000.0
12.0,14.0,10.0,3.0,5.0,0.0,2,1.0,2,0,0,0,0,0,0,0,0,1,0,1,64444.0
7.0,13.0,7.0,6.0,4.0,2.0,4,0.0,1,0,0,0,0,0,0,0,1,0,0,1,10767.0
6.0,6.0,10.0,5.0,5.0,2.0,6,4.0,3,1,0,0,1,1,0,0,0,0,0,1,14720.0
11.0,11.0,11.0,2.0,9.0,0.0,1,1.0,6,1,1,1,0,1,0,0,0,1,0,1,101770.0
10.0,10.0,10.0,7.0,1.0,0.0,1,8.0,2,1,0,0,1,0,0,0,0,0,0,0,87231.0
20.0,25.0,34.0,5.0,9.0,1.0,10,0.0,5,0,1,1,1,0,1,0,0,0,0,1,200000.0
17.0,23.0,17.0,5.0,7.0,1.0,6,0.0,4,0,1,1,0,0,0,0,1,0,0,1,42637.0
13.0,20.0,13.0,6.0,5.0,2.0,2,1.0,8,1,0,1,1,1,0,0,0,1,0,1,69814.0
2.0,10.0,10.0,5.0,9.0,1.0,10,1.0,5,0,1,0,0,0,1,0,0,0,0,1,200000.0
10.0,10.0,6.0,5.0,7.0,0.0,10,7.0,11,0,1,1,0,1,0,0,0,1,1,1,190000.0
15.0,15.0,20.0,6.0,5.0,1.0,6,2.0,4,0,1,1,0,0,0,0,0,0,0,1,75184.0
1.0,10.0,1.0,6.0,4.0,1.0,3,10.0,4,1,0,1,0,0,0,1,0,0,1,1,55851.0
18.0,24.0,18.0,3.0,2.0,1.0,6,0.0,5,1,1,0,0,0,0,0,0,0,0,1,64273.0
3.0,8.0,3.0,2.0,3.0,2.0,6,0.0,15,1,1,1,1,1,1,0,1,1,1,1,17827.0
28.0,42.0,10.0,6.0,1.0,0.0,3,1.0,6,1,0,0,1,0,0,0,0,0,0,0,268515.0
7.0,10.0,7.0,6.0,2.0,0.0,6,0.0,13,1,1,1,1,1,0,0,1,0,0,1,47259.0
9.0,13.0,8.0,6.0,5.0,1.0,6,1.0,2,0,0,0,1,0,0,0,0,1,0,1,60809.0
8.0,10.0,10.0,4.0,2.0,0.0,6,0.0,10,1,1,1,1,1,0,0,1,0,0,0,66000.0
5.0,9.0,10.0,5.0,7.0,0.0,9,10.0,2,1,0,0,0,0,0,0,0,0,0,1,121018.0
15.0,19.0,14.0,3.0,5.0,0.0,6,0.0,8,0,1,1,1,0,1,0,1,0,0,1,21000.0
8.0,18.0,8.0,6.0,3.0,1.0,10,1.0,2,1,0,0,0,0,0,0,0,0,0,1,65000.0
26.0,42.0,10.0,5.0,3.0,1.0,1,6.0,5,1,1,0,0,0,0,0,0,0,0,1,116309.0
29.0,43.0,30.0,5.0,7.0,0.0,9,1.0,2,0,0,0,0,0,1,0,0,0,0,1,127388.0
3.0,10.0,3.0,6.0,5.0,0.0,9,0.0,7,0,1,1,1,0,1,0,0,0,1,1,63057.0
30.0,35.0,10.0,6.0,5.0,2.0,6,0.0,9,1,1,1,1,0,1,0,0,0,0,1,66592.0
9.0,11.0,9.0,4.0,6.0,1.0,6,0.0,7,0,1,1,1,0,1,0,0,0,0,1,56086.0
18.0,20.0,25.0,3.0,6.0,2.0,6,1.0,6,1,1,0,1,0,1,0,1,0,0,1,38561.0
1.0,5.0,1.0,5.0,6.0,2.0,6,4.0,7,1,1,1,1,1,0,0,0,0,0,1,37521.0
6.0,16.0,16.0,6.0,4.0,0.0,3,1.0,3,1,0,0,0,0,0,0,0,0,0,1,141776.0
2.0,10.0,2.0,3.0,2.0,1.0,6,10.0,10,1,1,1,1,0,0,0,1,0,1,0,58085.0
4.0,8.0,4.0,5.0,7.0,1.0,6,0.0,4,0,1,0,0,1,1,0,0,0,0,1,95796.0
3.0,8.0,3.0,5.0,4.0,1.0,6,0.0,12,1,1,1,1,0,0,1,1,1,1,1,59459.0
20.0,20.0,10.0,3.0,7.0,0.0,10,6.0,14,1,1,1,1,1,0,0,1,1,0,1,200000.0
12.0,17.0,14.0,5.0,7.0,0.0,10,8.0,2,0,0,0,0,0,1,1,0,0,0,1,141600.0
4.0,7.0,10.0,6.0,9.0,1.0,2,0.0,6,1,1,1,0,0,0,0,0,1,0,1,48333.0
35.0,45.0,10.0,3.0,5.0,0.0,6,0.0,8,1,1,1,1,0,1,0,1,0,0,1,80713.0
3.0,5.0,10.0,6.0,4.0,2.0,2,0.0,15,1,1,1,1,1,1,1,1,1,0,1,21481.0
13.0,17.0,15.0,5.0,9.0,0.0,4,10.0,7,1,1,0,1,0,0,1,0,0,0,1,25123.0
7.0,12.0,10.0,5.0,9.0,0.0,10,1.0,4,0,1,0,0,0,0,1,0,0,0,1,240000.0
10.0,15.0,10.0,5.0,5.0,1.0,1,0.0,3,1,0,1,0,1,0,0,0,0,0,1,152655.0
5.0,10.0,5.0,3.0,3.0,0.0,1,1.0,6,0,1,1,1,0,0,0,0,0,0,1,65424.0
1.0,4.0,2.0,5.0,4.0,1.0,6,10.0,8,1,1,0,1,1,0,1,0,1,0,0,34214.0
10.0,15.0,10.0,6.0,1.0,1.0,6,5.0,7,1,1,0,1,1,1,0,1,0,0,0,129524.0
11.0,31.0,28.0,3.0,4.0,0.0,10,5.0,2,1,0,0,0,0,0,0,0,0,0,1,140000.0
2.0,7.0,2.0,1.0,4.0,0.0,8,1.0,8,1,1,1,1,0,1,0,0,1,0,1,11063.0
11.0,16.0,10.0,6.0,4.0,2.0,2,0.0,5,0,1,1,1,0,0,0,1,0,0,1,34370.0
11.0,13.0,13.0,6.0,2.0,1.0,6,0.0,7,1,1,1,1,0,1,1,0,0,0,0,67129.0
14.0,12.0,10.0,5.0,4.0,0.0,6,10.0,5,0,1,1,0,0,0,0,0,0,0,1,85925.0
5.0,5.0,5.0,6.0,6.0,1.0,3,5.0,1,0,0,0,0,0,0,0,0,0,0,1,99888.0
11.0,20.0,11.0,5.0,9.0,1.0,6,1.0,7,1,0,1,0,1,1,0,0,0,0,1,110380.0
4.0,10.0,4.0,6.0,6.0,0.0,1,7.0,11,1,1,0,1,1,1,1,1,0,0,1,18000.0
4.0,10.0,10.0,6.0,1.0,1.0,2,5.0,12,1,1,1,1,1,1,1,0,1,0,0,64444.0
6.0,12.0,6.0,5.0,4.0,0.0,6,5.0,4,1,0,0,0,0,0,0,1,0,0,1,11379.0
7.0,12.0,10.0,6.0,5.0,1.0,6,1.0,8,0,1,1,1,0,0,1,1,1,0,1,44516.0
20.0,26.0,20.0,5.0,7.0,0.0,7,0.0,4,0,1,1,0,0,1,0,0,0,0,1,48333.0
8.0,38.0,10.0,5.0,7.0,0.0,6,10.0,5,1,0,0,1,0,0,0,0,1,1,1,74189.0
10.0,15.0,10.0,3.0,2.0,1.0,6,0.0,6,0,1,1,1,0,0,0,1,0,0,1,77761.0
8.0,14.0,8.0,6.0,9.0,1.0,10,1.0,3,0,0,0,1,1,0,0,0,0,0,1,170748.0
19.0,23.0,10.0,4.0,7.0,1.0,1,10.0,2,0,0,0,1,0,0,0,0,0,0,1,70512.0
16.0,16.0,16.0,4.0,5.0,0.0,6,1.0,2,0,0,0,1,0,1,0,0,0,0,1,58000.0
9.0,9.0,9.0,7.0,5.0,1.0,2,10.0,7,1,1,1,0,0,0,0,0,1,1,1,55851.0
5.0,7.0,5.0,6.0,8.0,0.0,6,10.0,6,1,0,0,1,0,0,0,0,1,0,1,64885.0
3.0,5.0,2.0,5.0,5.0,0.0,4,3.0,6,1,1,0,0,0,0,0,0,0,1,1,15553.0
4.0,8.0,10.0,6.0,9.0,1.0,6,3.0,7,1,1,1,1,0,0,0,0,0,0,1,66066.0
11.0,14.0,10.0,6.0,5.0,1.0,3,9.0,5,1,0,0,0,0,1,1,0,0,0,0,51555.0
10.0,25.0,10.0,6.0,4.0,0.0,6,10.0,4,0,1,1,1,0,0,0,0,0,0,1,64444.0
4.0,14.0,4.0,5.0,5.0,2.0,6,1.0,7,1,1,0,1,0,1,1,1,0,1,1,68789.0
5.0,10.0,10.0,6.0,7.0,1.0,2,4.0,2,0,0,0,0,1,0,0,0,0,0,1,53703.0
4.0,6.0,10.0,5.0,7.0,1.0,6,0.0,12,1,1,0,1,1,0,1,0,1,0,1,57230.0
3.0,15.0,10.0,6.0,5.0,1.0,2,9.0,4,1,0,0,0,0,0,0,0,0,0,1,62296.0
18.0,20.0,18.0,3.0,4.0,2.0,6,0.0,3,0,0,0,1,1,0,0,0,0,0,1,18796.0
8.0,9.0,10.0,3.0,4.0,0.0,10,1.0,6,0,1,1,1,0,0,0,0,1,0,1,172000.0
6.0,10.0,5.0,5.0,7.0,0.0,6,1.0,1,0,0,0,0,0,1,0,0,0,0,1,41351.0
3.0,7.0,10.0,3.0,5.0,2.0,5,0.0,3,0,1,0,1,0,1,0,0,0,0,0,32759.0
25.0,40.0,25.0,5.0,3.0,0.0,10,2.0,5,1,1,1,0,0,0,0,0,0,0,1,270000.0
2.0,11.0,2.0,5.0,8.0,2.0,10,9.0,3,1,0,0,0,0,1,0,0,0,0,1,96000.0
43.0,43.0,43.0,5.0,9.0,2.0,10,1.0,5,0,1,0,1,0,0,0,1,0,0,1,170000.0
44.0,50.0,10.0,5.0,5.0,1.0,10,10.0,5,0,1,0,1,1,0,0,0,0,0,1,185000.0
7.0,15.0,7.0,6.0,5.0,0.0,8,2.0,4,0,1,1,0,0,0,0,0,1,0,1,88500.0
4.0,9.0,7.0,6.0,3.0,1.0,6,0.0,5,0,1,1,1,0,0,0,1,0,0,1,27391.0
9.0,10.0,10.0,6.0,4.0,0.0,6,2.0,3,0,1,1,0,0,0,0,0,0,0,1,71425.0
13.0,17.0,13.0,5.0,5.0,1.0,6,0.0,2,0,0,1,0,0,0,0,0,0,0,1,39544.0
20.0,30.0,35.0,6.0,2.0,0.0,6,0.0,3,0,0,0,1,0,1,0,0,0,0,1,16807.0
1.0,5.0,10.0,5.0,9.0,0.0,6,1.0,5,1,1,0,0,0,0,0,0,1,0,0,21481.0
2.0,5.0,0.0,5.0,4.0,1.0,4,7.0,6,0,1,0,0,1,0,1,0,0,0,0,16330.0
8.0,14.0,8.0,7.0,5.0,0.0,8,9.0,8,1,1,0,0,0,1,1,0,0,0,1,60000.0
11.0,14.0,12.0,5.0,4.0,1.0,4,0.0,4,0,1,0,1,0,0,0,1,0,0,1,35890.0
15.0,20.0,18.0,6.0,7.0,0.0,3,1.0,3,1,0,0,0,0,0,0,1,0,0,0,69814.0
3.0,8.0,3.0,5.0,5.0,1.0,6,1.0,4,1,0,0,0,0,0,0,0,0,1,0,44544.0
3.0,9.0,3.0,5.0,9.0,1.0,1,1.0,5,1,1,0,1,0,0,0,0,1,0,1,79962.0
2.0,4.0,2.0,5.0,3.0,0.0,6,10.0,5,0,1,0,0,0,0,1,0,0,0,1,32222.0
2.0,8.0,10.0,5.0,5.0,1.0,3,0.0,5,0,1,1,0,0,1,0,0,0,0,1,54777.0
5.0,13.0,5.0,5.0,9.0,2.0,4,0.0,13,1,1,1,1,1,1,1,1,0,0,1,38283.0
6.0,9.0,6.0,5.0,5.0,0.0,6,1.0,2,0,0,0,1,0,1,0,0,0,0,1,59553.0
9.0,13.0,8.0,3.0,6.0,1.0,3,1.0,6,0,1,0,1,0,0,0,0,0,0,1,91295.0
28.0,38.0,28.0,5.0,7.0,0.0,9,0.0,6,0,1,0,1,0,1,0,0,0,0,1,82802.0
5.0,10.0,5.0,6.0,9.0,2.0,6,2.0,2,0,0,0,0,0,0,0,0,0,0,1,84232.0
13.0,14.0,25.0,3.0,4.0,0.0,10,1.0,7,0,0,0,1,0,0,0,0,1,0,1,165000.0
10.0,14.0,10.0,3.0,5.0,2.0,6,1.0,4,0,1,0,1,0,0,0,1,0,0,1,71205.0
4.0,5.0,10.0,5.0,2.0,2.0,6,2.0,5,0,1,1,0,1,0,0,0,0,0,1,32640.0
5.0,10.0,5.0,5.0,7.0,0.0,10,0.0,7,1,1,1,1,0,0,0,0,1,0,1,80000.0
10.0,10.0,10.0,5.0,5.0,0.0,6,10.0,2,0,0,0,1,0,1,0,0,0,0,1,42962.0
9.0,10.0,9.0,5.0,4.0,0.0,10,2.0,7,1,1,1,1,0,1,1,0,0,0,1,87000.0
8.0,18.0,10.0,6.0,4.0,2.0,6,0.0,2,0,0,0,1,1,0,0,0,0,0,1,25777.0
17.0,35.0,17.0,3.0,5.0,2.0,6,0.0,4,0,1,1,0,0,1,0,0,0,0,1,56925.0
21.0,35.0,21.0,6.0,7.0,1.0,3,9.0,3,1,0,0,0,0,0,0,0,0,0,1,91295.0
4.0,10.0,4.0,3.0,2.0,2.0,6,0.0,6,1,1,0,0,0,0,0,1,0,0,1,22555.0
15.0,30.0,17.0,6.0,3.0,1.0,3,0.0,6,1,1,0,0,1,0,0,1,0,0,0,53703.0
1.0,6.0,3.0,3.0,9.0,1.0,3,10.0,6,1,1,0,1,1,0,0,0,0,0,1,16111.0
8.0,14.0,21.0,6.0,4.0,2.0,6,0.0,4,0,0,0,0,0,0,1,0,0,0,1,16807.0
6.0,10.0,6.0,5.0,7.0,1.0,6,1.0,5,0,0,1,0,0,1,1,0,1,0,1,66377.0
5.0,11.0,5.0,5.0,2.0,0.0,6,0.0,6,1,1,0,1,0,0,0,1,0,0,1,29000.0
11.0,15.0,10.0,6.0,5.0,0.0,10,5.0,12,1,1,1,1,1,0,1,0,0,0,1,210000.0
7.0,10.0,7.0,7.0,9.0,1.0,3,3.0,8,1,0,1,1,1,0,0,0,0,0,1,128887.0
6.0,14.0,10.0,6.0,2.0,1.0,2,9.0,8,1,1,1,1,0,0,0,0,0,0,1,47259.0
10.0,14.0,15.0,6.0,3.0,1.0,6,0.0,6,0,1,1,1,0,0,0,1,0,0,1,65152.0
20.0,22.0,20.0,5.0,8.0,1.0,0,0.0,4,0,1,1,0,0,0,0,0,0,0,1,38789.0
18.0,28.0,18.0,6.0,8.0,1.0,9,9.0,5,1,0,0,0,0,0,1,0,0,0,1,203821.0
13.0,35.0,23.0,3.0,5.0,0.0,3,0.0,2,0,0,0,0,0,0,0,0,0,0,1,123517.0
4.0,10.0,4.0,3.0,5.0,0.0,0,4.0,5,1,1,0,1,0,0,0,0,0,0,1,60422.0
4.0,7.0,4.0,5.0,5.0,2.0,3,0.0,6,0,1,0,1,0,0,0,1,0,0,1,45111.0
1.0,10.0,1.0,6.0,4.0,1.0,6,0.0,4,1,0,0,1,0,0,0,0,0,0,0,52629.0
1.0,2.0,10.0,4.0,4.0,1.0,10,10.0,2,1,0,0,0,0,0,0,0,0,0,1,50000.0
8.0,14.0,10.0,3.0,4.0,0.0,7,2.0,7,1,1,1,1,0,0,0,0,0,0,1,128887.0
24.0,35.0,10.0,7.0,6.0,2.0,10,10.0,5,1,0,0,1,0,0,0,0,0,0,1,161113.0
4.0,9.0,4.0,5.0,6.0,1.0,6,0.0,4,0,1,1,0,1,0,0,0,0,0,1,37120.0
15.0,30.0,10.0,6.0,4.0,1.0,1,10.0,4,1,0,0,0,0,0,1,0,0,1,1,109039.0
4.0,4.0,4.0,4.0,4.0,0.0,10,2.0,3,0,1,1,0,0,0,0,0,0,0,1,100000.0
4.0,8.0,4.0,5.0,7.0,2.0,6,8.0,5,1,0,0,0,0,0,1,0,0,1,1,27595.0
15.0,25.0,10.0,6.0,3.0,1.0,10,10.0,4,1,0,0,1,0,0,1,0,0,1,1,260000.0
9.0,14.0,9.0,5.0,8.0,1.0,1,8.0,1,0,0,0,0,0,1,0,0,0,0,1,145386.0
8.0,13.0,1.0,5.0,4.0,2.0,4,7.0,12,1,1,0,1,1,1,1,1,0,0,1,11844.0
5.0,7.0,10.0,5.0,5.0,1.0,6,2.0,7,1,1,1,0,0,0,0,0,0,0,1,85925.0
2.0,6.0,2.0,5.0,5.0,0.0,10,1.0,3,1,0,0,1,0,0,1,0,0,0,1,85000.0
9.0,19.0,9.0,6.0,4.0,1.0,6,8.0,8,1,1,1,1,0,1,0,0,0,0,1,80555.0
3.0,4.0,10.0,6.0,4.0,1.0,3,10.0,5,0,1,0,1,0,0,0,0,0,0,1,53703.0
2.0,4.0,2.0,6.0,9.0,0.0,7,0.0,6,0,1,1,1,0,0,0,0,0,0,1,45111.0
12.0,14.0,12.0,5.0,7.0,0.0,6,0.0,3,1,1,0,0,0,0,0,0,0,0,1,61866.0
13.0,13.0,10.0,3.0,3.0,0.0,6,2.0,2,0,1,0,0,0,0,0,0,0,0,1,43278.0
2.0,4.0,3.0,6.0,7.0,1.0,6,0.0,3,0,1,0,0,1,0,0,0,0,0,1,71129.0
25.0,15.0,10.0,4.0,7.0,1.0,0,10.0,3,0,1,0,1,0,0,0,0,0,0,1,24243.0
5.0,15.0,10.0,6.0,5.0,0.0,6,0.0,6,0,1,1,1,0,1,0,0,0,0,1,25893.0
20.0,24.0,20.0,6.0,5.0,1.0,6,2.0,5,0,1,1,0,0,0,0,1,0,0,1,85925.0
15.0,28.0,28.0,2.0,3.0,2.0,6,0.0,5,0,1,0,1,0,0,0,0,0,0,1,109009.0
13.0,15.0,10.0,6.0,9.0,1.0,9,9.0,6,1,0,0,0,1,0,0,1,0,0,1,140127.0
5.0,23.0,13.0,5.0,5.0,2.0,10,10.0,27,0,1,0,1,1,0,1,1,0,1,0,71000.0
0.0,3.0,1.0,5.0,5.0,2.0,9,10.0,8,1,1,0,1,0,0,0,1,0,0,1,30573.0
10.0,28.0,24.0,5.0,9.0,2.0,10,10.0,5,1,0,0,1,0,0,1,0,0,0,1,153000.0
4.0,5.0,4.0,5.0,4.0,1.0,6,5.0,4,1,0,0,1,0,0,0,0,1,0,1,61222.0
5.0,9.0,5.0,6.0,4.0,2.0,2,0.0,3,0,1,1,0,0,0,0,0,0,0,1,41888.0
6.0,7.0,6.0,5.0,6.0,1.0,8,6.0,3,0,1,1,0,0,0,0,0,0,0,1,111078.0
5.0,9.0,10.0,5.0,7.0,1.0,10,8.0,5,1,1,0,0,0,1,1,0,0,0,1,126880.0
0.0,1.0,10.0,6.0,5.0,1.0,8,10.0,0,0,0,0,0,0,0,0,0,0,0,1,33175.0
24.0,26.0,26.0,5.0,6.0,0.0,10,0.0,6,0,1,1,1,0,1,0,0,0,0,1,140000.0
3.0,7.0,5.0,5.0,4.0,1.0,6,0.0,9,1,1,0,1,1,0,0,0,0,0,1,32238.0
13.0,24.0,13.0,2.0,8.0,1.0,6,0.0,3,0,1,1,0,0,0,0,0,0,0,0,78183.0
2.0,10.0,10.0,5.0,7.0,0.0,8,7.0,2,0,0,0,0,0,0,0,0,0,0,1,32109.0
6.0,13.0,6.0,5.0,5.0,0.0,6,1.0,10,0,1,1,1,1,0,0,0,1,1,0,53795.0
7.0,14.0,10.0,4.0,3.0,2.0,6,0.0,5,1,1,1,0,0,0,0,0,0,1,1,62209.0
4.0,8.0,4.0,5.0,5.0,1.0,10,0.0,6,0,1,1,1,0,1,0,0,0,0,1,114000.0
25.0,25.0,10.0,2.0,1.0,0.0,6,0.0,5,0,1,1,0,0,0,0,1,0,0,0,11278.0
4.0,4.0,6.0,6.0,5.0,0.0,8,10.0,4,1,0,0,1,1,0,0,0,0,0,1,36000.0
21.0,28.0,25.0,3.0,4.0,2.0,6,10.0,10,1,1,1,1,1,0,0,1,0,0,1,48333.0
16.0,21.0,20.0,6.0,4.0,2.0,0,0.0,9,1,1,0,1,1,0,0,0,0,0,1,24616.0
4.0,11.0,4.0,5.0,6.0,1.0,10,9.0,1,0,0,0,0,0,0,0,0,0,1,1,120000.0
1.0,5.0,10.0,6.0,9.0,0.0,6,10.0,6,1,0,1,1,0,0,1,0,0,0,1,19797.0
12.0,15.0,12.0,6.0,6.0,0.0,6,8.0,4,0,1,1,0,0,1,0,0,0,0,1,66890.0
14.0,20.0,10.0,4.0,1.0,0.0,2,0.0,12,0,1,0,1,1,0,1,1,0,1,0,24703.0
7.0,10.0,10.0,5.0,5.0,0.0,8,1.0,6,1,0,1,1,0,0,0,0,1,1,1,120000.0
15.0,20.0,10.0,5.0,5.0,0.0,7,10.0,3,1,1,0,0,0,0,0,0,0,0,1,24489.0
28.0,33.0,27.0,5.0,9.0,0.0,1,1.0,4,0,0,0,1,0,1,0,0,0,0,1,107586.0
24.0,28.0,25.0,3.0,4.0,0.0,9,10.0,8,0,1,1,1,0,1,0,0,1,0,1,114649.0
13.0,20.0,17.0,5.0,7.0,2.0,6,8.0,7,1,0,0,1,0,1,1,0,0,0,1,30252.0
3.0,8.0,2.0,5.0,5.0,2.0,10,0.0,2,0,1,0,0,0,0,0,0,0,0,1,71000.0
13.0,20.0,13.0,6.0,7.0,1.0,3,2.0,6,0,1,1,0,0,0,0,0,0,1,1,95592.0
4.0,11.0,10.0,6.0,2.0,1.0,3,0.0,11,1,1,0,1,1,1,0,1,0,0,0,38666.0
9.0,10.0,10.0,5.0,2.0,1.0,4,0.0,5,0,1,1,1,0,1,0,1,0,0,0,19142.0
10.0,27.0,10.0,5.0,7.0,0.0,9,0.0,11,1,1,1,1,0,1,1,0,0,0,1,101910.0
5.0,10.0,19.0,3.0,4.0,1.0,5,1.0,4,1,0,0,0,1,0,0,0,0,0,1,70136.0
10.0,15.0,10.0,5.0,8.0,0.0,10,0.0,5,0,1,0,0,1,1,0,0,0,1,1,222000.0
27.0,38.0,10.0,6.0,3.0,1.0,10,1.0,6,1,0,0,1,0,1,1,0,1,0,1,178000.0
3.0,4.0,3.0,3.0,8.0,0.0,6,10.0,3,0,1,1,0,0,0,0,0,0,0,1,33613.0
6.0,8.0,8.0,5.0,4.0,0.0,6,1.0,5,0,1,1,1,0,1,0,0,0,0,0,47513.0
12.0,16.0,10.0,3.0,9.0,0.0,10,0.0,5,0,1,0,0,0,0,1,0,0,0,0,300000.0
9.0,12.0,10.0,5.0,9.0,0.0,3,1.0,5,1,1,0,1,0,0,0,0,0,0,1,96666.0
5.0,6.0,10.0,6.0,4.0,1.0,2,8.0,4,1,0,0,0,0,0,1,0,0,0,1,59073.0
3.0,15.0,10.0,6.0,9.0,1.0,10,9.0,10,1,0,0,1,0,1,1,0,1,0,1,127000.0
7.0,14.0,7.0,5.0,5.0,1.0,6,1.0,6,1,1,1,1,0,0,0,0,1,0,1,92035.0
6.0,8.0,6.0,5.0,4.0,0.0,6,10.0,8,1,1,0,1,0,0,0,0,1,0,0,160000.0
22.0,25.0,22.0,4.0,4.0,2.0,1,0.0,5,0,1,1,1,0,1,0,0,0,0,1,87231.0
16.0,20.0,16.0,5.0,7.0,1.0,6,0.0,7,0,1,1,1,0,1,0,1,0,0,0,155984.0
23.0,27.0,10.0,5.0,7.0,1.0,6,0.0,4,0,1,1,1,0,1,0,0,0,0,1,92369.0
20.0,24.0,24.0,3.0,5.0,0.0,7,6.0,4,1,0,0,1,1,0,0,0,0,1,1,80555.0
6.0,10.0,6.0,5.0,7.0,1.0,3,0.0,5,0,0,1,0,1,0,0,0,0,1,1,96666.0
2.0,5.0,10.0,6.0,4.0,0.0,8,0.0,11,0,1,1,0,1,0,1,0,0,0,1,12000.0
9.0,13.0,9.0,5.0,7.0,0.0,10,0.0,5,0,1,1,1,1,0,0,0,0,0,1,160000.0
19.0,24.0,10.0,6.0,1.0,0.0,3,0.0,5,0,1,1,0,1,0,0,0,0,0,0,214812.0
7.0,8.0,7.0,2.0,2.0,0.0,6,7.0,2,0,0,0,0,1,0,0,0,0,0,1,26852.0
10.0,12.0,10.0,5.0,9.0,0.0,7,4.0,10,1,1,0,1,0,1,0,1,0,0,1,67666.0
8.0,19.0,8.0,5.0,9.0,1.0,9,1.0,7,0,1,1,1,1,0,0,0,0,0,1,124840.0
18.0,25.0,24.0,6.0,5.0,1.0,10,10.0,3,1,0,0,1,0,0,0,0,0,0,1,140000.0
34.0,44.0,10.0,2.0,1.0,2.0,6,9.0,3,0,0,0,0,0,0,1,0,0,0,0,76307.0
3.0,8.0,10.0,5.0,7.0,2.0,10,1.0,4,1,0,0,1,0,0,1,0,0,0,1,92000.0
15.0,31.0,10.0,5.0,4.0,0.0,6,0.0,9,1,1,1,1,0,0,0,1,1,1,1,93616.0
8.0,9.0,8.0,5.0,4.0,1.0,6,6.0,3,0,1,1,1,0,0,0,0,0,0,1,134921.0
26.0,35.0,26.0,7.0,7.0,1.0,4,10.0,14,1,1,0,0,1,0,1,0,0,1,1,58621.0
3.0,12.0,4.0,3.0,9.0,1.0,6,9.0,8,1,1,0,1,0,0,1,0,0,0,1,22272.0
7.0,13.0,7.0,5.0,2.0,0.0,4,5.0,3,1,0,0,1,0,0,0,0,0,0,0,47854.0
5.0,10.0,10.0,6.0,4.0,2.0,2,9.0,9,1,0,0,0,0,1,1,0,0,0,1,50481.0
15.0,20.0,10.0,3.0,1.0,1.0,6,1.0,10,0,1,1,1,1,1,0,1,1,0,0,51507.0
3.0,5.0,3.0,3.0,4.0,2.0,6,0.0,4,0,1,1,1,0,0,0,0,0,0,1,26852.0
28.0,42.0,10.0,3.0,2.0,0.0,10,0.0,5,0,1,0,1,0,0,0,1,0,0,0,150000.0
7.0,7.0,10.0,3.0,4.0,1.0,5,10.0,4,0,1,0,0,0,1,0,0,0,0,1,45111.0
4.0,7.0,4.0,6.0,5.0,1.0,6,2.0,3,0,1,1,0,0,0,0,0,0,0,1,51555.0
24.0,35.0,28.0,4.0,4.0,1.0,5,0.0,3,0,1,0,0,0,0,0,0,0,0,1,80555.0
2.0,3.0,10.0,3.0,7.0,0.0,4,2.0,7,1,1,1,1,0,0,0,1,0,0,1,19142.0
18.0,23.0,10.0,6.0,1.0,0.0,6,1.0,1,0,0,0,0,0,0,0,1,0,0,0,53703.0
8.0,8.0,8.0,5.0,5.0,0.0,6,2.0,3,0,1,1,0,0,0,0,0,0,0,1,45492.0
14.0,22.0,21.0,6.0,4.0,1.0,9,1.0,4,1,0,0,0,0,0,1,0,0,1,1,382164.0
4.0,8.0,4.0,6.0,5.0,1.0,10,0.0,15,1,1,1,1,1,1,0,0,1,1,1,105000.0
4.0,8.0,4.0,5.0,6.0,0.0,6,1.0,6,0,1,1,1,0,1,0,0,0,0,1,89087.0
8.0,10.0,8.0,5.0,4.0,0.0,1,10.0,3,1,0,0,0,0,0,0,0,0,1,0,125000.0
6.0,10.0,6.0,5.0,8.0,0.0,8,1.0,2,1,0,0,0,1,0,0,0,0,0,1,35545.0
7.0,9.0,10.0,5.0,4.0,0.0,10,0.0,6,0,1,0,1,0,1,0,0,0,0,1,83000.0
3.0,5.0,3.0,5.0,5.0,0.0,10,1.0,9,1,1,1,1,1,0,0,0,0,0,1,240000.0
8.0,11.0,8.0,6.0,7.0,0.0,7,10.0,3,1,0,0,0,0,1,0,0,0,0,1,49815.0
2.0,2.0,3.0,3.0,3.0,2.0,6,2.0,2,0,0,0,0,0,0,0,1,0,0,1,16755.0
4.0,7.0,10.0,5.0,4.0,0.0,8,0.0,4,0,1,0,1,0,0,1,1,0,0,1,45600.0
8.0,11.0,8.0,6.0,7.0,0.0,8,4.0,5,1,0,0,1,0,1,0,0,0,0,1,72000.0
10.0,15.0,10.0,5.0,5.0,2.0,6,8.0,6,0,0,0,0,1,0,1,0,0,0,1,48333.0
2.0,10.0,10.0,5.0,2.0,1.0,6,0.0,6,1,1,1,0,0,0,0,0,0,1,1,52853.0
25.0,28.0,10.0,5.0,6.0,2.0,10,9.0,7,1,0,0,0,0,1,1,0,0,0,1,135000.0
2.0,3.0,10.0,3.0,5.0,1.0,9,0.0,4,0,1,0,1,0,0,0,1,0,0,1,33121.0
3.0,6.0,3.0,6.0,4.0,0.0,8,1.0,5,0,1,1,0,1,1,0,0,0,0,1,18000.0
9.0,15.0,12.0,6.0,5.0,0.0,8,7.0,2,0,0,0,0,1,0,0,0,0,0,1,37026.0
3.0,6.0,10.0,1.0,9.0,1.0,6,0.0,10,1,1,0,1,1,1,0,1,0,0,1,13370.0
5.0,10.0,5.0,5.0,7.0,2.0,3,0.0,8,1,1,1,1,0,1,0,0,0,0,0,75184.0
2.0,10.0,2.0,5.0,6.0,0.0,8,8.0,3,1,0,0,0,0,0,1,0,0,1,1,33792.0
5.0,8.0,6.0,6.0,5.0,1.0,1,10.0,4,1,0,0,0,0,0,0,0,0,0,1,74874.0
6.0,12.0,10.0,6.0,5.0,1.0,3,9.0,4,1,0,0,0,0,1,1,0,0,0,1,86999.0
8.0,15.0,14.0,1.0,2.0,1.0,6,10.0,8,1,1,0,1,0,1,1,0,0,0,1,134921.0
5.0,10.0,8.0,6.0,9.0,0.0,8,4.0,4,1,0,0,1,0,0,0,0,0,0,1,34557.0
2.0,12.0,10.0,5.0,9.0,1.0,3,10.0,6,0,1,1,0,0,0,0,0,0,0,1,83777.0
7.0,8.0,8.0,6.0,5.0,0.0,8,1.0,2,0,0,0,1,0,0,0,0,1,0,1,120000.0
15.0,17.0,10.0,5.0,4.0,0.0,6,7.0,4,0,0,0,1,1,0,0,0,0,0,1,69814.0
6.0,9.0,6.0,6.0,4.0,1.0,6,2.0,5,1,1,0,1,0,0,0,0,0,0,1,20395.0
18.0,23.0,18.0,5.0,9.0,0.0,1,0.0,7,0,1,1,1,0,1,0,0,0,0,1,106132.0
6.0,12.0,6.0,5.0,2.0,1.0,6,10.0,3,0,0,0,0,0,1,1,0,0,0,1,78183.0
9.0,12.0,9.0,6.0,5.0,2.0,2,10.0,7,1,1,1,0,0,1,1,0,0,1,1,53703.0
2.0,7.0,18.0,6.0,9.0,0.0,10,10.0,13,1,1,0,1,1,0,0,1,1,0,1,130000.0
19.0,24.0,17.0,6.0,4.0,1.0,6,1.0,4,0,1,0,1,0,0,0,1,0,0,1,55472.0
5.0,19.0,5.0,6.0,9.0,2.0,10,9.0,7,1,0,0,0,1,1,1,0,0,0,1,125000.0
15.0,30.0,10.0,7.0,2.0,1.0,6,1.0,3,1,0,0,1,0,0,0,0,0,1,0,85925.0
3.0,9.0,10.0,5.0,9.0,1.0,3,1.0,6,1,1,1,0,0,0,0,0,0,0,1,67666.0
19.0,24.0,21.0,3.0,2.0,0.0,7,0.0,7,1,1,1,1,0,0,0,1,0,0,1,57999.0
14.0,17.0,15.0,6.0,7.0,1.0,10,10.0,4,0,1,1,0,0,0,0,0,0,0,1,207662.0
1.0,3.0,10.0,6.0,5.0,0.0,10,10.0,8,1,1,1,1,0,0,0,0,0,0,1,110000.0
1.0,10.0,1.0,5.0,7.0,1.0,6,0.0,2,0,1,0,0,1,0,0,0,0,0,1,31148.0
10.0,20.0,10.0,7.0,2.0,2.0,6,10.0,5,0,0,0,1,0,1,1,0,0,0,1,42962.0
22.0,23.0,23.0,5.0,2.0,0.0,6,1.0,4,0,1,1,0,0,1,0,0,0,0,1,118919.0
3.0,8.0,10.0,6.0,4.0,1.0,6,0.0,19,1,1,1,1,1,1,1,1,0,0,1,23092.0
5.0,5.0,5.0,2.0,6.0,0.0,6,1.0,2,0,1,0,0,0,1,0,0,0,0,1,44818.0
9.0,13.0,13.0,3.0,9.0,1.0,8,1.0,1,1,0,0,0,0,0,0,0,0,0,1,60500.0
15.0,41.0,15.0,5.0,8.0,0.0,9,1.0,3,1,1,0,0,0,0,0,0,0,0,1,273884.0
32.0,38.0,34.0,5.0,8.0,0.0,10,8.0,4,0,1,0,1,0,0,0,0,0,0,1,150000.0
1.0,4.0,1.0,4.0,2.0,2.0,7,0.0,9,0,1,1,1,1,1,0,1,1,0,1,25777.0
22.0,29.0,22.0,6.0,9.0,1.0,2,2.0,2,0,0,1,0,0,0,0,0,0,0,1,85925.0
15.0,15.0,15.0,6.0,5.0,2.0,5,9.0,5,1,0,0,0,0,1,1,0,0,0,1,53703.0
18.0,24.0,1.0,7.0,7.0,0.0,6,1.0,4,0,0,0,1,0,1,0,0,0,0,1,50420.0
12.0,23.0,11.0,6.0,6.0,1.0,10,10.0,11,0,1,1,0,1,1,1,0,0,0,1,165000.0
11.0,17.0,10.0,6.0,6.0,1.0,6,8.0,3,0,0,0,1,0,1,0,0,0,0,1,64444.0
2.0,3.0,15.0,6.0,4.0,1.0,3,4.0,6,1,1,1,1,0,0,0,0,0,1,1,69814.0
10.0,20.0,10.0,3.0,5.0,1.0,10,6.0,4,0,1,1,0,0,0,0,0,0,0,1,190000.0
25.0,25.0,25.0,6.0,5.0,1.0,4,0.0,2,0,1,1,0,0,0,0,0,0,0,1,47854.0
24.0,27.0,24.0,5.0,9.0,0.0,1,8.0,7,0,1,1,1,1,0,0,1,0,0,1,105405.0
10.0,15.0,15.0,5.0,2.0,2.0,6,0.0,4,0,1,0,1,0,0,0,1,0,0,1,27926.0
7.0,20.0,7.0,5.0,5.0,0.0,10,0.0,4,1,1,1,0,0,0,0,0,0,0,0,122000.0
2.0,2.0,2.0,3.0,5.0,0.0,8,10.0,4,1,0,0,1,0,0,0,1,0,0,1,11848.0
20.0,25.0,25.0,7.0,4.0,0.0,7,1.0,5,1,0,0,1,0,1,1,0,0,0,1,66592.0
1.0,5.0,5.0,2.0,3.0,0.0,6,1.0,7,0,1,1,1,0,1,0,1,0,1,1,25777.0
7.0,10.0,7.0,5.0,5.0,0.0,6,2.0,5,0,1,1,1,0,0,0,0,0,0,1,45000.0
10.0,14.0,10.0,6.0,5.0,1.0,10,9.0,3,1,0,0,0,0,0,0,0,0,0,1,210000.0
15.0,20.0,10.0,5.0,4.0,0.0,7,4.0,6,1,1,0,1,1,0,0,0,0,0,1,55851.0
17.0,20.0,10.0,5.0,2.0,2.0,6,0.0,6,0,1,1,1,1,0,0,1,0,0,1,53757.0
10.0,16.0,10.0,3.0,7.0,0.0,10,0.0,8,0,1,1,1,1,0,0,0,0,1,1,200000.0
6.0,10.0,6.0,5.0,9.0,1.0,5,10.0,6,1,0,0,1,0,0,0,0,1,0,1,107406.0
4.0,7.0,4.0,3.0,4.0,1.0,2,2.0,5,0,1,1,1,0,0,0,0,0,0,1,64444.0
4.0,16.0,4.0,2.0,4.0,1.0,6,1.0,6,0,1,0,1,0,1,0,0,1,0,1,46586.0
7.0,8.0,7.0,6.0,6.0,1.0,6,1.0,5,1,0,1,1,1,0,0,0,0,0,1,53426.0
10.0,30.0,10.0,7.0,4.0,1.0,6,0.0,6,1,0,0,0,0,1,1,0,0,0,1,92492.0
3.0,6.0,10.0,6.0,5.0,2.0,2,0.0,6,0,1,1,1,1,0,0,0,0,0,1,39740.0
3.0,4.0,5.0,6.0,3.0,1.0,6,1.0,3,1,0,0,1,0,0,0,1,0,0,1,86401.0
3.0,11.0,2.0,5.0,4.0,2.0,10,10.0,5,1,0,0,0,1,1,1,0,0,0,1,77000.0
7.0,9.0,7.0,5.0,6.0,0.0,10,0.0,4,1,0,0,1,0,1,0,0,0,0,1,105000.0
5.0,10.0,5.0,2.0,4.0,1.0,3,0.0,7,1,0,1,1,0,0,0,0,0,1,1,32995.0
5.0,7.0,10.0,3.0,5.0,1.0,3,1.0,6,0,1,1,1,0,0,0,0,0,0,1,96666.0
24.0,32.0,24.0,3.0,6.0,0.0,6,2.0,3,0,1,1,0,0,0,0,0,0,0,1,65221.0
10.0,10.0,10.0,2.0,4.0,0.0,6,1.0,9,1,0,1,1,0,1,0,0,0,0,1,91295.0
23.0,29.0,23.0,5.0,9.0,0.0,10,7.0,3,0,0,0,1,1,0,0,0,0,0,1,490000.0
15.0,24.0,15.0,5.0,5.0,1.0,10,0.0,8,0,1,1,1,0,0,0,1,0,0,1,87000.0
40.0,45.0,10.0,6.0,2.0,1.0,6,10.0,3,0,0,0,1,0,1,0,0,0,0,0,110622.0
4.0,14.0,10.0,5.0,1.0,0.0,10,0.0,3,0,1,0,0,0,0,0,0,0,0,0,37200.0
3.0,10.0,8.0,6.0,3.0,1.0,10,10.0,5,1,0,0,0,0,0,1,0,0,0,1,86000.0
10.0,12.0,10.0,5.0,5.0,0.0,3,1.0,7,1,1,0,1,0,0,1,0,0,0,0,107406.0
13.0,15.0,12.0,7.0,3.0,2.0,6,10.0,4,1,0,0,1,0,0,0,0,0,0,1,32077.0
8.0,16.0,10.0,5.0,3.0,0.0,6,10.0,5,0,1,0,0,0,0,0,1,0,0,0,297297.0
5.0,9.0,5.0,5.0,4.0,1.0,10,9.0,9,1,0,0,0,0,0,0,0,1,1,1,125000.0
10.0,13.0,10.0,5.0,4.0,0.0,6,1.0,9,1,1,1,1,1,0,0,1,0,0,0,122913.0
14.0,30.0,28.0,3.0,9.0,0.0,10,10.0,3,0,1,0,1,0,0,0,0,0,0,1,118000.0
25.0,25.0,25.0,5.0,7.0,0.0,6,0.0,6,0,1,0,1,0,0,0,1,0,1,1,59189.0
14.0,15.0,10.0,6.0,8.0,1.0,6,10.0,6,1,0,0,1,0,0,0,0,0,0,1,87086.0
14.0,22.0,24.0,5.0,3.0,0.0,9,1.0,3,0,0,0,1,0,0,0,0,1,0,1,140127.0
19.0,24.0,24.0,6.0,4.0,0.0,6,1.0,3,0,1,1,0,0,0,0,0,0,0,1,79481.0
15.0,30.0,10.0,3.0,3.0,1.0,6,10.0,14,1,1,0,1,1,1,1,1,1,0,1,22409.0
6.0,10.0,10.0,5.0,1.0,0.0,6,0.0,5,0,1,1,1,0,0,0,0,1,0,0,60000.0
32.0,40.0,10.0,5.0,5.0,0.0,10,0.0,1,0,0,0,0,0,0,0,0,0,0,1,320000.0
6.0,15.0,6.0,6.0,4.0,0.0,0,10.0,4,1,0,0,1,0,0,0,0,0,0,1,36365.0
11.0,19.0,11.0,6.0,7.0,0.0,6,1.0,8,1,1,1,1,0,0,0,1,1,0,1,137480.0
5.0,9.0,7.0,6.0,4.0,0.0,8,1.0,2,0,1,0,0,0,0,0,1,0,0,1,30000.0
6.0,15.0,6.0,2.0,5.0,0.0,6,0.0,5,0,1,1,0,0,0,0,1,0,0,1,35635.0
6.0,12.0,6.0,3.0,7.0,0.0,6,1.0,6,1,1,1,1,0,0,0,0,1,0,1,239516.0
14.0,23.0,14.0,6.0,5.0,1.0,6,7.0,3,0,0,0,1,1,0,0,0,0,0,1,61222.0
3.0,7.0,10.0,5.0,3.0,0.0,4,0.0,6,1,1,1,1,0,0,0,0,0,0,0,39479.0
25.0,30.0,10.0,5.0,9.0,0.0,10,5.0,3,0,0,0,0,0,1,0,0,0,0,1,244000.0
5.0,10.0,10.0,6.0,5.0,0.0,8,10.0,4,0,0,0,1,0,1,0,0,0,0,1,36000.0
2.0,10.0,2.0,5.0,4.0,0.0,9,0.0,7,0,1,1,1,0,1,0,0,0,0,1,57325.0
15.0,30.0,24.0,3.0,2.0,0.0,9,0.0,2,0,1,0,0,0,0,0,1,0,0,0,63694.0
10.0,15.0,10.0,6.0,5.0,0.0,6,0.0,5,0,1,0,1,1,0,0,0,0,0,1,38666.0
8.0,11.0,10.0,6.0,3.0,0.0,2,0.0,4,0,1,0,0,0,1,1,0,1,0,1,80555.0
30.0,30.0,10.0,1.0,3.0,2.0,6,10.0,5,0,0,1,1,0,1,1,0,0,0,1,64444.0
8.0,10.0,10.0,6.0,1.0,0.0,9,0.0,7,1,0,1,0,0,0,1,0,0,1,0,114649.0
20.0,24.0,20.0,5.0,9.0,0.0,4,1.0,5,1,0,0,0,0,0,1,0,0,1,1,95708.0
10.0,15.0,10.0,5.0,1.0,0.0,10,0.0,7,0,1,0,1,0,1,0,0,0,0,0,30000.0
17.0,22.0,17.0,6.0,3.0,0.0,9,1.0,7,1,1,0,1,1,0,0,1,0,0,1,64968.0
19.0,22.0,19.0,6.0,8.0,1.0,3,6.0,1,0,0,0,0,0,0,0,1,0,0,1,118147.0
8.0,10.0,8.0,2.0,5.0,0.0,0,0.0,6,0,1,1,1,0,0,0,0,1,0,1,58184.0
8.0,30.0,10.0,5.0,3.0,2.0,1,9.0,3,1,0,0,0,0,0,1,0,0,0,1,65424.0
17.0,22.0,10.0,6.0,5.0,1.0,3,0.0,6,1,1,0,1,0,0,1,0,0,0,1,85925.0
11.0,15.0,12.0,6.0,9.0,1.0,4,6.0,4,0,1,1,0,0,0,0,0,0,0,1,71781.0
5.0,9.0,5.0,5.0,7.0,0.0,1,5.0,1,1,0,0,0,0,0,0,0,0,0,1,67604.0
17.0,19.0,17.0,6.0,7.0,0.0,1,0.0,6,1,1,1,0,1,1,0,0,0,0,1,187548.0
9.0,24.0,28.0,6.0,3.0,0.0,3,10.0,3,1,0,0,0,0,0,1,0,0,0,1,66592.0
21.0,21.0,21.0,3.0,6.0,0.0,10,0.0,6,0,1,1,1,0,1,0,0,0,0,1,190000.0
14.0,15.0,15.0,3.0,6.0,0.0,6,1.0,3,0,1,0,1,0,0,0,0,0,0,1,45284.0
0.0,9.0,1.0,6.0,2.0,1.0,3,10.0,1,0,0,0,0,0,0,1,0,0,0,1,59073.0
3.0,7.0,3.0,5.0,3.0,1.0,5,0.0,9,0,1,1,1,1,1,0,1,0,0,1,45379.0
1.0,11.0,1.0,2.0,3.0,0.0,6,1.0,7,0,0,0,0,0,1,1,0,0,0,1,19333.0
19.0,30.0,10.0,5.0,7.0,1.0,10,10.0,2,0,0,0,0,0,0,1,0,0,0,1,210000.0
33.0,40.0,33.0,5.0,7.0,2.0,10,2.0,5,0,1,1,1,0,0,0,1,0,0,1,89000.0
10.0,10.0,10.0,3.0,5.0,1.0,6,2.0,4,0,1,1,0,0,0,0,0,0,0,1,44551.0
6.0,19.0,10.0,5.0,6.0,2.0,6,0.0,3,0,1,0,0,1,0,0,0,0,0,1,122559.0
11.0,15.0,11.0,5.0,2.0,0.0,1,0.0,9,0,1,1,1,0,0,1,0,0,0,0,116309.0
7.0,13.0,7.0,6.0,8.0,1.0,10,1.0,8,0,1,0,1,1,1,1,0,0,0,1,163000.0
20.0,24.0,20.0,6.0,8.0,1.0,6,0.0,5,1,1,0,1,1,0,0,0,0,0,1,48333.0
15.0,20.0,25.0,6.0,7.0,1.0,6,2.0,4,0,1,0,1,0,0,0,1,0,0,1,102950.0
2.0,4.0,10.0,5.0,5.0,1.0,8,10.0,2,1,0,0,1,0,0,0,0,0,0,1,19333.0
20.0,35.0,10.0,6.0,6.0,0.0,10,1.0,2,1,0,0,0,0,0,0,0,0,0,1,250000.0
7.0,10.0,10.0,6.0,2.0,0.0,9,0.0,5,1,1,1,1,0,0,0,0,0,0,1,229298.0
35.0,40.0,35.0,4.0,7.0,0.0,9,0.0,5,1,1,0,1,0,1,0,0,0,0,1,94267.0
3.0,6.0,10.0,5.0,4.0,2.0,10,8.0,2,0,0,0,1,0,1,0,0,0,0,1,88000.0
22.0,25.0,24.0,5.0,2.0,0.0,6,10.0,7,0,0,1,1,0,1,0,0,0,0,0,214812.0
34.0,40.0,31.0,3.0,9.0,0.0,1,10.0,6,0,1,0,0,0,1,1,0,0,1,1,120307.0
17.0,35.0,10.0,6.0,7.0,1.0,3,10.0,3,1,0,0,0,0,0,1,0,0,0,1,107406.0
15.0,25.0,10.0,7.0,9.0,1.0,2,10.0,4,0,1,0,0,0,1,0,0,0,0,1,64444.0
3.0,6.0,3.0,3.0,7.0,0.0,10,0.0,5,1,1,1,0,0,0,0,1,0,0,1,44990.0
15.0,27.0,15.0,6.0,2.0,1.0,2,1.0,1,0,0,0,0,0,0,0,0,0,1,0,75184.0
10.0,14.0,10.0,6.0,7.0,1.0,2,0.0,4,0,0,1,1,0,1,0,0,0,0,1,65518.0
7.0,9.0,21.0,5.0,5.0,1.0,3,0.0,6,0,0,1,1,1,1,0,0,0,0,1,83777.0
10.0,16.0,10.0,5.0,9.0,1.0,9,10.0,8,1,1,0,0,1,0,0,0,1,1,1,165604.0
3.0,4.0,7.0,5.0,5.0,2.0,0,4.0,5,1,1,0,1,0,0,0,0,0,0,1,22378.0
3.0,10.0,3.0,5.0,7.0,1.0,10,9.0,7,1,1,1,0,0,0,0,0,1,0,1,113000.0
10.0,15.0,10.0,3.0,3.0,1.0,6,2.0,5,0,1,1,0,0,0,0,0,1,0,1,30933.0
32.0,38.0,10.0,6.0,4.0,2.0,3,9.0,6,1,1,0,0,0,0,1,0,0,0,1,85925.0
11.0,21.0,11.0,6.0,5.0,1.0,6,1.0,3,0,0,0,0,0,0,1,0,1,0,1,38535.0
29.0,30.0,10.0,6.0,1.0,0.0,6,0.0,11,0,1,1,1,1,0,0,1,1,0,0,36000.0
0.0,6.0,1.0,5.0,5.0,2.0,6,7.0,5,0,1,0,1,0,1,0,0,0,0,1,10331.0
7.0,10.0,11.0,5.0,8.0,0.0,10,0.0,6,1,1,1,1,0,1,0,0,0,0,1,89000.0
7.0,16.0,7.0,6.0,4.0,1.0,3,1.0,2,1,0,0,1,0,0,0,0,0,0,1,92155.0
6.0,10.0,10.0,5.0,5.0,1.0,10,1.0,8,1,1,1,1,0,1,0,1,0,0,1,110000.0
3.0,10.0,3.0,2.0,4.0,1.0,6,0.0,6,1,1,0,1,1,0,0,0,0,1,1,40061.0
29.0,31.0,29.0,6.0,4.0,0.0,10,6.0,5,1,0,0,1,0,1,0,0,0,0,1,155000.0
20.0,30.0,25.0,2.0,3.0,0.0,9,0.0,6,0,1,0,1,0,0,0,1,0,0,1,101910.0
5.0,10.0,5.0,5.0,7.0,2.0,6,1.0,3,0,0,0,0,1,0,1,0,0,0,1,15296.0
5.0,11.0,3.0,5.0,3.0,1.0,10,3.0,5,1,0,0,1,1,0,0,0,0,0,1,125000.0
18.0,22.0,10.0,5.0,7.0,1.0,6,10.0,3,0,1,1,0,0,0,0,1,0,0,1,91295.0
4.0,12.0,4.0,5.0,3.0,1.0,6,0.0,4,1,0,1,0,0,0,1,0,0,0,1,75976.0
5.0,8.0,5.0,6.0,9.0,1.0,2,1.0,3,1,0,0,1,0,0,0,0,0,0,1,41888.0
26.0,30.0,10.0,2.0,5.0,0.0,6,1.0,7,1,1,0,1,1,1,0,0,1,0,1,42653.0
12.0,16.0,12.0,5.0,6.0,0.0,3,7.0,1,0,0,0,0,0,0,0,0,0,0,1,113851.0
20.0,27.0,25.0,3.0,5.0,1.0,6,0.0,16,1,1,0,1,1,1,1,0,0,0,1,64444.0
3.0,10.0,5.0,5.0,9.0,1.0,8,10.0,14,1,1,0,1,1,0,1,0,0,0,1,37026.0
10.0,11.0,10.0,5.0,5.0,1.0,6,0.0,9,0,1,1,1,0,1,1,0,0,0,1,199584.0
25.0,32.0,10.0,2.0,3.0,1.0,6,10.0,9,1,1,0,1,0,0,1,0,0,0,1,161905.0
28.0,36.0,10.0,2.0,6.0,0.0,6,0.0,5,1,1,0,1,0,0,0,0,0,0,1,38742.0
2.0,3.0,2.0,6.0,3.0,1.0,9,2.0,3,0,1,1,0,0,0,0,0,0,0,1,53248.0
7.0,10.0,10.0,5.0,4.0,1.0,6,10.0,5,1,0,0,0,1,0,0,0,0,0,0,83563.0
25.0,40.0,35.0,6.0,4.0,1.0,6,9.0,1,0,0,0,0,0,0,1,0,0,0,1,82703.0
3.0,6.0,10.0,5.0,7.0,2.0,6,0.0,5,1,1,1,0,1,0,0,0,0,0,1,65514.0
3.0,4.0,2.0,5.0,6.0,1.0,5,1.0,3,1,0,0,0,0,0,1,0,0,0,1,46908.0
2.0,4.0,3.0,3.0,9.0,0.0,1,8.0,3,1,1,0,0,1,0,0,0,0,0,1,54520.0
5.0,9.0,10.0,5.0,9.0,0.0,10,0.0,4,1,1,0,1,1,0,0,0,0,0,1,100000.0
4.0,5.0,20.0,2.0,5.0,2.0,10,0.0,8,1,1,0,1,0,0,1,1,0,0,1,62000.0
5.0,8.0,5.0,5.0,2.0,0.0,3,7.0,6,1,0,0,1,1,0,0,0,0,1,0,128887.0
7.0,10.0,5.0,5.0,4.0,1.0,6,1.0,5,0,1,1,1,0,1,0,0,0,0,1,85925.0
5.0,9.0,12.0,7.0,4.0,0.0,1,0.0,5,1,1,0,1,0,0,0,1,0,0,1,72693.0
20.0,32.0,10.0,5.0,7.0,1.0,10,0.0,9,1,1,0,1,1,0,0,0,1,0,1,300000.0
7.0,9.0,7.0,5.0,8.0,1.0,0,0.0,4,0,1,0,0,1,1,0,0,0,0,1,54081.0
8.0,8.0,8.0,5.0,5.0,1.0,3,0.0,7,1,1,1,1,1,0,0,0,0,0,1,62897.0
22.0,30.0,10.0,3.0,4.0,2.0,6,9.0,1,0,0,0,0,0,0,0,0,0,0,1,10353.0
18.0,22.0,18.0,5.0,9.0,2.0,10,6.0,5,1,0,0,0,1,0,1,0,0,0,1,180000.0
2.0,4.0,2.0,5.0,5.0,1.0,6,1.0,5,0,0,1,1,1,0,0,0,0,0,1,68322.0
20.0,27.0,20.0,6.0,4.0,0.0,9,0.0,8,1,1,0,1,0,0,0,1,0,0,1,73885.0
7.0,10.0,10.0,5.0,5.0,0.0,6,1.0,5,1,1,0,0,0,0,0,0,1,0,1,48000.0
3.0,6.0,3.0,5.0,4.0,2.0,6,0.0,6,0,1,0,1,1,0,0,1,0,0,1,17817.0
3.0,5.0,10.0,6.0,4.0,1.0,10,10.0,6,1,1,1,0,1,0,1,0,0,0,0,24000.0
25.0,30.0,23.0,3.0,7.0,1.0,6,1.0,7,0,0,0,1,1,1,1,1,0,0,0,18921.0
5.0,5.0,7.0,5.0,7.0,0.0,6,1.0,2,0,0,0,1,1,0,0,0,0,0,1,37120.0
4.0,6.0,6.0,5.0,5.0,0.0,8,7.0,6,0,1,1,0,1,0,1,0,0,0,1,49368.0
24.0,38.0,24.0,3.0,2.0,0.0,6,0.0,3,0,0,1,1,0,1,0,0,0,0,1,38666.0
7.0,12.0,10.0,5.0,4.0,1.0,6,10.0,7,0,1,1,1,0,0,0,1,0,0,0,88019.0
12.0,10.0,12.0,5.0,3.0,0.0,0,0.0,11,1,1,1,1,1,1,1,0,0,0,1,95000.0
10.0,13.0,10.0,5.0,7.0,1.0,1,4.0,9,0,1,1,1,1,1,0,1,0,0,1,65969.0
9.0,10.0,9.0,5.0,2.0,0.0,4,0.0,3,0,1,1,0,0,0,0,0,0,0,1,29909.0
13.0,17.0,13.0,5.0,5.0,0.0,6,10.0,7,1,0,0,0,1,0,1,0,0,1,1,120000.0
41.0,43.0,43.0,5.0,4.0,0.0,1,0.0,5,1,1,1,1,0,0,0,0,0,0,1,280000.0
8.0,9.0,8.0,6.0,5.0,1.0,6,4.0,4,1,1,0,0,1,0,0,0,0,0,1,70888.0
14.0,20.0,15.0,5.0,6.0,0.0,10,0.0,4,0,1,1,0,0,0,0,0,0,0,1,250000.0
15.0,20.0,15.0,6.0,5.0,0.0,3,10.0,9,1,1,1,1,1,0,0,1,1,0,1,99888.0
11.0,15.0,10.0,5.0,6.0,1.0,6,0.0,2,0,1,0,0,0,0,0,0,1,0,1,55584.0
23.0,23.0,23.0,2.0,4.0,2.0,6,7.0,2,0,0,0,0,1,0,0,0,0,0,1,59391.0
8.0,10.0,9.0,5.0,7.0,1.0,4,7.0,1,0,0,0,0,0,0,0,0,0,0,1,41872.0
11.0,15.0,10.0,5.0,4.0,0.0,8,1.0,1,0,0,0,0,1,0,0,0,0,0,1,64178.0
43.0,44.0,10.0,3.0,2.0,0.0,9,1.0,4,0,0,0,1,0,1,0,0,0,0,1,122292.0
2.0,8.0,10.0,5.0,5.0,0.0,6,0.0,7,0,1,1,1,0,1,0,0,0,1,1,39640.0
7.0,17.0,10.0,6.0,4.0,0.0,3,0.0,6,0,1,1,1,1,0,0,0,0,1,0,63370.0
11.0,15.0,15.0,6.0,4.0,0.0,8,0.0,3,0,1,0,1,0,0,0,1,0,0,1,29621.0
8.0,18.0,8.0,5.0,4.0,0.0,1,2.0,1,0,0,1,0,0,0,0,0,0,0,1,58154.0
3.0,6.0,3.0,3.0,9.0,0.0,6,10.0,3,1,0,0,0,1,0,0,0,0,0,1,42007.0
20.0,23.0,20.0,4.0,3.0,0.0,1,0.0,4,0,1,0,1,0,1,0,1,0,0,1,67604.0
30.0,43.0,10.0,7.0,3.0,1.0,6,4.0,4,1,0,0,1,0,0,0,0,0,0,1,222834.0
3.0,8.0,3.0,5.0,6.0,1.0,6,2.0,7,1,1,1,0,0,0,0,1,0,0,1,98960.0
4.0,10.0,10.0,6.0,7.0,1.0,2,4.0,7,1,0,0,0,0,0,1,0,0,1,1,36088.0
4.0,5.0,10.0,5.0,9.0,0.0,10,4.0,2,1,0,0,1,0,0,0,0,0,0,1,80000.0
28.0,34.0,30.0,5.0,9.0,0.0,1,0.0,7,0,1,1,0,1,1,0,0,0,0,1,79962.0
18.0,20.0,20.0,5.0,7.0,0.0,10,0.0,12,1,1,1,1,0,0,0,1,1,0,1,100000.0
20.0,24.0,21.0,5.0,4.0,1.0,9,0.0,4,0,1,0,1,0,1,0,0,0,0,1,53503.0
4.0,8.0,8.0,2.0,4.0,1.0,6,0.0,15,1,1,1,0,0,0,0,1,1,1,1,89134.0
16.0,17.0,17.0,6.0,2.0,1.0,6,0.0,7,1,1,1,0,0,1,0,0,1,0,1,45111.0
6.0,11.0,6.0,4.0,6.0,2.0,6,10.0,12,1,1,0,1,1,1,1,0,0,0,0,18044.0
16.0,22.0,16.0,5.0,2.0,0.0,6,0.0,9,1,1,1,1,0,1,0,1,1,0,1,44037.0
15.0,30.0,15.0,6.0,5.0,1.0,7,1.0,3,1,0,0,0,0,0,0,0,0,0,1,94517.0
5.0,10.0,10.0,6.0,7.0,0.0,3,8.0,8,1,1,0,1,1,0,1,0,0,0,0,54777.0
0.0,6.0,10.0,5.0,7.0,1.0,5,5.0,4,1,1,1,0,0,0,0,0,0,0,1,44037.0
8.0,11.0,10.0,3.0,6.0,1.0,6,7.0,3,1,0,0,0,0,0,0,0,0,0,1,75184.0
5.0,8.0,8.0,5.0,7.0,1.0,10,3.0,4,1,0,0,1,0,0,0,0,0,0,1,100000.0
7.0,10.0,10.0,6.0,2.0,1.0,3,0.0,6,1,1,1,1,1,0,0,0,0,0,1,57999.0
2.0,3.0,10.0,2.0,3.0,2.0,6,1.0,6,0,1,1,1,1,0,0,1,0,0,0,32222.0
17.0,23.0,17.0,5.0,4.0,0.0,10,0.0,7,1,1,1,1,0,0,0,0,0,0,1,160000.0
4.0,12.0,10.0,5.0,9.0,1.0,9,1.0,13,1,1,1,1,1,1,1,0,0,0,1,122292.0
10.0,10.0,10.0,7.0,7.0,1.0,7,10.0,4,0,0,0,1,0,0,0,0,0,0,1,128887.0
3.0,6.0,4.0,5.0,3.0,0.0,4,0.0,3,0,1,1,0,0,0,0,0,0,0,1,14356.0
26.0,45.0,32.0,3.0,2.0,1.0,10,0.0,23,1,1,1,1,1,0,1,1,1,1,0,240000.0
2.0,4.0,2.0,5.0,4.0,0.0,10,2.0,5,1,0,1,1,0,0,0,0,0,0,1,120000.0
7.0,10.0,7.0,5.0,7.0,0.0,0,0.0,5,0,1,0,1,0,0,0,0,0,0,1,84000.0
18.0,25.0,21.0,5.0,6.0,1.0,10,1.0,2,1,0,0,0,0,0,0,0,0,0,1,360000.0
20.0,26.0,10.0,6.0,5.0,2.0,7,1.0,1,0,0,0,0,1,0,0,0,0,0,1,59073.0
11.0,16.0,10.0,5.0,5.0,0.0,1,1.0,4,1,0,0,1,0,1,0,0,0,0,1,90866.0
19.0,26.0,19.0,6.0,5.0,0.0,6,1.0,14,1,1,1,1,0,0,1,1,1,1,1,67227.0
2.0,4.0,2.0,5.0,9.0,1.0,6,1.0,13,1,1,1,1,1,1,1,0,0,0,1,49379.0
30.0,35.0,30.0,6.0,4.0,0.0,6,1.0,3,0,1,0,0,0,1,0,0,1,0,0,64444.0
10.0,14.0,10.0,3.0,4.0,1.0,0,0.0,5,0,1,0,1,0,1,0,0,0,0,1,22378.0
13.0,17.0,13.0,5.0,3.0,0.0,10,6.0,7,0,1,1,1,0,1,0,1,0,0,1,170000.0
10.0,12.0,10.0,3.0,5.0,2.0,6,2.0,3,0,1,1,0,0,0,0,0,0,0,1,30657.0
12.0,20.0,12.0,6.0,9.0,1.0,10,9.0,11,1,0,1,0,0,0,1,0,0,1,1,400000.0
19.0,25.0,20.0,3.0,4.0,1.0,3,0.0,6,0,1,1,1,0,0,0,1,0,0,1,38666.0
4.0,9.0,10.0,2.0,4.0,0.0,5,0.0,3,0,1,1,0,0,0,0,0,0,1,1,80000.0
4.0,7.0,4.0,5.0,4.0,0.0,6,10.0,3,0,1,1,0,0,0,0,0,0,0,1,10880.0
11.0,14.0,10.0,3.0,1.0,0.0,1,8.0,1,0,0,0,0,0,0,1,0,0,0,0,87231.0
13.0,15.0,12.0,5.0,6.0,0.0,6,0.0,4,0,1,0,0,0,1,0,0,0,0,0,39878.0
4.0,15.0,10.0,5.0,9.0,2.0,10,9.0,6,1,0,0,0,0,0,1,0,0,0,1,82500.0
9.0,12.0,10.0,6.0,6.0,1.0,6,0.0,4,0,1,0,1,0,1,0,0,0,0,1,32170.0
16.0,16.0,10.0,5.0,4.0,0.0,10,0.0,4,0,1,0,1,0,0,0,0,0,0,1,225000.0
12.0,22.0,12.0,6.0,3.0,2.0,6,1.0,7,0,1,1,1,0,1,0,0,0,0,1,26000.0
21.0,26.0,21.0,6.0,3.0,2.0,6,10.0,8,1,0,0,1,0,1,1,1,0,0,1,13445.0
15.0,20.0,5.0,5.0,3.0,0.0,6,0.0,6,0,1,0,1,0,0,0,0,0,0,1,107406.0
6.0,8.0,10.0,5.0,4.0,1.0,6,1.0,3,0,0,0,1,0,0,0,1,0,0,1,12830.0
0.0,7.0,7.0,4.0,3.0,0.0,6,10.0,10,1,1,1,0,0,0,0,0,0,1,0,42962.0
5.0,13.0,5.0,5.0,7.0,0.0,3,1.0,6,0,0,1,1,1,0,0,0,0,1,1,107406.0
13.0,15.0,15.0,4.0,5.0,1.0,2,1.0,4,1,1,1,0,0,0,0,0,0,1,1,52629.0
5.0,5.0,10.0,7.0,3.0,0.0,6,2.0,5,0,1,1,0,0,1,0,0,1,0,1,35444.0
3.0,15.0,3.0,3.0,7.0,1.0,6,0.0,7,0,1,1,1,0,1,0,0,0,0,1,43495.0
3.0,4.0,3.0,3.0,6.0,2.0,6,1.0,2,0,0,0,0,1,0,0,0,0,0,1,28288.0
22.0,24.0,22.0,6.0,8.0,0.0,10,10.0,6,1,0,0,0,1,0,1,0,1,0,1,265000.0
13.0,20.0,14.0,7.0,4.0,2.0,6,10.0,9,1,1,0,0,1,1,1,1,0,0,1,14000.0
8.0,12.0,10.0,5.0,9.0,0.0,10,1.0,5,1,1,0,1,0,0,0,0,0,0,1,190000.0
3.0,4.0,3.0,5.0,3.0,0.0,6,1.0,6,1,1,0,1,0,1,0,0,0,0,1,26215.0
0.0,3.0,10.0,5.0,1.0,0.0,6,0.0,3,0,1,0,1,0,1,0,0,0,0,0,12000.0
7.0,10.0,7.0,2.0,4.0,0.0,10,0.0,5,0,1,1,1,0,0,0,0,0,0,1,52000.0
2.0,5.0,10.0,5.0,3.0,0.0,6,1.0,3,1,0,0,0,0,0,1,0,0,0,1,99099.0
29.0,30.0,29.0,5.0,2.0,2.0,1,10.0,6,1,1,0,1,0,0,1,0,0,1,1,130847.0
3.0,5.0,4.0,6.0,5.0,1.0,6,10.0,2,1,0,0,0,0,1,0,0,0,0,1,82582.0
3.0,5.0,4.0,5.0,9.0,0.0,6,4.0,2,1,0,0,1,0,0,0,0,0,0,1,30000.0
8.0,11.0,10.0,6.0,7.0,1.0,3,10.0,15,1,1,1,1,1,1,0,1,1,0,1,67476.0
5.0,8.0,10.0,5.0,2.0,2.0,1,10.0,4,0,1,0,1,0,0,0,0,0,0,0,145386.0
0.0,4.0,10.0,6.0,9.0,1.0,2,0.0,9,1,1,1,1,0,1,0,0,0,0,1,46722.0
50.0,51.0,10.0,6.0,1.0,0.0,10,10.0,7,1,1,0,1,0,0,0,1,0,0,0,500000.0
13.0,17.0,13.0,6.0,9.0,1.0,10,6.0,4,0,1,1,1,0,1,0,0,0,0,1,175000.0
13.0,15.0,13.0,6.0,7.0,1.0,10,1.0,3,0,0,1,0,1,0,0,0,1,0,1,400000.0
2.0,4.0,10.0,5.0,5.0,1.0,6,4.0,4,1,0,0,1,0,1,0,0,0,0,1,53703.0
16.0,16.0,10.0,6.0,6.0,0.0,10,1.0,5,1,0,0,0,0,0,0,0,1,1,1,350000.0
10.0,17.0,10.0,6.0,5.0,1.0,6,2.0,5,1,1,1,0,0,1,0,0,0,0,1,52122.0
8.0,11.0,8.0,2.0,4.0,0.0,6,1.0,4,0,0,1,1,0,0,0,0,1,1,1,53703.0
15.0,17.0,10.0,6.0,1.0,0.0,10,0.0,1,0,0,0,0,0,0,0,0,0,0,0,180000.0
22.0,32.0,10.0,5.0,7.0,0.0,7,1.0,1,0,0,0,0,0,0,0,1,0,0,1,128887.0
6.0,40.0,6.0,5.0,6.0,0.0,9,1.0,7,0,1,1,1,0,1,0,0,0,0,1,58344.0
19.0,23.0,19.0,5.0,9.0,1.0,1,8.0,6,1,0,0,0,0,0,1,1,0,0,1,112674.0
25.0,35.0,30.0,7.0,9.0,0.0,10,10.0,1,1,0,0,0,0,0,0,0,0,0,1,500000.0
9.0,15.0,10.0,5.0,4.0,1.0,10,0.0,1,0,1,0,0,0,0,0,0,0,0,1,220000.0
3.0,7.0,3.0,5.0,4.0,2.0,6,0.0,2,1,0,0,0,0,1,0,0,0,0,1,32610.0
5.0,9.0,5.0,3.0,5.0,0.0,6,0.0,8,0,1,1,1,0,1,0,0,0,1,1,63335.0
18.0,32.0,18.0,7.0,7.0,1.0,9,6.0,7,1,1,1,0,1,1,0,0,0,0,1,161044.0
12.0,16.0,10.0,5.0,7.0,1.0,4,0.0,15,1,1,1,1,1,1,1,1,0,0,1,29909.0
25.0,30.0,25.0,3.0,7.0,0.0,6,10.0,13,1,1,1,1,0,0,0,1,1,1,0,156366.0
8.0,12.0,8.0,5.0,5.0,0.0,6,8.0,3,0,0,1,0,1,0,1,0,0,0,1,102950.0
5.0,6.0,6.0,3.0,3.0,0.0,6,0.0,8,0,1,0,1,1,0,0,1,0,0,1,15037.0
4.0,10.0,10.0,5.0,5.0,1.0,10,5.0,4,1,1,0,1,0,0,0,0,0,0,1,125000.0
0.0,10.0,1.0,6.0,3.0,1.0,9,10.0,5,0,1,1,1,0,0,0,1,0,0,1,30573.0
3.0,12.0,3.0,6.0,4.0,1.0,9,10.0,5,1,0,0,0,0,0,1,0,0,0,1,53503.0
3.0,7.0,3.0,5.0,6.0,0.0,9,1.0,3,0,1,0,0,0,1,0,0,0,0,1,95541.0
5.0,9.0,10.0,5.0,5.0,1.0,3,0.0,4,0,1,1,0,1,0,0,0,0,0,1,57761.0
5.0,7.0,5.0,5.0,7.0,1.0,10,0.0,9,0,1,0,1,0,1,0,0,0,0,1,100107.0
3.0,9.0,3.0,6.0,5.0,2.0,6,1.0,3,1,0,0,0,0,0,0,0,1,0,1,39893.0
5.0,8.0,10.0,5.0,4.0,1.0,6,1.0,1,0,0,0,0,1,0,0,0,0,0,1,31597.0
3.0,5.0,3.0,3.0,4.0,1.0,6,0.0,5,0,1,1,1,1,0,0,0,0,0,1,53351.0
4.0,11.0,10.0,5.0,1.0,0.0,10,0.0,3,0,0,1,0,0,0,0,0,0,0,0,256000.0
30.0,32.0,30.0,5.0,5.0,0.0,10,2.0,6,0,1,1,1,1,0,0,0,0,0,1,170000.0
10.0,14.0,10.0,5.0,8.0,0.0,10,5.0,10,1,1,1,1,1,1,0,0,0,0,1,89000.0
12.0,20.0,14.0,6.0,6.0,1.0,3,9.0,6,1,0,0,0,0,0,1,0,0,1,1,91295.0
12.0,15.0,15.0,3.0,5.0,0.0,10,1.0,4,0,1,1,1,0,1,0,0,0,0,1,162000.0
20.0,25.0,18.0,7.0,9.0,1.0,10,10.0,6,1,0,0,1,0,0,0,0,0,0,1,84600.0
28.0,42.0,28.0,5.0,4.0,0.0,9,1.0,2,1,0,0,1,0,0,0,0,0,0,1,77707.0
22.0,24.0,10.0,4.0,2.0,1.0,2,1.0,2,0,0,0,0,1,0,0,0,1,0,1,91295.0
35.0,37.0,10.0,5.0,5.0,1.0,10,10.0,2,0,0,0,1,0,1,0,0,0,0,1,138000.0
6.0,8.0,10.0,5.0,8.0,2.0,10,0.0,7,0,1,0,1,0,0,0,0,0,1,1,50000.0
8.0,11.0,8.0,5.0,4.0,0.0,6,0.0,3,1,0,0,1,0,0,0,0,0,0,1,73177.0
7.0,10.0,10.0,2.0,2.0,0.0,3,10.0,11,1,1,0,0,0,0,0,1,1,0,1,120000.0
16.0,21.0,16.0,5.0,3.0,0.0,10,0.0,6,0,1,1,1,0,0,0,0,0,0,1,110000.0
18.0,25.0,15.0,3.0,1.0,1.0,6,0.0,12,1,1,1,1,0,1,0,0,0,1,1,190768.0
8.0,9.0,9.0,3.0,5.0,1.0,3,0.0,6,0,1,1,1,1,0,0,0,0,0,1,49622.0
23.0,34.0,22.0,5.0,8.0,1.0,6,1.0,1,0,0,0,0,1,0,0,0,0,0,1,79279.0
6.0,10.0,10.0,6.0,4.0,0.0,8,10.0,5,1,0,0,1,0,1,1,0,0,0,1,50000.0
7.0,10.0,7.0,5.0,8.0,1.0,3,0.0,7,1,1,1,1,1,0,0,0,0,0,0,62296.0
8.0,10.0,10.0,6.0,4.0,1.0,6,0.0,7,1,1,1,0,0,1,1,0,0,1,1,122559.0
7.0,15.0,10.0,5.0,4.0,0.0,6,1.0,3,0,0,0,1,0,0,0,0,1,0,1,60577.0
5.0,15.0,10.0,5.0,7.0,1.0,6,0.0,6,0,1,0,0,1,0,0,0,0,1,1,91832.0
4.0,5.0,4.0,5.0,7.0,1.0,3,10.0,2,0,0,0,0,0,0,0,0,1,0,1,39740.0
20.0,30.0,10.0,6.0,4.0,0.0,9,10.0,9,0,1,1,0,0,0,1,0,0,1,1,107006.0
6.0,7.0,15.0,6.0,4.0,0.0,10,0.0,8,1,1,1,1,0,0,0,1,0,0,1,112000.0
8.0,13.0,8.0,6.0,4.0,1.0,6,2.0,5,1,1,1,1,0,0,0,0,0,0,1,96666.0
16.0,20.0,16.0,6.0,7.0,0.0,1,6.0,8,0,1,1,1,0,0,0,1,1,0,1,134482.0
0.0,1.0,10.0,6.0,9.0,1.0,6,10.0,3,0,0,0,1,0,0,0,0,0,0,1,38795.0
2.0,8.0,2.0,6.0,4.0,1.0,5,10.0,8,1,1,1,0,0,1,0,0,0,0,1,53703.0
4.0,6.0,4.0,3.0,9.0,2.0,6,1.0,4,0,0,0,1,1,1,0,0,0,0,1,78183.0
19.0,36.0,33.0,5.0,5.0,0.0,9,10.0,7,1,0,0,1,0,1,0,1,0,0,1,64968.0
13.0,15.0,13.0,7.0,4.0,0.0,3,0.0,6,1,0,1,1,1,1,0,0,0,0,1,80555.0
0.0,6.0,1.0,2.0,5.0,0.0,10,10.0,11,1,1,1,1,0,0,1,0,0,0,1,60000.0
3.0,3.0,3.0,5.0,4.0,0.0,10,0.0,6,1,1,1,1,0,0,0,1,0,0,1,56000.0
12.0,15.0,10.0,5.0,4.0,0.0,10,0.0,5,0,1,0,1,0,0,0,0,0,0,1,210000.0
0.0,5.0,1.0,5.0,4.0,0.0,6,8.0,13,1,1,1,1,1,1,1,0,0,0,1,26315.0
7.0,8.0,7.0,3.0,2.0,0.0,2,2.0,4,0,1,1,0,0,0,0,0,0,0,1,75184.0
10.0,12.0,10.0,5.0,5.0,1.0,3,5.0,9,1,1,1,1,1,0,0,1,0,0,1,60147.0
25.0,29.0,25.0,5.0,5.0,0.0,9,1.0,6,0,0,1,1,0,1,0,0,0,0,1,133757.0
11.0,18.0,11.0,6.0,4.0,2.0,6,1.0,5,0,1,0,1,0,1,0,1,0,0,1,36303.0
18.0,20.0,20.0,3.0,8.0,0.0,1,0.0,6,0,1,0,1,0,1,0,0,0,0,1,101770.0
16.0,23.0,10.0,5.0,7.0,0.0,10,1.0,5,0,0,0,0,0,0,0,0,0,0,1,260000.0
26.0,30.0,10.0,7.0,3.0,2.0,6,8.0,3,0,0,0,1,0,0,0,0,0,0,1,16807.0
7.0,10.0,10.0,5.0,4.0,1.0,10,10.0,6,1,1,1,1,0,0,0,0,0,0,1,120000.0
24.0,25.0,10.0,5.0,7.0,1.0,5,6.0,3,1,0,0,0,0,0,1,0,0,0,1,134258.0
6.0,10.0,10.0,5.0,6.0,1.0,4,4.0,3,1,0,0,1,0,0,0,0,0,0,1,29909.0
22.0,22.0,10.0,5.0,1.0,0.0,9,0.0,5,0,1,1,1,0,1,0,0,0,0,0,101910.0
0.0,38.0,10.0,7.0,5.0,1.0,10,10.0,6,1,1,0,1,0,0,0,0,0,1,1,90000.0
25.0,26.0,26.0,5.0,5.0,0.0,1,5.0,13,1,1,1,1,1,0,1,0,1,0,1,109039.0
2.0,4.0,2.0,3.0,7.0,0.0,6,10.0,3,0,0,0,1,1,0,0,0,0,0,1,40089.0
6.0,7.0,7.0,7.0,7.0,1.0,6,10.0,3,1,0,0,0,0,0,1,0,0,0,1,45111.0
20.0,25.0,10.0,3.0,1.0,0.0,10,0.0,10,0,1,1,1,0,1,0,0,0,0,0,240000.0
7.0,10.0,10.0,6.0,7.0,1.0,3,0.0,6,1,1,1,0,0,1,0,0,0,0,1,107406.0
8.0,6.0,10.0,5.0,6.0,0.0,6,2.0,4,1,1,1,0,0,0,0,0,0,0,1,27888.0
5.0,8.0,8.0,5.0,4.0,1.0,6,0.0,4,0,1,1,1,0,0,0,1,0,0,1,15000.0
8.0,12.0,8.0,5.0,9.0,1.0,9,0.0,3,0,1,1,0,0,0,0,0,0,0,1,64076.0
2.0,5.0,2.0,5.0,6.0,1.0,4,0.0,5,1,0,0,1,0,1,0,0,0,0,1,16151.0
6.0,8.0,6.0,2.0,5.0,0.0,6,10.0,6,0,1,1,0,1,0,0,0,0,0,1,12642.0
3.0,15.0,8.0,7.0,2.0,1.0,6,5.0,7,1,0,0,1,0,0,1,0,0,0,0,285120.0
10.0,11.0,9.0,5.0,4.0,0.0,9,0.0,4,0,1,1,1,0,0,0,0,0,0,1,95541.0
2.0,4.0,10.0,6.0,8.0,1.0,2,1.0,4,1,1,0,1,1,0,0,0,0,0,1,48333.0
4.0,11.0,4.0,6.0,2.0,1.0,6,0.0,6,1,1,1,1,1,0,0,0,0,0,1,87643.0
9.0,12.0,10.0,6.0,1.0,0.0,6,0.0,5,0,1,1,0,0,0,0,0,0,0,0,24895.0
6.0,10.0,6.0,6.0,5.0,1.0,8,3.0,1,1,0,0,0,0,0,0,0,0,0,1,60192.0
18.0,24.0,18.0,6.0,9.0,1.0,6,1.0,2,0,0,0,0,0,0,0,0,1,1,1,96666.0
6.0,12.0,10.0,2.0,4.0,2.0,6,8.0,3,0,0,0,1,0,1,0,0,0,0,1,38666.0
9.0,20.0,9.0,6.0,3.0,0.0,3,0.0,5,0,1,1,1,0,0,0,1,0,0,1,64444.0
2.0,6.0,42.0,5.0,5.0,0.0,10,10.0,6,1,1,0,1,0,0,0,1,0,0,1,62000.0
14.0,17.0,14.0,5.0,6.0,0.0,6,1.0,10,1,1,0,0,0,0,1,1,0,0,1,17817.0
17.0,28.0,10.0,5.0,2.0,0.0,10,0.0,4,0,1,0,1,0,0,0,0,0,0,1,170000.0
8.0,17.0,9.0,6.0,5.0,0.0,6,3.0,1,1,0,0,0,0,0,0,0,0,0,1,75976.0
38.0,42.0,40.0,5.0,9.0,0.0,10,8.0,9,0,1,1,1,0,1,1,1,0,0,1,230000.0
5.0,14.0,10.0,4.0,4.0,0.0,1,0.0,6,0,1,1,1,0,0,0,1,0,0,1,54520.0
3.0,7.0,3.0,5.0,4.0,1.0,6,1.0,5,1,1,0,0,0,0,0,0,0,0,1,76637.0
0.0,8.0,10.0,5.0,2.0,0.0,10,10.0,2,1,0,0,0,0,0,0,0,0,0,1,36600.0
4.0,6.0,5.0,6.0,7.0,1.0,6,10.0,2,1,0,0,0,0,1,0,0,0,0,1,16592.0
8.0,20.0,8.0,6.0,6.0,0.0,10,0.0,9,1,1,0,1,0,0,0,0,1,0,1,126000.0
17.0,20.0,17.0,5.0,9.0,0.0,6,1.0,5,0,0,0,1,0,1,1,0,0,0,1,50340.0
14.0,14.0,14.0,3.0,6.0,1.0,6,0.0,3,0,1,1,0,0,0,0,0,0,0,1,108956.0
3.0,5.0,10.0,5.0,5.0,1.0,1,8.0,3,1,0,0,0,1,0,0,0,0,0,1,51975.0
6.0,7.0,7.0,5.0,4.0,0.0,6,0.0,8,1,1,1,0,1,0,1,1,0,0,1,12000.0
4.0,9.0,4.0,6.0,3.0,1.0,6,6.0,6,1,1,1,1,1,0,0,0,0,0,1,53703.0
29.0,32.0,10.0,5.0,7.0,1.0,10,10.0,11,1,1,1,1,0,0,0,1,0,0,1,177000.0
35.0,35.0,10.0,3.0,2.0,0.0,6,1.0,5,1,1,1,1,1,0,0,0,0,0,0,109554.0
15.0,20.0,20.0,6.0,4.0,0.0,8,5.0,2,1,0,0,0,0,0,0,0,0,0,1,90000.0
18.0,25.0,10.0,5.0,5.0,0.0,9,10.0,10,1,1,0,1,0,1,1,0,0,0,1,117197.0
14.0,18.0,10.0,6.0,2.0,0.0,6,0.0,11,0,1,1,1,0,1,1,1,0,0,1,86613.0
26.0,30.0,10.0,5.0,5.0,1.0,10,4.0,4,1,0,0,1,1,0,0,0,0,0,1,200000.0
10.0,10.0,10.0,4.0,1.0,0.0,10,0.0,7,1,1,1,1,0,0,0,1,1,0,0,70000.0
13.0,18.0,15.0,2.0,9.0,2.0,6,8.0,3,0,0,0,0,0,1,0,0,0,0,1,92155.0
11.0,18.0,11.0,5.0,4.0,1.0,6,0.0,5,1,1,1,1,0,0,0,0,0,0,1,118147.0
3.0,6.0,3.0,3.0,5.0,1.0,3,0.0,5,1,0,1,0,1,0,0,0,1,0,1,54777.0
3.0,6.0,3.0,5.0,4.0,0.0,8,10.0,4,0,0,0,1,0,1,0,0,0,0,1,29621.0
20.0,25.0,20.0,5.0,4.0,0.0,3,0.0,6,0,1,0,1,0,1,0,1,0,0,1,86999.0
3.0,8.0,10.0,3.0,6.0,0.0,6,0.0,3,1,1,0,0,0,0,0,0,0,1,1,29696.0
7.0,8.0,7.0,5.0,3.0,0.0,1,0.0,6,1,1,1,1,0,0,0,0,0,0,1,58154.0
7.0,15.0,7.0,6.0,3.0,1.0,6,0.0,4,0,1,0,1,0,0,0,0,0,0,1,70193.0
2.0,5.0,10.0,6.0,3.0,0.0,10,3.0,7,0,1,1,1,0,0,1,0,0,1,1,160000.0
2.0,6.0,2.0,6.0,6.0,2.0,8,9.0,4,1,0,0,0,0,0,1,0,0,0,1,19253.0
6.0,8.0,6.0,5.0,9.0,0.0,10,1.0,7,0,1,1,1,0,1,0,0,0,1,1,168300.0
37.0,44.0,37.0,5.0,7.0,0.0,1,1.0,3,1,0,0,1,0,0,0,0,0,0,1,94501.0
0.0,1.0,1.0,6.0,9.0,1.0,9,1.0,4,1,0,0,1,1,0,0,0,0,0,1,38216.0
13.0,15.0,13.0,3.0,4.0,0.0,6,1.0,7,0,1,0,0,0,0,0,0,0,0,1,11204.0
26.0,35.0,25.0,6.0,4.0,1.0,10,0.0,6,1,1,0,1,1,0,0,0,0,0,1,125000.0
13.0,17.0,10.0,5.0,7.0,0.0,6,8.0,2,1,0,0,0,0,0,0,0,0,0,1,81458.0
5.0,10.0,5.0,2.0,2.0,1.0,6,0.0,10,1,1,1,1,1,1,0,1,1,0,0,56027.0
15.0,28.0,25.0,5.0,5.0,0.0,10,0.0,2,0,1,0,0,0,1,0,0,0,0,1,62000.0
0.0,14.0,0.0,6.0,7.0,1.0,6,9.0,4,0,0,0,0,0,0,1,0,0,1,1,57999.0
4.0,5.0,11.0,3.0,5.0,0.0,1,6.0,8,1,1,1,1,0,0,0,1,0,0,1,97336.0
10.0,22.0,10.0,5.0,5.0,0.0,10,6.0,6,1,1,0,1,0,0,0,0,0,0,1,298533.0
4.0,8.0,10.0,5.0,7.0,1.0,10,10.0,5,1,0,0,0,0,0,1,0,0,0,0,30000.0
5.0,10.0,5.0,3.0,3.0,0.0,6,5.0,4,1,0,0,0,0,0,0,0,1,0,1,80000.0
12.0,27.0,12.0,7.0,9.0,1.0,10,1.0,1,0,0,0,0,0,0,0,0,1,0,1,280000.0
3.0,11.0,10.0,6.0,4.0,0.0,3,3.0,2,1,0,0,0,0,0,0,0,0,0,1,69814.0
5.0,12.0,5.0,5.0,5.0,1.0,6,1.0,7,0,1,1,1,0,0,0,0,0,1,1,79279.0
15.0,18.0,15.0,3.0,2.0,1.0,6,0.0,7,0,1,1,1,1,0,1,1,0,0,1,35444.0
6.0,12.0,6.0,6.0,3.0,1.0,8,2.0,4,0,1,1,0,0,0,0,0,0,0,1,60229.0
28.0,28.0,10.0,3.0,5.0,0.0,10,6.0,5,1,1,0,1,0,0,0,0,0,0,1,250000.0
9.0,13.0,9.0,5.0,4.0,2.0,4,1.0,4,0,1,0,1,1,0,0,0,0,0,1,34694.0
8.0,12.0,8.0,6.0,5.0,0.0,10,1.0,7,1,1,0,0,1,0,0,0,0,0,1,122000.0
4.0,10.0,4.0,3.0,7.0,0.0,6,0.0,6,1,0,0,1,1,0,0,1,0,0,0,21717.0
11.0,13.0,10.0,7.0,5.0,1.0,6,3.0,3,1,0,1,1,0,0,0,0,0,0,1,83000.0
0.0,3.0,10.0,5.0,1.0,0.0,10,0.0,5,0,1,1,1,0,0,0,0,0,0,0,55000.0
32.0,32.0,30.0,2.0,4.0,1.0,6,0.0,3,0,0,0,1,0,1,0,0,0,0,1,105706.0
13.0,15.0,15.0,6.0,9.0,0.0,0,3.0,3,1,0,0,0,0,0,0,0,0,0,1,44757.0
8.0,12.0,10.0,6.0,2.0,0.0,8,1.0,6,0,1,1,1,0,1,0,0,0,0,0,55000.0
9.0,15.0,10.0,3.0,5.0,0.0,6,6.0,4,1,1,1,1,0,0,0,0,0,0,1,141177.0
7.0,11.0,8.0,6.0,4.0,0.0,8,1.0,4,0,0,0,1,0,0,0,1,0,0,1,60000.0
8.0,6.0,10.0,6.0,9.0,2.0,0,10.0,1,0,0,0,0,0,0,0,0,0,0,1,55946.0
20.0,28.0,22.0,5.0,4.0,0.0,10,10.0,1,1,0,0,0,0,0,0,0,0,0,1,192000.0
9.0,11.0,9.0,4.0,7.0,0.0,10,0.0,7,0,1,0,1,0,1,0,0,0,0,1,115000.0
30.0,35.0,10.0,5.0,5.0,2.0,6,10.0,2,0,0,0,0,0,0,0,0,0,0,1,82966.0
12.0,12.0,10.0,5.0,5.0,1.0,10,10.0,6,1,1,0,1,0,1,0,0,0,0,1,62000.0
9.0,9.0,10.0,6.0,5.0,0.0,8,1.0,2,0,0,0,0,0,0,0,0,0,0,1,96000.0
14.0,14.0,10.0,3.0,6.0,1.0,10,10.0,1,0,0,0,0,0,0,0,0,0,0,1,130000.0
10.0,18.0,10.0,3.0,4.0,1.0,3,0.0,8,1,1,1,1,0,0,1,1,0,0,1,59073.0
16.0,20.0,33.0,6.0,7.0,1.0,10,3.0,1,0,0,0,0,0,0,0,0,0,0,1,155000.0
10.0,35.0,10.0,6.0,7.0,1.0,3,10.0,2,1,0,0,0,0,0,0,0,0,0,1,139628.0
14.0,27.0,10.0,6.0,1.0,1.0,3,1.0,7,0,1,1,1,1,0,0,1,0,0,0,85925.0
24.0,30.0,10.0,5.0,3.0,2.0,6,0.0,8,1,1,1,1,0,1,1,0,0,0,1,51009.0
31.0,42.0,31.0,4.0,4.0,0.0,10,0.0,8,1,1,1,1,0,1,0,0,0,0,1,125000.0
15.0,20.0,17.0,6.0,5.0,1.0,6,1.0,2,0,0,0,1,1,0,0,0,0,0,1,80953.0
23.0,25.0,25.0,5.0,4.0,2.0,10,0.0,8,0,1,0,1,0,1,1,0,1,0,1,85000.0
2.0,8.0,3.0,5.0,6.0,2.0,10,8.0,11,1,1,1,1,0,0,0,0,1,0,1,120000.0
2.0,7.0,10.0,5.0,9.0,1.0,10,9.0,21,1,1,1,1,1,1,1,0,1,1,1,75000.0
30.0,31.0,10.0,6.0,1.0,0.0,3,8.0,7,1,0,0,1,0,1,1,1,0,0,0,139628.0
14.0,20.0,10.0,5.0,7.0,1.0,6,0.0,11,1,1,1,1,1,0,0,1,0,0,1,133700.0
10.0,11.0,10.0,6.0,9.0,1.0,9,0.0,7,1,1,1,1,0,0,1,0,0,0,1,198725.0
10.0,17.0,11.0,3.0,5.0,0.0,10,1.0,6,1,0,0,0,0,0,0,1,1,1,1,145374.0
0.0,1.0,1.0,5.0,4.0,1.0,3,0.0,6,1,1,1,0,1,0,0,1,0,0,1,53703.0
8.0,20.0,8.0,5.0,9.0,1.0,10,1.0,14,1,1,1,1,1,1,1,0,1,1,1,250000.0
20.0,16.0,20.0,3.0,4.0,1.0,0,0.0,18,1,1,1,1,1,1,1,1,0,1,0,13054.0
18.0,21.0,22.0,4.0,5.0,0.0,10,0.0,5,0,1,0,1,0,1,0,0,0,0,1,89000.0
27.0,40.0,27.0,6.0,3.0,1.0,6,0.0,8,1,1,1,1,0,1,0,1,0,0,1,84129.0
10.0,23.0,18.0,6.0,4.0,1.0,6,2.0,3,0,1,1,0,0,0,0,0,0,0,0,35617.0
2.0,5.0,2.0,5.0,6.0,1.0,10,0.0,6,0,1,0,1,0,0,0,0,1,0,1,92000.0
8.0,10.0,8.0,6.0,6.0,1.0,3,0.0,2,0,1,1,0,0,0,0,0,0,0,1,91295.0
11.0,15.0,11.0,5.0,7.0,0.0,10,4.0,2,0,0,0,1,0,0,0,0,0,0,1,153400.0
3.0,10.0,3.0,7.0,5.0,2.0,2,10.0,2,1,0,0,0,0,0,0,0,0,1,1,27926.0
1.0,10.0,1.0,6.0,3.0,2.0,9,9.0,12,0,1,1,1,0,1,1,0,1,1,1,38216.0
14.0,18.0,14.0,5.0,9.0,1.0,4,0.0,4,0,0,1,1,0,1,0,0,0,0,1,46658.0
5.0,15.0,5.0,6.0,7.0,1.0,6,0.0,3,0,1,0,0,0,1,0,0,0,0,1,50483.0
4.0,12.0,10.0,5.0,5.0,1.0,6,2.0,9,1,1,1,1,1,0,0,0,0,0,1,62706.0
19.0,25.0,26.0,5.0,3.0,0.0,6,0.0,6,0,1,1,1,0,0,0,1,0,0,1,69814.0
10.0,18.0,10.0,6.0,5.0,0.0,6,2.0,13,0,0,1,1,1,1,1,0,0,0,1,133538.0
4.0,10.0,4.0,6.0,2.0,2.0,6,9.0,5,1,0,1,0,1,0,0,0,0,0,1,32222.0
38.0,40.0,40.0,5.0,2.0,0.0,10,1.0,6,1,1,0,1,0,0,0,0,1,0,1,150000.0
5.0,8.0,10.0,5.0,3.0,0.0,10,0.0,4,0,1,0,1,0,0,0,1,0,0,1,70000.0
7.0,7.0,7.0,5.0,7.0,1.0,4,7.0,2,0,0,0,0,0,0,0,0,0,0,1,17945.0
10.0,13.0,10.0,5.0,4.0,0.0,10,1.0,4,1,0,0,1,1,0,0,0,0,0,1,207000.0
13.0,17.0,13.0,5.0,4.0,2.0,10,1.0,4,0,0,0,1,0,1,0,0,0,0,1,130000.0
3.0,6.0,6.0,5.0,7.0,1.0,3,8.0,7,1,1,1,0,1,0,1,0,0,1,1,53703.0
13.0,15.0,13.0,6.0,9.0,0.0,10,10.0,3,1,1,0,0,0,0,0,0,0,0,1,250000.0
8.0,10.0,5.0,3.0,5.0,0.0,10,10.0,7,1,1,1,1,0,1,0,1,0,0,1,110000.0
20.0,35.0,19.0,7.0,5.0,0.0,10,10.0,2,0,0,0,0,0,0,0,0,0,1,1,280000.0
8.0,8.0,10.0,5.0,4.0,1.0,1,8.0,2,0,1,0,0,0,0,0,0,0,0,1,94501.0
5.0,10.0,10.0,5.0,7.0,0.0,6,0.0,7,0,1,1,1,1,1,0,0,0,0,1,12938.0
2.0,6.0,10.0,6.0,9.0,1.0,2,1.0,9,0,0,0,1,1,0,0,1,0,1,0,20261.0
7.0,10.0,9.0,5.0,9.0,1.0,3,0.0,9,1,1,1,0,0,1,0,0,0,1,1,67666.0
7.0,10.0,10.0,3.0,7.0,1.0,3,7.0,11,1,1,1,1,1,0,0,0,1,0,1,107406.0
6.0,9.0,10.0,7.0,9.0,1.0,6,3.0,7,1,0,0,1,0,0,0,0,0,0,1,105846.0
26.0,42.0,26.0,5.0,9.0,1.0,9,1.0,4,0,1,1,0,0,1,0,0,0,0,1,94267.0
4.0,9.0,10.0,5.0,3.0,0.0,9,1.0,11,1,1,0,1,0,1,1,1,0,0,0,35669.0
30.0,40.0,10.0,7.0,5.0,1.0,2,2.0,3,1,0,0,0,0,0,1,0,0,0,1,80555.0
5.0,7.0,5.0,5.0,2.0,0.0,6,7.0,3,0,1,1,0,0,0,0,0,0,0,1,43069.0
20.0,24.0,24.0,6.0,7.0,1.0,6,4.0,3,1,0,0,1,0,0,0,0,0,0,1,89189.0
17.0,25.0,17.0,5.0,4.0,0.0,10,1.0,5,0,1,1,1,0,1,0,0,0,0,1,220000.0
8.0,10.0,8.0,5.0,9.0,1.0,5,5.0,9,1,1,1,1,1,0,0,0,1,1,1,92696.0
8.0,13.0,9.0,6.0,3.0,1.0,8,10.0,4,0,1,1,1,0,0,0,0,1,0,1,64444.0
8.0,19.0,10.0,6.0,9.0,1.0,10,10.0,6,1,1,0,0,0,0,0,0,0,0,1,120000.0
18.0,20.0,20.0,5.0,3.0,0.0,0,1.0,10,1,1,1,1,0,0,0,0,1,1,1,121217.0
4.0,7.0,10.0,3.0,2.0,2.0,6,0.0,5,0,1,1,1,0,0,0,1,0,0,1,42962.0
5.0,8.0,10.0,5.0,6.0,0.0,6,0.0,2,0,1,1,0,0,0,0,0,0,0,1,43127.0
0.0,2.0,10.0,5.0,6.0,2.0,10,10.0,2,1,0,0,1,0,0,0,0,0,0,1,57000.0
9.0,13.0,9.0,5.0,5.0,1.0,4,0.0,3,0,1,1,0,0,0,0,0,0,0,1,47854.0
19.0,24.0,19.0,5.0,5.0,1.0,10,0.0,8,1,1,1,1,0,1,1,0,0,0,1,90000.0
10.0,12.0,17.0,6.0,4.0,0.0,0,10.0,5,1,0,1,1,0,0,0,0,0,0,0,24243.0
10.0,15.0,10.0,5.0,5.0,0.0,4,0.0,4,0,1,0,0,1,0,0,1,0,0,1,28712.0
8.0,12.0,8.0,3.0,4.0,1.0,6,1.0,4,1,1,0,0,0,1,0,0,1,0,1,129524.0
1.0,12.0,1.0,6.0,4.0,1.0,2,0.0,8,1,1,1,1,0,0,0,0,1,1,1,44037.0
9.0,12.0,10.0,5.0,9.0,1.0,4,0.0,2,0,0,0,0,0,1,0,0,0,0,1,47854.0
11.0,16.0,11.0,5.0,7.0,2.0,1,10.0,12,1,1,1,1,1,1,0,1,0,1,1,50885.0
28.0,37.0,28.0,6.0,8.0,1.0,3,8.0,3,0,0,0,1,0,1,0,0,0,0,1,78407.0
10.0,18.0,10.0,5.0,8.0,1.0,6,2.0,7,1,1,1,0,0,1,0,0,0,0,1,89805.0
16.0,22.0,16.0,5.0,4.0,2.0,3,0.0,10,1,1,0,1,0,0,1,0,0,0,0,56925.0
1.0,7.0,1.0,6.0,5.0,1.0,6,0.0,1,0,0,0,0,1,0,0,0,0,0,1,56925.0
12.0,19.0,13.0,5.0,3.0,0.0,9,0.0,3,0,1,0,0,0,0,0,1,0,0,1,63694.0
17.0,21.0,17.0,6.0,9.0,0.0,6,0.0,7,0,1,1,1,1,0,0,0,1,0,1,100000.0
5.0,12.0,2.0,6.0,3.0,2.0,3,10.0,7,1,0,0,0,0,0,1,0,0,0,1,42962.0
8.0,12.0,10.0,6.0,7.0,2.0,6,2.0,3,0,1,1,0,0,0,0,0,0,0,1,27796.0
10.0,10.0,10.0,5.0,4.0,0.0,4,7.0,4,0,0,0,0,1,0,0,0,0,0,1,71781.0
3.0,4.0,3.0,6.0,9.0,1.0,4,2.0,3,0,1,1,0,0,0,0,0,0,0,1,15553.0
11.0,12.0,12.0,5.0,4.0,2.0,0,0.0,4,0,1,1,0,0,0,0,0,0,0,1,12495.0
2.0,7.0,2.0,5.0,5.0,2.0,10,1.0,5,1,0,0,0,0,0,1,0,0,0,1,88000.0
3.0,5.0,5.0,5.0,4.0,1.0,6,10.0,8,1,1,1,0,0,0,1,0,1,0,0,12600.0
17.0,20.0,17.0,5.0,3.0,0.0,3,6.0,4,1,0,1,0,0,0,0,0,1,0,1,397403.0
15.0,20.0,10.0,5.0,4.0,1.0,6,6.0,8,1,1,0,1,0,0,1,1,0,0,1,118919.0
8.0,15.0,9.0,3.0,4.0,1.0,10,0.0,7,0,1,1,1,0,0,0,1,1,0,1,90000.0
25.0,30.0,27.0,5.0,5.0,1.0,10,9.0,5,1,0,0,0,0,0,0,0,1,0,1,144000.0
10.0,15.0,10.0,6.0,4.0,1.0,6,0.0,6,0,1,1,1,0,0,0,1,0,0,1,128129.0
1.0,3.0,2.0,2.0,4.0,2.0,6,0.0,6,0,1,1,1,0,0,0,1,0,0,1,17991.0
2.0,7.0,3.0,5.0,4.0,1.0,10,10.0,3,1,0,1,1,0,0,0,0,0,0,1,130000.0
6.0,10.0,6.0,5.0,5.0,0.0,6,2.0,2,0,1,0,0,0,0,0,0,0,0,1,17945.0
24.0,36.0,20.0,5.0,5.0,1.0,9,0.0,8,0,1,0,1,1,1,0,0,0,0,1,70063.0
37.0,41.0,10.0,3.0,9.0,1.0,6,0.0,4,0,0,0,1,0,0,0,1,0,0,1,73566.0
2.0,8.0,10.0,3.0,4.0,2.0,10,1.0,3,0,0,0,1,0,1,0,0,0,0,1,75000.0
10.0,13.0,10.0,6.0,4.0,0.0,6,2.0,6,0,1,1,0,0,0,0,0,0,0,1,38237.0
1.0,6.0,1.0,3.0,8.0,1.0,3,0.0,2,0,0,0,0,1,0,0,0,0,0,0,32222.0
7.0,8.0,12.0,5.0,8.0,0.0,10,10.0,6,0,1,0,0,1,0,0,0,0,0,1,140000.0
6.0,10.0,6.0,5.0,7.0,1.0,10,1.0,12,1,1,1,0,0,0,1,0,1,1,1,180000.0
4.0,6.0,10.0,6.0,4.0,0.0,6,1.0,1,0,0,0,0,0,1,0,0,0,0,1,10888.0
11.0,15.0,11.0,5.0,7.0,1.0,6,1.0,4,0,0,0,1,1,0,0,0,1,1,1,41192.0
7.0,9.0,9.0,5.0,4.0,0.0,10,5.0,10,1,0,1,1,0,0,0,1,1,1,1,205000.0
2.0,6.0,10.0,5.0,3.0,1.0,6,10.0,11,1,1,1,1,1,0,1,0,1,0,0,21481.0
14.0,22.0,19.0,5.0,9.0,1.0,10,0.0,10,1,1,1,1,1,1,0,0,0,1,1,280000.0
11.0,15.0,12.0,6.0,5.0,0.0,6,1.0,4,0,0,1,0,0,0,0,0,0,0,1,150369.0
35.0,39.0,10.0,6.0,9.0,1.0,10,10.0,4,1,1,1,0,0,0,0,0,0,0,1,300000.0
3.0,4.0,3.0,2.0,4.0,0.0,6,0.0,5,0,1,1,1,0,0,0,0,0,0,1,13856.0
12.0,17.0,12.0,5.0,7.0,1.0,10,7.0,4,0,0,1,0,0,0,0,0,0,0,1,160000.0
5.0,30.0,10.0,7.0,2.0,2.0,6,8.0,9,1,1,0,1,0,0,1,1,0,1,1,75260.0
23.0,28.0,23.0,6.0,6.0,1.0,6,0.0,9,1,1,1,1,0,1,1,0,0,0,1,82966.0
16.0,16.0,16.0,6.0,7.0,1.0,6,1.0,6,1,1,0,1,0,0,0,1,0,0,1,84633.0
5.0,7.0,5.0,5.0,5.0,1.0,9,4.0,10,1,1,1,1,1,0,0,0,1,0,1,133757.0
15.0,44.0,10.0,7.0,1.0,1.0,0,10.0,3,1,0,0,0,0,0,0,0,0,0,0,130541.0
9.0,12.0,9.0,5.0,7.0,0.0,10,1.0,6,0,1,1,1,1,0,0,0,0,0,1,350000.0
11.0,12.0,10.0,5.0,1.0,0.0,10,1.0,8,0,1,1,1,1,1,0,0,0,0,0,90000.0
3.0,12.0,3.0,6.0,3.0,2.0,5,1.0,9,0,1,0,0,0,1,1,0,0,1,1,35444.0
2.0,12.0,2.0,6.0,4.0,2.0,3,8.0,5,0,1,0,1,0,0,1,1,0,0,1,48333.0
8.0,10.0,8.0,5.0,6.0,1.0,6,10.0,6,1,1,1,0,1,0,0,0,0,0,1,41611.0
27.0,31.0,27.0,6.0,7.0,1.0,6,10.0,7,1,1,0,1,1,0,1,0,0,0,1,50481.0
13.0,15.0,13.0,5.0,4.0,1.0,6,0.0,6,0,1,1,1,0,1,0,0,0,0,1,92492.0
13.0,19.0,14.0,5.0,3.0,1.0,9,0.0,5,0,1,1,1,0,0,0,0,0,0,1,113375.0
1.0,6.0,2.0,5.0,9.0,1.0,6,1.0,7,1,1,1,0,0,0,0,0,1,0,1,26415.0
30.0,33.0,34.0,3.0,2.0,0.0,10,0.0,5,0,1,0,1,0,0,0,1,0,0,1,100000.0
2.0,4.0,10.0,5.0,6.0,2.0,10,9.0,3,1,0,0,0,0,0,1,0,0,0,1,75000.0
9.0,13.0,10.0,3.0,9.0,1.0,6,7.0,2,0,0,0,0,1,0,0,0,0,0,1,105706.0
22.0,27.0,22.0,6.0,2.0,0.0,6,0.0,7,0,1,0,1,1,1,1,0,0,0,0,74239.0
2.0,5.0,10.0,5.0,4.0,1.0,4,0.0,12,1,1,0,1,1,0,1,0,1,1,1,10049.0
5.0,8.0,10.0,6.0,3.0,0.0,8,1.0,3,0,0,1,0,0,0,0,1,0,0,1,61710.0
31.0,35.0,10.0,6.0,1.0,1.0,9,0.0,7,0,1,0,1,0,0,0,1,0,0,0,31847.0
8.0,10.0,8.0,5.0,7.0,1.0,10,2.0,3,0,1,1,0,0,0,0,0,0,0,1,180000.0
8.0,11.0,8.0,5.0,8.0,0.0,9,1.0,4,0,1,1,1,0,0,0,0,0,0,1,140127.0
5.0,10.0,5.0,5.0,4.0,1.0,6,1.0,7,1,1,1,0,0,1,0,0,0,0,1,66592.0
15.0,19.0,15.0,6.0,6.0,1.0,10,0.0,2,0,0,0,1,0,1,0,0,0,0,1,135000.0
8.0,12.0,8.0,5.0,2.0,1.0,6,0.0,7,1,1,0,1,0,1,0,1,0,0,1,68740.0
15.0,20.0,10.0,2.0,1.0,0.0,6,1.0,3,0,1,1,0,0,0,0,1,0,0,0,66769.0
2.0,4.0,10.0,5.0,5.0,1.0,6,1.0,2,1,0,0,1,0,0,0,0,0,0,1,26852.0
26.0,30.0,27.0,6.0,7.0,1.0,6,8.0,5,1,0,0,0,0,1,1,0,0,0,1,107406.0
24.0,26.0,25.0,4.0,6.0,0.0,2,1.0,5,0,1,1,0,0,1,0,0,0,0,1,96666.0
12.0,8.0,3.0,3.0,9.0,0.0,6,0.0,8,0,1,1,1,0,1,0,0,0,0,1,27713.0
30.0,25.0,10.0,6.0,2.0,1.0,0,10.0,6,1,1,0,1,0,0,1,0,0,0,1,130541.0
11.0,11.0,13.0,3.0,5.0,1.0,3,10.0,4,1,1,0,0,0,1,1,0,0,0,1,67666.0
21.0,25.0,25.0,5.0,4.0,1.0,6,1.0,7,1,1,1,1,0,1,0,0,0,0,1,134921.0
4.0,14.0,4.0,6.0,9.0,1.0,6,0.0,9,1,1,1,1,0,0,0,0,0,1,1,65152.0
28.0,28.0,30.0,6.0,7.0,1.0,10,10.0,14,1,1,1,1,1,0,1,1,0,0,1,260000.0
20.0,30.0,20.0,7.0,7.0,0.0,10,10.0,7,0,0,0,1,1,1,0,1,0,0,1,90000.0
15.0,21.0,21.0,7.0,7.0,2.0,9,1.0,4,1,0,0,1,0,0,0,0,1,0,1,152865.0
10.0,15.0,10.0,5.0,6.0,1.0,10,0.0,4,0,1,0,1,0,1,0,0,0,0,1,124000.0
5.0,10.0,5.0,5.0,3.0,0.0,6,0.0,3,0,1,0,0,0,0,0,1,0,0,1,20168.0
8.0,15.0,9.0,6.0,2.0,0.0,6,10.0,3,0,1,1,0,0,0,0,0,0,0,0,215000.0
30.0,30.0,10.0,3.0,1.0,0.0,6,8.0,2,0,1,0,0,0,1,0,0,0,0,0,69814.0
6.0,8.0,6.0,4.0,9.0,1.0,5,2.0,1,0,0,1,0,0,0,0,0,0,0,1,80555.0
5.0,20.0,5.0,7.0,4.0,0.0,3,10.0,3,0,0,1,0,0,0,0,0,0,1,1,128887.0
5.0,7.0,10.0,6.0,4.0,0.0,8,2.0,4,0,1,1,0,0,1,0,0,0,0,1,85925.0
7.0,13.0,7.0,6.0,9.0,2.0,3,9.0,11,1,1,0,1,0,1,1,1,0,0,1,76258.0
8.0,10.0,12.0,3.0,4.0,0.0,6,8.0,6,0,1,1,0,0,0,0,0,0,0,1,85925.0
2.0,7.0,24.0,6.0,2.0,1.0,6,10.0,3,1,0,0,1,0,0,0,0,0,0,0,26406.0
13.0,13.0,13.0,4.0,5.0,2.0,6,0.0,3,0,0,0,1,0,1,0,0,0,1,1,10094.0
2.0,6.0,2.0,5.0,5.0,2.0,6,0.0,4,0,0,1,1,0,1,0,0,0,0,1,44831.0
6.0,11.0,6.0,5.0,2.0,0.0,6,7.0,2,0,0,0,0,0,0,0,0,0,0,1,48333.0
22.0,27.0,22.0,5.0,7.0,1.0,10,2.0,5,0,1,1,0,0,0,0,0,0,0,1,180000.0
20.0,25.0,10.0,5.0,6.0,0.0,10,0.0,8,0,1,1,1,0,1,0,1,0,0,1,110000.0
7.0,11.0,7.0,2.0,7.0,1.0,5,8.0,5,0,1,1,0,0,1,0,0,0,0,0,34370.0
19.0,25.0,20.0,5.0,6.0,1.0,10,1.0,3,0,0,0,1,0,1,0,0,0,0,1,150000.0
1.0,10.0,1.0,2.0,4.0,0.0,10,0.0,7,0,1,1,1,1,0,0,0,0,0,1,59675.0
28.0,33.0,28.0,5.0,6.0,0.0,10,1.0,2,0,0,0,1,1,0,0,0,0,0,1,160000.0
25.0,30.0,10.0,3.0,2.0,1.0,1,1.0,3,0,1,0,1,0,0,0,1,0,0,0,72693.0
10.0,12.0,10.0,3.0,4.0,2.0,6,5.0,4,0,0,0,0,1,0,0,0,1,0,1,65221.0
10.0,13.0,10.0,3.0,4.0,0.0,10,0.0,8,1,1,1,1,0,0,0,0,0,0,1,200000.0
0.0,16.0,10.0,7.0,9.0,1.0,6,9.0,6,1,0,0,0,0,0,0,0,0,0,1,66769.0
6.0,7.0,6.0,6.0,3.0,1.0,6,0.0,8,1,1,1,1,1,0,0,1,0,0,0,30404.0
5.0,8.0,6.0,5.0,7.0,1.0,6,0.0,5,1,1,1,0,0,0,0,0,0,0,1,85886.0
14.0,17.0,20.0,6.0,2.0,0.0,9,0.0,4,0,0,0,0,0,0,0,0,0,0,0,254776.0
4.0,6.0,10.0,3.0,2.0,1.0,10,10.0,7,1,1,1,1,1,0,1,0,0,0,1,40000.0
8.0,20.0,10.0,7.0,4.0,1.0,6,0.0,9,1,0,0,1,0,1,1,0,0,0,1,85925.0
12.0,14.0,12.0,6.0,5.0,2.0,1,0.0,4,0,1,0,1,0,1,0,0,0,0,1,101770.0
11.0,25.0,11.0,5.0,5.0,1.0,3,7.0,8,1,0,0,1,0,0,0,0,0,1,1,91295.0
8.0,14.0,10.0,4.0,4.0,0.0,8,1.0,1,0,0,0,0,0,1,0,0,0,0,1,60000.0
8.0,10.0,8.0,5.0,5.0,0.0,8,10.0,7,1,1,1,1,0,0,0,1,0,0,1,57999.0
15.0,15.0,10.0,3.0,7.0,0.0,10,4.0,3,1,0,0,1,0,1,0,0,0,0,1,100000.0
5.0,5.0,5.0,3.0,9.0,0.0,3,1.0,5,0,0,0,0,1,0,1,0,1,0,1,59073.0
7.0,13.0,10.0,7.0,6.0,0.0,3,10.0,5,1,0,0,0,1,0,1,0,0,0,1,103110.0
6.0,14.0,6.0,3.0,4.0,1.0,3,2.0,4,1,1,0,0,0,0,0,0,0,0,1,39740.0
15.0,20.0,15.0,6.0,9.0,0.0,6,1.0,6,0,1,1,1,1,0,0,0,0,1,1,150369.0
16.0,22.0,16.0,5.0,6.0,1.0,9,9.0,5,1,0,0,0,0,0,1,0,0,0,1,152865.0
4.0,10.0,4.0,6.0,9.0,1.0,4,1.0,4,0,1,0,1,1,0,0,0,0,0,1,18783.0
11.0,13.0,13.0,5.0,4.0,0.0,10,1.0,9,1,1,1,0,0,0,0,1,0,0,0,156000.0
2.0,7.0,2.0,5.0,3.0,1.0,3,8.0,10,1,1,1,1,1,0,1,0,0,1,1,51555.0
6.0,8.0,6.0,2.0,2.0,1.0,6,1.0,3,1,0,1,0,0,0,0,0,0,0,0,26061.0
8.0,14.0,8.0,6.0,5.0,0.0,8,0.0,1,0,0,0,0,0,1,0,0,0,0,1,120000.0
20.0,27.0,20.0,5.0,9.0,2.0,10,0.0,11,1,1,0,1,1,1,0,0,1,0,1,260000.0
15.0,15.0,10.0,5.0,6.0,0.0,8,2.0,4,1,1,0,0,0,0,0,0,0,0,1,38400.0
9.0,8.0,10.0,5.0,4.0,2.0,6,1.0,4,1,1,0,1,0,1,0,0,0,0,1,53674.0
7.0,10.0,10.0,7.0,9.0,1.0,2,6.0,11,1,1,0,1,1,0,1,1,0,1,1,150369.0
16.0,18.0,16.0,5.0,4.0,0.0,6,10.0,4,0,0,0,1,0,1,0,0,0,0,1,123732.0
0.0,1.0,1.0,6.0,5.0,1.0,7,8.0,3,0,1,0,1,0,0,0,1,0,0,1,21481.0
13.0,19.0,10.0,3.0,9.0,0.0,1,10.0,7,1,1,1,1,0,0,0,0,1,0,1,130847.0
2.0,4.0,2.0,5.0,4.0,2.0,10,9.0,2,1,0,0,0,0,1,0,0,0,0,1,77000.0
2.0,11.0,10.0,3.0,3.0,2.0,6,0.0,1,0,0,0,0,0,0,0,1,0,0,1,11878.0
6.0,11.0,10.0,2.0,2.0,2.0,6,0.0,6,0,1,1,1,1,1,0,1,0,0,1,27926.0
6.0,10.0,6.0,5.0,4.0,1.0,10,0.0,6,0,1,1,1,0,1,0,0,0,0,1,95000.0
19.0,19.0,25.0,6.0,9.0,0.0,3,8.0,4,1,0,0,1,0,0,1,0,0,0,1,85925.0
10.0,13.0,10.0,5.0,7.0,1.0,6,0.0,6,0,1,1,1,1,0,0,0,0,0,1,73579.0
8.0,11.0,8.0,6.0,5.0,0.0,3,1.0,3,1,0,0,0,0,0,0,0,0,0,0,72978.0
12.0,12.0,10.0,6.0,6.0,0.0,8,10.0,1,0,0,0,0,0,0,0,0,0,0,1,157000.0
12.0,18.0,12.0,5.0,5.0,0.0,6,5.0,3,1,0,0,0,0,0,0,0,0,0,1,96666.0
20.0,30.0,27.0,6.0,2.0,0.0,6,0.0,7,1,1,1,1,0,1,0,0,0,0,1,39091.0
13.0,16.0,21.0,5.0,3.0,1.0,3,1.0,2,0,0,0,1,1,0,0,0,0,0,1,123517.0
3.0,8.0,10.0,5.0,9.0,0.0,10,3.0,5,1,0,0,1,1,0,0,0,0,0,1,105000.0
2.0,7.0,10.0,3.0,4.0,1.0,6,1.0,10,1,1,1,1,1,0,0,0,1,0,1,57230.0
12.0,18.0,18.0,3.0,2.0,1.0,6,10.0,13,1,1,1,1,0,0,0,1,1,1,0,111417.0
10.0,15.0,10.0,5.0,7.0,0.0,6,2.0,5,0,1,1,1,0,0,0,1,0,0,1,43127.0
2.0,6.0,2.0,3.0,2.0,1.0,7,0.0,6,1,1,0,1,0,0,1,1,0,0,0,24059.0
1.0,6.0,1.0,5.0,2.0,0.0,6,10.0,4,0,1,0,0,0,0,1,0,0,0,1,80555.0
6.0,18.0,10.0,5.0,9.0,1.0,10,9.0,5,1,0,0,0,0,0,0,0,0,0,1,125000.0
13.0,21.0,13.0,6.0,2.0,2.0,6,10.0,7,1,1,1,0,0,0,0,0,0,0,1,32222.0
9.0,11.0,9.0,4.0,7.0,1.0,6,1.0,7,0,1,0,1,0,0,0,1,1,0,1,107138.0
4.0,5.0,10.0,4.0,4.0,1.0,8,0.0,3,0,1,1,0,0,0,0,0,0,0,1,30000.0
2.0,2.0,10.0,6.0,2.0,0.0,6,2.0,1,0,1,0,0,0,0,0,0,0,0,1,34800.0
0.0,8.0,1.0,5.0,7.0,1.0,10,10.0,8,1,1,0,1,1,0,1,0,0,1,1,125000.0
2.0,7.0,10.0,2.0,5.0,1.0,6,1.0,1,0,0,0,0,0,0,0,1,0,0,1,20407.0
1.0,6.0,1.0,5.0,9.0,1.0,3,10.0,3,1,0,0,0,1,0,0,0,0,0,0,73036.0
15.0,20.0,10.0,6.0,5.0,0.0,3,10.0,5,1,0,0,1,0,0,1,0,0,0,1,91295.0
11.0,11.0,18.0,6.0,4.0,0.0,6,0.0,3,0,1,1,0,0,0,0,0,0,0,1,40814.0
10.0,19.0,10.0,7.0,7.0,2.0,6,10.0,7,1,1,0,0,0,0,1,0,0,1,1,100275.0
4.0,8.0,4.0,5.0,4.0,0.0,6,4.0,5,1,1,1,1,0,0,0,0,0,0,1,56575.0
3.0,13.0,3.0,5.0,5.0,1.0,4,0.0,4,0,1,1,0,0,0,0,1,0,0,1,10767.0
16.0,19.0,16.0,5.0,9.0,0.0,10,1.0,1,0,0,0,0,1,0,0,0,0,0,1,360000.0
13.0,20.0,13.0,5.0,7.0,0.0,10,0.0,5,0,1,1,1,0,1,0,0,0,0,1,163000.0
13.0,14.0,12.0,5.0,8.0,1.0,6,0.0,6,0,1,1,1,1,1,0,0,0,0,1,21152.0
34.0,43.0,43.0,3.0,8.0,1.0,6,10.0,2,0,0,0,0,0,0,0,0,1,0,1,104476.0
30.0,35.0,10.0,6.0,9.0,0.0,10,3.0,3,1,0,0,0,0,0,0,0,0,0,1,182519.0
18.0,30.0,18.0,6.0,4.0,0.0,2,0.0,2,0,1,0,0,0,0,0,0,0,0,1,105258.0
5.0,7.0,7.0,5.0,4.0,0.0,6,1.0,4,1,0,0,1,0,1,0,0,0,0,1,48000.0
10.0,14.0,11.0,5.0,4.0,0.0,10,10.0,7,1,1,1,1,0,0,0,0,1,0,1,114000.0
21.0,25.0,22.0,5.0,5.0,0.0,6,0.0,4,0,0,1,1,0,0,0,0,0,0,1,190000.0
7.0,11.0,10.0,6.0,4.0,1.0,3,1.0,4,1,0,0,1,0,1,0,0,0,0,1,67666.0
22.0,25.0,25.0,5.0,3.0,1.0,3,10.0,4,0,1,1,1,1,0,0,0,0,0,1,107406.0
15.0,25.0,10.0,5.0,1.0,0.0,6,10.0,3,0,0,0,1,1,0,0,0,0,0,0,155984.0
11.0,15.0,10.0,5.0,6.0,0.0,9,0.0,4,0,1,1,0,0,1,0,0,0,0,1,86624.0
3.0,12.0,3.0,4.0,9.0,0.0,10,0.0,7,0,1,1,1,0,1,1,0,1,0,1,95000.0
38.0,45.0,38.0,6.0,2.0,0.0,6,8.0,5,0,0,0,1,0,0,0,0,0,0,1,64570.0
8.0,8.0,8.0,3.0,8.0,1.0,6,8.0,11,1,1,1,1,0,0,1,1,0,0,1,30404.0
7.0,12.0,10.0,6.0,5.0,2.0,6,10.0,6,1,0,1,0,0,0,1,0,0,1,1,50915.0
10.0,12.0,10.0,5.0,7.0,1.0,0,1.0,9,1,1,0,1,1,0,0,1,1,0,1,37297.0
15.0,4.0,15.0,5.0,4.0,1.0,6,1.0,2,0,0,0,1,0,1,0,0,0,0,1,54494.0
17.0,23.0,18.0,5.0,4.0,1.0,10,0.0,11,1,1,1,1,0,1,1,0,0,0,1,115000.0
5.0,9.0,4.0,6.0,4.0,2.0,6,0.0,4,0,1,0,1,0,0,0,1,0,0,1,30933.0
7.0,10.0,10.0,6.0,4.0,1.0,2,8.0,7,1,1,0,1,1,0,1,0,0,0,1,38666.0
11.0,16.0,11.0,5.0,4.0,0.0,3,1.0,5,1,1,1,0,0,0,0,0,0,0,1,85925.0
3.0,12.0,10.0,6.0,5.0,0.0,8,0.0,5,1,1,1,0,0,0,0,0,0,0,1,20000.0
9.0,11.0,10.0,5.0,1.0,1.0,6,0.0,4,0,1,1,1,0,1,0,0,0,0,0,82450.0
4.0,6.0,5.0,6.0,2.0,0.0,7,0.0,9,1,1,1,1,1,1,1,0,0,0,1,40814.0
19.0,29.0,5.0,6.0,2.0,0.0,6,0.0,4,0,0,0,1,0,0,0,1,0,0,1,75184.0
8.0,16.0,8.0,6.0,7.0,0.0,8,1.0,2,1,0,0,1,0,0,0,0,0,0,1,50000.0
11.0,12.0,11.0,6.0,4.0,0.0,6,2.0,8,0,1,1,1,0,0,1,1,0,0,1,500000.0
13.0,17.0,13.0,5.0,2.0,0.0,1,0.0,2,0,0,0,0,0,0,0,0,0,0,1,130847.0
8.0,9.0,8.0,5.0,5.0,1.0,5,1.0,6,0,1,1,1,0,1,0,0,0,0,1,102036.0
3.0,6.0,19.0,2.0,5.0,2.0,10,10.0,4,1,0,0,1,0,0,0,0,1,0,1,100000.0
1.0,5.0,2.0,6.0,3.0,1.0,6,5.0,5,1,0,0,0,0,0,1,0,0,0,0,89134.0
4.0,10.0,10.0,5.0,4.0,2.0,6,2.0,3,0,1,1,0,0,0,0,0,0,0,1,34090.0
6.0,8.0,19.0,5.0,6.0,0.0,6,0.0,2,0,1,0,0,0,0,0,0,0,0,1,205080.0
13.0,22.0,13.0,6.0,9.0,1.0,7,7.0,3,0,0,0,1,1,0,0,0,0,0,1,64444.0
20.0,25.0,20.0,5.0,5.0,0.0,10,0.0,8,0,1,0,1,0,1,0,0,0,0,1,165000.0
9.0,18.0,9.0,7.0,4.0,0.0,9,0.0,4,0,1,0,1,0,1,0,0,0,0,1,69426.0
10.0,11.0,11.0,6.0,7.0,0.0,8,0.0,2,0,0,1,0,0,1,0,0,0,0,1,24000.0
5.0,10.0,10.0,5.0,8.0,1.0,6,2.0,4,0,1,1,0,0,1,0,0,0,0,1,120330.0
26.0,33.0,10.0,5.0,6.0,1.0,6,0.0,6,0,1,0,1,0,1,0,0,0,0,1,46185.0
3.0,8.0,5.0,5.0,5.0,2.0,6,10.0,3,1,0,0,1,0,1,0,0,0,0,1,18911.0
13.0,15.0,13.0,5.0,2.0,0.0,10,0.0,9,1,1,1,1,1,0,0,0,1,1,1,140000.0
5.0,15.0,20.0,7.0,9.0,0.0,8,10.0,4,1,0,0,1,0,0,0,0,0,0,1,17772.0
32.0,37.0,40.0,3.0,7.0,2.0,10,0.0,3,0,1,0,0,1,0,0,0,0,0,1,160000.0
5.0,9.0,5.0,5.0,5.0,1.0,9,1.0,8,1,1,1,1,1,0,1,0,0,0,1,114649.0
22.0,26.0,23.0,6.0,4.0,0.0,10,1.0,1,0,0,0,1,0,0,0,0,0,0,1,147000.0
14.0,20.0,10.0,6.0,6.0,0.0,6,1.0,4,0,1,0,0,0,0,0,0,0,0,1,100000.0
27.0,32.0,32.0,6.0,2.0,0.0,6,0.0,5,0,1,0,1,0,0,0,1,0,0,1,161109.0
3.0,4.0,3.0,6.0,5.0,1.0,8,2.0,3,0,1,1,0,0,0,0,0,0,0,1,27929.0
8.0,10.0,10.0,3.0,2.0,0.0,6,0.0,3,1,1,0,0,0,0,0,0,0,0,1,123732.0
10.0,16.0,10.0,6.0,7.0,1.0,6,10.0,6,0,1,1,0,0,1,0,0,0,0,0,112101.0
14.0,18.0,18.0,6.0,3.0,1.0,6,1.0,5,0,1,1,1,0,0,0,1,0,0,1,79273.0
8.0,13.0,10.0,6.0,5.0,2.0,10,0.0,8,0,1,1,1,1,0,0,0,0,0,1,165000.0
17.0,23.0,12.0,6.0,9.0,1.0,10,0.0,3,0,1,0,0,0,0,0,0,0,0,1,168000.0
25.0,30.0,24.0,3.0,7.0,1.0,6,0.0,9,0,1,1,1,1,0,0,0,0,1,1,121668.0
14.0,21.0,14.0,6.0,4.0,2.0,4,0.0,8,1,1,0,1,1,0,0,1,0,1,1,47854.0
5.0,13.0,10.0,3.0,5.0,1.0,3,0.0,6,0,0,0,0,1,0,1,0,0,0,1,42962.0
11.0,17.0,11.0,5.0,9.0,1.0,1,8.0,7,1,0,1,0,1,0,0,0,0,0,1,181732.0
20.0,32.0,10.0,5.0,5.0,1.0,3,10.0,5,0,1,0,0,0,0,0,1,1,0,1,83777.0
13.0,18.0,13.0,5.0,6.0,1.0,6,0.0,7,1,1,0,1,1,0,0,1,1,0,1,15140.0
16.0,26.0,10.0,6.0,2.0,0.0,5,0.0,7,1,1,0,1,0,0,0,0,0,0,0,107406.0
0.0,21.0,1.0,7.0,9.0,2.0,10,10.0,8,1,1,0,0,1,0,1,0,0,0,1,82251.0
18.0,40.0,22.0,7.0,3.0,0.0,6,10.0,2,1,0,0,0,0,0,0,0,0,0,1,84232.0
21.0,22.0,20.0,2.0,2.0,2.0,6,0.0,7,0,1,0,1,0,1,1,0,0,0,1,37592.0
10.0,30.0,10.0,5.0,7.0,1.0,1,7.0,2,0,0,0,0,1,0,0,0,0,0,1,116309.0
12.0,20.0,10.0,5.0,4.0,0.0,10,10.0,5,0,1,0,1,0,1,0,0,0,0,1,88000.0
15.0,15.0,10.0,5.0,9.0,1.0,6,10.0,2,1,0,0,1,0,0,0,0,0,0,1,35182.0
17.0,28.0,17.0,5.0,5.0,1.0,9,6.0,7,1,1,0,0,0,0,1,0,1,1,1,127897.0
9.0,15.0,9.0,5.0,4.0,1.0,9,0.0,7,0,1,1,1,0,1,0,0,0,0,1,73567.0
9.0,10.0,9.0,6.0,4.0,1.0,6,1.0,5,1,1,0,1,1,0,0,1,0,0,1,23454.0
33.0,43.0,45.0,6.0,4.0,1.0,6,10.0,4,1,0,0,0,1,0,0,0,1,1,1,103110.0
6.0,23.0,17.0,3.0,4.0,0.0,10,1.0,8,1,0,0,1,1,0,1,0,0,0,1,110000.0
2.0,10.0,10.0,6.0,9.0,2.0,10,1.0,5,0,0,1,1,1,0,0,0,0,1,1,130000.0
15.0,20.0,15.0,6.0,3.0,0.0,7,7.0,7,0,0,0,0,1,0,1,0,0,0,1,268515.0
12.0,15.0,15.0,6.0,3.0,0.0,10,10.0,4,1,1,0,1,0,0,0,1,0,0,1,80000.0
3.0,6.0,7.0,6.0,4.0,0.0,6,10.0,4,0,1,1,0,0,0,0,0,0,0,1,59391.0
9.0,15.0,10.0,3.0,5.0,0.0,6,0.0,4,0,1,1,1,0,0,0,0,0,0,1,53703.0
12.0,20.0,12.0,6.0,5.0,1.0,6,10.0,14,1,1,1,1,0,1,0,1,1,0,1,98986.0
6.0,16.0,16.0,6.0,9.0,1.0,6,1.0,7,1,1,0,0,0,0,1,0,0,0,1,264264.0
2.0,6.0,10.0,5.0,5.0,1.0,4,0.0,2,0,1,0,0,0,0,0,0,0,0,1,10767.0
12.0,13.0,12.0,2.0,3.0,0.0,10,0.0,5,0,1,1,1,0,1,0,0,0,0,1,115000.0
2.0,7.0,2.0,5.0,5.0,1.0,6,1.0,3,1,0,0,1,0,0,0,0,0,0,1,10762.0
12.0,17.0,16.0,5.0,5.0,1.0,9,2.0,5,0,1,1,1,0,0,0,1,0,0,1,101910.0
5.0,10.0,6.0,5.0,4.0,1.0,10,9.0,3,1,0,0,0,0,0,1,0,0,0,1,116000.0
10.0,10.0,10.0,6.0,4.0,0.0,3,0.0,8,0,1,0,0,0,1,1,0,0,0,1,67666.0
5.0,6.0,10.0,5.0,9.0,0.0,9,3.0,4,0,0,0,1,0,0,0,0,0,1,1,95541.0
6.0,10.0,6.0,5.0,2.0,0.0,1,7.0,6,1,1,1,1,0,0,0,0,0,0,0,120000.0
22.0,28.0,10.0,7.0,9.0,1.0,10,3.0,5,1,0,0,1,0,0,0,0,0,0,1,110000.0
45.0,47.0,10.0,3.0,5.0,0.0,9,1.0,3,1,0,0,1,1,0,0,0,0,0,1,80063.0
17.0,25.0,17.0,3.0,4.0,0.0,6,1.0,7,1,1,1,1,0,0,0,0,0,0,1,84138.0
45.0,46.0,46.0,5.0,5.0,0.0,9,9.0,6,1,0,0,1,0,0,1,0,0,0,1,82802.0
30.0,32.0,10.0,5.0,4.0,0.0,6,0.0,5,0,1,0,0,1,0,0,0,0,0,1,51555.0
3.0,5.0,3.0,2.0,4.0,1.0,3,7.0,9,1,1,0,1,1,0,0,0,0,0,1,19333.0
12.0,20.0,10.0,5.0,9.0,0.0,4,8.0,1,1,0,0,0,0,0,0,0,0,0,1,41872.0
4.0,6.0,4.0,3.0,5.0,0.0,1,7.0,2,0,0,0,0,1,0,0,0,0,0,1,98135.0
3.0,8.0,3.0,6.0,7.0,0.0,6,1.0,2,0,0,0,0,1,0,0,0,0,0,1,46185.0
15.0,20.0,20.0,4.0,3.0,0.0,1,0.0,7,0,1,1,1,0,0,0,0,0,1,1,167194.0
3.0,10.0,10.0,5.0,5.0,2.0,6,9.0,3,1,0,0,0,0,0,1,0,0,0,1,41392.0
10.0,30.0,10.0,5.0,4.0,1.0,9,10.0,4,1,0,0,0,0,0,0,0,0,0,1,171974.0
12.0,15.0,10.0,7.0,9.0,1.0,10,10.0,5,1,0,0,1,0,0,1,0,0,0,1,163000.0
5.0,8.0,10.0,6.0,4.0,1.0,1,0.0,4,1,1,1,0,1,0,0,0,0,0,1,43616.0
2.0,8.0,3.0,5.0,6.0,2.0,6,9.0,10,1,1,1,1,0,0,1,0,0,0,1,25458.0
2.0,4.0,2.0,5.0,9.0,0.0,6,1.0,5,1,1,1,0,1,0,0,0,0,0,1,30000.0
20.0,30.0,20.0,3.0,4.0,0.0,3,1.0,5,0,1,0,1,0,1,0,0,0,0,1,56388.0
12.0,17.0,12.0,5.0,5.0,0.0,0,4.0,2,1,0,0,1,0,0,0,0,0,0,1,18649.0
6.0,13.0,6.0,6.0,9.0,1.0,6,0.0,5,0,1,1,1,0,1,0,0,0,0,1,47259.0
14.0,19.0,19.0,6.0,7.0,0.0,5,0.0,8,0,1,0,1,0,0,0,0,0,0,0,161109.0
1.0,6.0,1.0,5.0,5.0,1.0,2,8.0,2,0,0,0,0,0,0,0,1,0,0,1,30074.0
9.0,16.0,10.0,6.0,3.0,1.0,3,1.0,5,0,1,0,1,0,0,0,1,0,0,1,85925.0
2.0,12.0,10.0,6.0,7.0,1.0,9,10.0,7,1,1,1,0,0,1,0,0,1,0,1,40764.0
8.0,24.0,8.0,3.0,4.0,0.0,10,0.0,2,0,0,0,0,0,0,0,0,0,0,1,152000.0
12.0,17.0,12.0,6.0,4.0,1.0,2,10.0,6,0,1,1,1,0,1,0,0,0,0,1,53703.0
12.0,14.0,12.0,6.0,9.0,1.0,4,1.0,2,0,0,0,1,1,0,0,0,0,0,1,56228.0
2.0,5.0,10.0,6.0,5.0,1.0,3,10.0,5,1,1,1,0,0,0,0,0,1,0,1,59073.0
16.0,20.0,20.0,3.0,5.0,1.0,5,0.0,5,0,1,1,1,1,0,0,0,1,0,0,53703.0
21.0,30.0,10.0,4.0,5.0,1.0,6,6.0,3,0,0,0,0,0,0,0,0,1,0,1,198198.0
13.0,20.0,13.0,6.0,5.0,1.0,3,7.0,1,0,0,0,0,0,0,0,0,0,0,1,91295.0
2.0,3.0,2.0,4.0,9.0,1.0,10,4.0,4,1,0,0,1,1,0,0,0,0,0,1,127000.0
3.0,7.0,10.0,5.0,5.0,1.0,6,1.0,2,1,0,0,0,0,0,0,0,0,1,1,91295.0
1.0,2.0,10.0,3.0,4.0,2.0,6,0.0,6,0,1,1,1,1,0,0,0,0,0,1,21481.0
6.0,10.0,6.0,5.0,5.0,1.0,6,0.0,1,0,0,0,0,0,1,0,0,0,0,1,55278.0
7.0,8.0,8.0,5.0,7.0,1.0,10,0.0,6,1,1,0,0,1,0,0,0,1,0,1,208000.0
6.0,11.0,6.0,6.0,4.0,2.0,4,1.0,6,1,1,0,1,0,0,0,0,0,0,1,12921.0
9.0,16.0,16.0,3.0,9.0,1.0,10,10.0,7,1,1,1,0,1,0,1,0,0,0,1,155000.0
6.0,14.0,10.0,6.0,7.0,1.0,3,10.0,3,1,0,0,0,0,0,1,0,0,1,1,64444.0
26.0,35.0,30.0,3.0,4.0,2.0,10,10.0,8,1,0,0,1,1,0,0,1,0,0,1,110000.0
25.0,42.0,10.0,5.0,2.0,1.0,6,0.0,4,0,1,1,1,1,0,0,0,0,0,1,126348.0
10.0,13.0,10.0,6.0,7.0,0.0,6,7.0,2,0,0,0,0,0,1,0,0,0,0,1,38139.0
20.0,25.0,20.0,4.0,3.0,1.0,3,0.0,7,0,1,0,1,0,1,0,0,0,0,1,40814.0
2.0,6.0,2.0,5.0,5.0,2.0,6,0.0,6,0,1,1,1,0,1,0,0,0,0,1,10213.0
11.0,17.0,12.0,7.0,4.0,0.0,6,10.0,9,1,1,1,1,0,0,0,0,1,1,1,139628.0
7.0,15.0,9.0,6.0,4.0,1.0,5,10.0,5,1,0,1,1,0,0,0,0,0,0,1,85173.0
0.0,10.0,10.0,5.0,9.0,1.0,9,0.0,4,0,1,0,0,1,0,1,0,0,0,1,146496.0
12.0,17.0,12.0,6.0,4.0,0.0,6,0.0,6,0,1,1,1,0,1,0,0,0,0,1,64444.0
12.0,19.0,12.0,5.0,5.0,0.0,10,8.0,4,0,0,0,0,0,1,1,0,0,0,1,135000.0
6.0,10.0,6.0,5.0,4.0,1.0,10,0.0,6,0,1,1,1,0,0,0,0,0,0,1,160000.0
6.0,12.0,6.0,6.0,8.0,1.0,3,7.0,1,0,0,0,0,0,0,0,0,0,0,1,89147.0
5.0,9.0,5.0,3.0,7.0,0.0,0,1.0,8,1,1,1,1,1,0,1,0,0,0,1,14229.0
12.0,20.0,12.0,5.0,2.0,0.0,6,10.0,5,0,0,1,1,0,0,0,0,0,0,0,64570.0
6.0,8.0,4.0,5.0,7.0,0.0,9,1.0,9,0,1,1,0,0,0,0,1,1,0,1,101910.0
10.0,10.0,10.0,4.0,5.0,2.0,10,0.0,5,1,1,0,1,0,1,0,0,0,0,1,115000.0
29.0,32.0,10.0,5.0,3.0,0.0,6,0.0,4,0,0,0,1,0,1,1,0,0,0,1,85886.0
7.0,12.0,7.0,5.0,5.0,1.0,9,0.0,8,0,1,1,1,1,0,0,0,0,0,1,57325.0
2.0,13.0,2.0,6.0,7.0,1.0,6,9.0,3,1,0,0,0,0,0,1,0,0,0,1,21777.0
31.0,38.0,31.0,6.0,9.0,1.0,9,8.0,1,0,0,0,0,0,0,0,0,0,0,1,91719.0
24.0,26.0,24.0,5.0,7.0,1.0,2,0.0,3,0,0,0,1,1,0,0,0,0,1,1,75184.0
15.0,15.0,15.0,6.0,9.0,0.0,10,8.0,6,0,1,1,1,1,0,0,0,0,0,1,360000.0
11.0,25.0,14.0,3.0,4.0,1.0,3,0.0,7,1,1,0,0,0,0,0,1,0,0,1,64444.0
20.0,25.0,20.0,6.0,7.0,1.0,6,6.0,9,1,1,1,1,0,1,1,0,0,1,1,95384.0
31.0,41.0,10.0,2.0,4.0,2.0,9,0.0,1,0,0,0,0,0,0,1,0,0,0,1,61146.0
2.0,7.0,10.0,6.0,7.0,2.0,6,4.0,6,1,0,0,1,1,0,1,0,0,0,1,32222.0
6.0,12.0,6.0,6.0,9.0,1.0,2,1.0,2,0,0,0,1,1,0,0,0,0,0,1,39740.0
0.0,6.0,10.0,7.0,9.0,1.0,6,10.0,1,1,0,0,0,0,0,0,0,0,0,0,51475.0
33.0,42.0,42.0,5.0,9.0,1.0,6,6.0,5,0,1,1,1,0,1,0,0,0,0,1,129602.0
0.0,6.0,1.0,6.0,5.0,0.0,6,1.0,3,0,0,1,0,0,1,0,0,0,0,1,20622.0
8.0,10.0,8.0,6.0,4.0,0.0,9,0.0,6,1,1,1,1,0,0,0,0,0,0,1,98089.0
12.0,14.0,12.0,5.0,5.0,0.0,10,7.0,7,0,1,1,0,1,0,0,0,0,0,1,195000.0
5.0,7.0,5.0,5.0,3.0,0.0,10,0.0,7,1,1,1,1,0,1,0,0,0,0,1,102500.0
4.0,5.0,10.0,6.0,9.0,1.0,10,10.0,7,1,0,0,1,0,0,0,0,0,1,0,130000.0
31.0,32.0,10.0,3.0,1.0,1.0,6,9.0,12,1,1,1,1,0,1,1,0,0,0,0,269842.0
4.0,10.0,4.0,6.0,6.0,1.0,6,0.0,5,0,1,1,0,1,0,0,0,0,0,1,116988.0
38.0,45.0,38.0,6.0,7.0,1.0,3,9.0,4,1,0,0,0,0,0,0,0,0,0,1,76248.0
8.0,10.0,16.0,6.0,7.0,0.0,8,1.0,2,0,0,0,1,1,0,0,0,0,0,1,32000.0
7.0,10.0,7.0,5.0,9.0,1.0,10,0.0,5,0,1,0,1,0,1,0,0,0,0,1,94000.0
30.0,35.0,30.0,6.0,7.0,1.0,10,6.0,10,1,1,0,1,0,0,0,1,0,0,1,200000.0
21.0,28.0,10.0,6.0,4.0,2.0,10,0.0,5,0,1,0,1,1,0,0,0,0,0,1,240000.0
4.0,10.0,4.0,6.0,9.0,1.0,10,10.0,5,1,0,0,0,0,0,1,0,0,0,0,135000.0
7.0,16.0,7.0,7.0,9.0,1.0,3,10.0,2,1,0,0,0,0,0,1,0,0,0,1,84279.0
20.0,22.0,20.0,6.0,5.0,1.0,7,10.0,5,1,1,0,0,0,0,0,0,0,0,1,80555.0
6.0,15.0,7.0,6.0,4.0,0.0,6,3.0,5,1,1,1,1,0,0,0,0,0,0,1,91295.0
34.0,44.0,44.0,5.0,4.0,1.0,10,2.0,4,0,0,0,1,0,1,0,0,0,0,1,100000.0
0.0,4.0,10.0,5.0,2.0,1.0,6,10.0,3,1,1,0,0,0,0,0,0,0,0,0,13213.0
19.0,24.0,22.0,7.0,5.0,0.0,6,1.0,5,1,0,0,1,1,0,0,0,0,0,0,182591.0
22.0,26.0,22.0,6.0,9.0,2.0,6,9.0,6,1,1,0,0,0,0,1,0,0,0,1,178096.0
3.0,10.0,3.0,6.0,6.0,0.0,1,10.0,7,1,1,0,0,1,1,1,0,1,0,1,65424.0
6.0,9.0,10.0,5.0,9.0,1.0,5,2.0,4,0,1,1,0,0,0,0,0,1,0,1,67129.0
17.0,17.0,17.0,6.0,4.0,1.0,9,6.0,3,1,0,0,1,0,0,0,0,0,0,1,146496.0
12.0,17.0,12.0,7.0,5.0,1.0,8,1.0,3,1,0,0,1,1,0,0,0,0,0,1,74052.0
13.0,15.0,13.0,5.0,8.0,0.0,10,10.0,7,1,1,0,1,0,0,1,0,1,0,1,400000.0
12.0,30.0,12.0,5.0,7.0,0.0,10,0.0,7,0,1,1,1,0,1,0,0,0,0,1,100000.0
9.0,12.0,9.0,5.0,5.0,1.0,6,10.0,10,1,1,0,1,1,0,1,1,0,0,1,67666.0
4.0,10.0,32.0,5.0,3.0,1.0,3,8.0,2,0,0,0,0,0,1,0,0,0,0,1,55422.0
8.0,10.0,8.0,6.0,7.0,1.0,6,9.0,5,1,1,0,1,0,0,1,0,0,0,1,33333.0
5.0,11.0,10.0,4.0,4.0,0.0,1,1.0,7,0,0,0,0,1,0,1,0,1,0,1,77054.0
10.0,15.0,10.0,6.0,2.0,0.0,0,9.0,6,0,0,0,0,0,0,1,0,1,0,1,130541.0
6.0,15.0,6.0,3.0,7.0,0.0,3,2.0,5,0,1,1,0,0,0,0,0,1,1,1,96666.0
5.0,8.0,5.0,5.0,2.0,2.0,3,0.0,10,1,1,1,1,0,1,0,1,0,1,1,60899.0
23.0,25.0,10.0,6.0,4.0,1.0,10,0.0,2,0,0,0,1,0,0,0,0,0,0,1,230000.0
0.0,4.0,10.0,5.0,3.0,2.0,1,9.0,7,1,1,0,1,0,0,1,0,0,0,1,38556.0
11.0,13.0,10.0,6.0,8.0,0.0,10,0.0,7,0,1,1,1,1,0,0,0,0,0,1,357000.0
20.0,22.0,20.0,5.0,5.0,1.0,6,4.0,3,1,0,0,1,0,0,0,0,0,0,1,97117.0
2.0,10.0,2.0,6.0,9.0,1.0,2,9.0,5,1,0,1,0,0,0,0,0,0,1,0,23629.0
6.0,19.0,10.0,6.0,6.0,1.0,2,4.0,4,1,0,0,0,1,0,0,0,0,0,1,49944.0
23.0,30.0,25.0,3.0,3.0,0.0,10,1.0,6,1,1,0,1,0,0,0,0,1,0,1,160000.0
15.0,27.0,15.0,5.0,7.0,1.0,5,0.0,5,1,1,1,1,0,0,0,0,0,0,1,53703.0
12.0,15.0,12.0,6.0,7.0,0.0,6,1.0,1,0,0,0,0,0,0,0,0,1,0,1,91295.0
15.0,24.0,15.0,6.0,4.0,0.0,10,5.0,11,1,1,0,1,0,0,1,1,1,0,1,130000.0
11.0,14.0,10.0,5.0,4.0,1.0,7,5.0,6,0,0,1,1,0,0,0,1,1,0,1,64444.0
2.0,10.0,2.0,5.0,4.0,1.0,10,0.0,12,1,1,1,1,0,0,1,1,0,0,1,110000.0
14.0,16.0,25.0,4.0,5.0,1.0,6,0.0,6,0,1,1,0,1,0,0,0,0,1,1,144842.0
12.0,17.0,12.0,2.0,4.0,1.0,6,0.0,7,0,1,1,1,1,0,0,1,0,0,1,82703.0
22.0,24.0,10.0,5.0,9.0,1.0,6,0.0,7,0,1,1,1,0,1,0,0,0,0,1,148648.0
1.0,5.0,1.0,5.0,5.0,1.0,6,0.0,9,1,1,0,1,1,0,0,0,0,0,0,41670.0
2.0,5.0,10.0,3.0,2.0,1.0,6,0.0,2,1,0,1,0,0,0,0,0,0,0,1,31148.0
0.0,16.0,1.0,7.0,4.0,2.0,6,10.0,5,1,0,0,0,0,0,1,0,0,0,1,137975.0
4.0,6.0,4.0,4.0,9.0,1.0,10,10.0,9,0,1,1,0,1,1,1,0,0,0,1,93175.0
8.0,12.0,8.0,5.0,9.0,0.0,10,1.0,2,0,0,0,0,0,1,0,0,0,1,1,300000.0
3.0,6.0,19.0,2.0,4.0,2.0,10,3.0,1,1,0,0,0,0,0,0,0,0,0,1,180000.0
14.0,22.0,10.0,7.0,1.0,0.0,9,3.0,2,1,0,0,0,0,0,0,0,0,0,0,280253.0
5.0,11.0,5.0,6.0,2.0,1.0,9,10.0,7,1,1,1,0,0,1,1,0,0,0,1,50955.0
6.0,12.0,10.0,6.0,6.0,0.0,10,10.0,7,1,0,0,0,1,0,1,0,0,1,0,75000.0
3.0,4.0,7.0,6.0,5.0,0.0,6,1.0,2,0,0,0,1,1,0,0,0,0,0,1,64732.0
12.0,17.0,10.0,6.0,5.0,2.0,7,6.0,7,1,1,1,0,0,1,0,0,0,0,1,77332.0
3.0,9.0,3.0,5.0,6.0,0.0,1,1.0,4,1,0,0,0,1,0,0,0,0,1,1,72693.0
26.0,27.0,10.0,3.0,5.0,0.0,0,8.0,1,0,0,0,0,0,0,0,0,0,0,1,51470.0
23.0,35.0,10.0,7.0,4.0,0.0,3,0.0,8,0,1,0,1,0,0,1,1,1,0,1,171850.0
3.0,10.0,3.0,6.0,3.0,1.0,2,10.0,9,1,1,1,1,0,1,0,1,0,0,1,48333.0
5.0,11.0,10.0,6.0,7.0,1.0,2,8.0,1,0,0,0,0,1,0,0,0,0,0,1,48333.0
11.0,13.0,11.0,3.0,6.0,0.0,0,0.0,5,0,1,1,1,0,1,0,0,0,0,1,82000.0
4.0,35.0,10.0,2.0,7.0,1.0,6,10.0,16,1,1,1,1,1,1,1,1,0,0,1,44037.0
2.0,5.0,10.0,5.0,1.0,0.0,1,0.0,9,1,1,1,1,1,0,0,0,0,0,0,72693.0
23.0,28.0,10.0,7.0,9.0,1.0,6,3.0,3,1,0,0,1,0,0,0,0,0,0,1,198198.0
22.0,22.0,25.0,6.0,6.0,1.0,2,0.0,7,1,1,1,1,1,0,0,1,0,0,1,70888.0
3.0,10.0,10.0,5.0,9.0,0.0,10,7.0,3,1,0,1,1,0,0,0,0,0,0,1,106000.0
10.0,15.0,10.0,7.0,9.0,1.0,6,3.0,7,0,0,0,1,0,0,1,0,0,0,1,114461.0
13.0,19.0,13.0,5.0,4.0,0.0,6,1.0,3,0,1,0,0,0,0,0,0,1,0,1,96666.0
14.0,18.0,18.0,3.0,3.0,0.0,6,8.0,2,1,0,1,0,0,0,0,0,0,0,0,133700.0
12.0,25.0,12.0,5.0,4.0,1.0,6,0.0,7,0,1,1,1,0,1,0,1,0,1,1,45875.0
33.0,33.0,33.0,6.0,7.0,2.0,0,10.0,9,1,1,0,1,0,0,0,0,0,0,1,44757.0
15.0,25.0,15.0,5.0,8.0,0.0,9,1.0,4,1,1,1,0,1,0,0,0,0,0,1,229298.0
4.0,15.0,4.0,6.0,4.0,1.0,3,10.0,9,1,1,1,0,0,0,1,1,0,1,1,64444.0
7.0,9.0,10.0,6.0,4.0,1.0,6,10.0,9,1,1,1,0,0,0,0,0,0,1,1,30592.0
3.0,17.0,4.0,3.0,3.0,1.0,3,2.0,5,0,1,1,0,0,0,0,0,0,0,1,40814.0
17.0,28.0,10.0,6.0,6.0,2.0,1,10.0,8,0,1,1,1,0,1,0,0,0,0,1,66877.0
8.0,8.0,8.0,5.0,9.0,1.0,4,2.0,1,0,1,0,0,0,0,0,0,0,0,1,28712.0
20.0,28.0,20.0,5.0,9.0,2.0,10,10.0,6,0,0,0,1,1,1,0,0,0,0,1,135000.0
26.0,30.0,10.0,4.0,5.0,1.0,6,9.0,3,1,0,0,0,0,0,0,0,0,0,1,134257.0
18.0,18.0,50.0,6.0,7.0,1.0,6,10.0,8,0,1,0,1,1,0,0,0,0,0,1,67983.0
4.0,10.0,10.0,6.0,9.0,1.0,10,0.0,7,1,1,1,0,1,0,0,0,0,0,1,300000.0
22.0,30.0,10.0,5.0,4.0,2.0,6,8.0,5,0,1,0,1,0,1,0,0,0,0,1,38666.0
5.0,9.0,10.0,5.0,4.0,2.0,6,10.0,8,1,1,1,1,1,0,1,0,0,0,0,18941.0
19.0,23.0,10.0,2.0,5.0,0.0,6,1.0,3,0,0,0,1,1,0,0,0,0,0,1,99888.0
24.0,34.0,24.0,5.0,8.0,0.0,7,1.0,5,1,0,0,1,0,0,0,0,0,0,1,161109.0
6.0,8.0,6.0,6.0,4.0,0.0,8,1.0,4,0,1,1,0,0,0,0,0,0,0,1,26000.0
4.0,6.0,4.0,2.0,7.0,1.0,6,1.0,6,1,1,0,1,0,0,0,0,0,1,1,42962.0
7.0,11.0,10.0,5.0,4.0,0.0,10,4.0,6,1,1,0,1,0,0,0,0,1,1,1,120000.0
20.0,22.0,10.0,6.0,9.0,1.0,10,3.0,5,1,1,0,1,0,0,0,0,0,0,1,180000.0
7.0,10.0,7.0,6.0,4.0,2.0,6,10.0,4,1,1,0,1,0,0,0,0,0,0,1,18000.0
20.0,24.0,10.0,5.0,7.0,1.0,6,0.0,3,0,0,0,1,0,1,0,0,0,0,1,178378.0
13.0,17.0,10.0,5.0,1.0,1.0,6,0.0,4,0,1,1,1,0,1,0,0,0,0,0,51555.0
12.0,12.0,10.0,5.0,1.0,0.0,6,0.0,2,0,1,0,1,0,0,0,0,0,0,0,90736.0
12.0,25.0,12.0,5.0,5.0,0.0,6,0.0,5,0,1,1,1,0,0,0,0,0,0,0,208000.0
6.0,8.0,10.0,3.0,4.0,1.0,6,8.0,0,0,0,0,0,0,0,0,0,0,0,1,57601.0
3.0,6.0,3.0,6.0,5.0,1.0,4,0.0,7,0,0,1,0,1,0,0,0,1,1,1,11963.0
5.0,7.0,10.0,6.0,7.0,1.0,1,0.0,8,1,1,1,1,0,0,0,1,1,0,1,72693.0
10.0,12.0,10.0,7.0,7.0,1.0,10,3.0,4,1,0,0,0,0,0,0,0,0,0,1,300000.0
3.0,9.0,10.0,5.0,9.0,1.0,1,1.0,4,1,0,1,0,1,0,0,0,0,0,1,145386.0
18.0,22.0,18.0,5.0,9.0,1.0,1,1.0,8,1,1,1,0,1,0,0,0,0,0,1,327118.0
11.0,14.0,12.0,2.0,3.0,1.0,6,1.0,8,0,1,1,1,0,0,0,1,0,0,1,146652.0
13.0,20.0,10.0,6.0,5.0,0.0,3,6.0,3,1,0,1,0,0,0,0,0,0,0,1,128887.0
15.0,16.0,16.0,5.0,9.0,0.0,10,1.0,2,0,0,0,0,0,0,0,0,0,0,1,430000.0
10.0,10.0,10.0,6.0,2.0,0.0,9,10.0,7,1,0,0,1,0,1,0,0,0,1,0,445858.0
7.0,12.0,10.0,6.0,4.0,0.0,8,5.0,2,1,0,0,0,0,0,0,0,0,0,1,84000.0
16.0,30.0,16.0,6.0,4.0,1.0,6,0.0,6,0,1,1,1,1,1,0,0,0,0,1,59073.0
14.0,17.0,13.0,6.0,5.0,1.0,2,1.0,3,0,0,0,1,1,0,0,0,0,0,1,75184.0
8.0,10.0,8.0,5.0,7.0,0.0,4,10.0,3,1,0,1,0,0,0,0,0,0,0,1,61014.0
14.0,14.0,10.0,5.0,4.0,0.0,0,0.0,4,0,1,0,0,0,0,0,0,0,0,1,76646.0
4.0,12.0,4.0,6.0,2.0,2.0,6,7.0,7,1,1,0,0,1,0,1,0,1,0,1,75184.0
7.0,13.0,4.0,6.0,5.0,1.0,3,10.0,9,1,1,1,0,0,0,1,0,0,0,1,59073.0
6.0,15.0,6.0,5.0,3.0,1.0,6,0.0,4,0,1,1,0,0,0,0,0,1,0,1,113334.0
6.0,6.0,10.0,5.0,2.0,0.0,1,0.0,7,1,1,1,1,0,0,0,0,0,0,1,98135.0
30.0,38.0,10.0,6.0,1.0,0.0,6,8.0,1,0,0,0,1,0,0,0,0,0,0,0,24715.0
2.0,7.0,10.0,6.0,4.0,1.0,2,10.0,4,1,0,0,0,0,0,0,0,0,0,1,53703.0
8.0,10.0,10.0,5.0,9.0,1.0,10,0.0,7,1,1,1,1,0,0,0,0,1,0,1,160000.0
5.0,7.0,10.0,5.0,1.0,0.0,6,10.0,3,1,0,0,1,0,0,0,0,0,0,0,24000.0
8.0,17.0,20.0,6.0,7.0,2.0,6,8.0,11,1,1,1,1,0,1,1,0,0,0,1,78617.0
2.0,7.0,2.0,5.0,7.0,0.0,6,2.0,8,1,1,1,0,0,1,0,0,0,0,1,26726.0
3.0,7.0,3.0,5.0,2.0,0.0,6,0.0,2,0,1,0,0,0,0,0,1,0,0,1,41244.0
6.0,10.0,6.0,5.0,4.0,1.0,3,0.0,2,0,0,1,0,0,0,0,0,0,0,1,77332.0
12.0,25.0,12.0,5.0,3.0,0.0,6,1.0,2,0,0,0,1,0,1,0,0,0,0,1,71538.0
7.0,12.0,7.0,5.0,9.0,1.0,6,0.0,17,0,1,1,1,1,1,1,1,0,0,1,35421.0
2.0,6.0,10.0,5.0,8.0,1.0,10,0.0,9,1,1,1,1,1,0,0,1,0,0,1,120000.0
12.0,16.0,10.0,6.0,4.0,1.0,4,10.0,6,1,1,0,1,1,0,0,0,0,0,1,83744.0
17.0,16.0,16.0,5.0,7.0,0.0,3,1.0,2,0,0,0,0,0,0,0,0,0,0,1,120295.0
4.0,7.0,4.0,6.0,5.0,1.0,1,3.0,5,1,0,0,1,1,0,0,0,0,0,0,94501.0
9.0,11.0,9.0,5.0,9.0,1.0,10,0.0,12,1,1,1,1,0,1,0,1,0,0,1,130000.0
5.0,10.0,5.0,7.0,9.0,1.0,2,10.0,2,1,0,0,0,0,0,1,0,0,0,1,53703.0
3.0,5.0,3.0,4.0,5.0,0.0,6,0.0,9,1,1,1,1,0,1,0,0,1,1,1,30000.0
4.0,10.0,4.0,5.0,9.0,2.0,3,0.0,4,1,0,0,0,0,0,1,0,0,1,1,73036.0
19.0,24.0,20.0,5.0,8.0,1.0,6,10.0,7,1,1,0,1,1,0,0,1,0,0,1,258704.0
15.0,20.0,15.0,5.0,4.0,1.0,6,0.0,5,0,1,1,0,0,1,0,1,0,0,1,118919.0
7.0,8.0,7.0,3.0,5.0,0.0,6,2.0,5,0,1,1,0,0,0,0,0,0,0,1,95135.0
3.0,14.0,4.0,5.0,4.0,2.0,9,5.0,5,1,0,0,1,0,0,0,0,1,0,1,48407.0
20.0,20.0,20.0,3.0,3.0,2.0,6,0.0,4,0,1,0,1,0,0,0,1,0,0,1,32222.0
15.0,51.0,10.0,7.0,3.0,0.0,6,10.0,3,1,0,0,0,0,0,1,0,0,0,0,26954.0
30.0,35.0,35.0,5.0,7.0,0.0,1,0.0,16,0,1,1,1,1,1,0,1,1,1,1,126486.0
12.0,14.0,12.0,6.0,7.0,1.0,4,8.0,2,1,0,0,0,0,0,1,0,0,0,1,65799.0
10.0,14.0,10.0,5.0,8.0,1.0,4,0.0,3,0,1,1,0,0,0,0,0,0,0,1,95708.0
6.0,13.0,5.0,6.0,6.0,2.0,6,0.0,6,1,1,1,1,0,1,0,0,0,0,1,85537.0
9.0,11.0,11.0,7.0,7.0,2.0,5,10.0,5,0,1,0,1,0,0,0,0,0,0,1,48333.0
4.0,9.0,10.0,5.0,5.0,2.0,6,0.0,6,1,1,1,1,0,0,0,0,0,0,1,74655.0
8.0,8.0,5.0,6.0,2.0,0.0,6,10.0,1,1,0,0,0,0,0,0,0,0,0,0,40476.0
26.0,43.0,35.0,7.0,9.0,1.0,10,8.0,1,0,0,0,0,0,0,1,0,0,0,1,250000.0
11.0,14.0,14.0,2.0,7.0,0.0,3,0.0,6,0,1,1,1,0,1,0,0,1,0,1,79266.0
24.0,28.0,10.0,6.0,1.0,0.0,9,0.0,6,0,1,1,1,0,1,0,0,0,0,0,77159.0
14.0,18.0,18.0,7.0,4.0,0.0,0,0.0,4,0,1,0,1,0,0,0,0,0,0,1,83919.0
38.0,38.0,10.0,4.0,1.0,0.0,10,0.0,6,1,0,0,1,0,1,1,0,0,0,0,100000.0
8.0,11.0,8.0,5.0,4.0,0.0,8,2.0,3,0,1,1,0,0,0,0,0,0,0,1,24000.0
7.0,10.0,15.0,7.0,9.0,1.0,10,10.0,5,1,1,1,0,0,0,0,0,0,0,1,100000.0
27.0,36.0,10.0,5.0,1.0,0.0,2,10.0,7,1,1,1,1,0,0,0,0,0,0,0,139813.0
9.0,10.0,15.0,5.0,4.0,0.0,5,10.0,5,1,1,0,1,0,0,0,0,1,0,1,95592.0
15.0,20.0,10.0,5.0,6.0,1.0,6,6.0,3,1,1,0,0,0,0,0,1,0,0,1,64444.0
8.0,8.0,8.0,5.0,2.0,1.0,10,7.0,3,0,0,1,0,0,0,0,0,1,0,1,200000.0
1.0,3.0,10.0,5.0,2.0,1.0,6,2.0,4,0,1,1,0,0,0,0,1,0,0,1,40814.0
2.0,4.0,2.0,5.0,5.0,1.0,10,1.0,7,1,1,1,1,0,1,0,0,0,0,1,130000.0
10.0,15.0,10.0,6.0,5.0,1.0,2,0.0,5,1,0,1,0,0,0,0,0,1,0,1,64444.0
0.0,3.0,1.0,2.0,5.0,2.0,3,10.0,4,0,0,0,0,1,1,0,0,0,1,1,10259.0
10.0,14.0,10.0,3.0,5.0,0.0,9,7.0,2,0,0,0,0,0,0,0,0,0,0,1,70063.0
10.0,12.0,10.0,5.0,5.0,0.0,4,1.0,5,0,1,0,1,1,0,0,0,0,0,1,31105.0
2.0,6.0,3.0,5.0,5.0,1.0,6,0.0,10,1,1,1,1,0,1,1,0,0,0,1,40763.0
28.0,30.0,10.0,7.0,4.0,1.0,5,0.0,4,0,0,1,1,0,1,0,0,0,0,1,53703.0
2.0,5.0,2.0,2.0,8.0,2.0,3,5.0,11,1,0,1,1,0,1,1,0,1,0,0,12889.0
1.0,6.0,1.0,2.0,9.0,1.0,6,0.0,10,0,1,1,1,1,1,1,0,0,0,0,12946.0
9.0,14.0,10.0,6.0,4.0,0.0,10,1.0,6,1,1,1,0,1,0,0,0,0,0,1,210000.0
20.0,25.0,10.0,6.0,9.0,1.0,2,1.0,3,0,1,0,1,0,0,0,0,0,0,1,53703.0
5.0,10.0,5.0,5.0,5.0,2.0,6,0.0,5,0,0,1,0,0,1,0,0,0,0,1,19889.0
2.0,8.0,2.0,6.0,4.0,0.0,9,0.0,15,1,1,1,0,0,0,1,0,0,1,1,57325.0
5.0,10.0,5.0,5.0,2.0,1.0,9,10.0,7,1,1,1,1,0,0,0,0,0,1,1,114649.0
30.0,44.0,50.0,5.0,5.0,1.0,1,5.0,2,1,0,0,0,0,0,0,0,0,0,1,87231.0
7.0,7.0,10.0,6.0,5.0,1.0,10,4.0,5,1,0,0,1,0,0,0,0,0,0,1,130000.0
34.0,37.0,10.0,6.0,4.0,1.0,6,0.0,10,0,1,1,1,1,0,0,1,1,0,0,216003.0
5.0,8.0,5.0,3.0,5.0,1.0,6,1.0,4,1,0,0,1,0,1,0,0,0,0,1,44544.0
13.0,21.0,10.0,6.0,1.0,0.0,3,0.0,3,0,0,1,0,1,0,0,0,1,0,0,134258.0
6.0,21.0,10.0,3.0,8.0,1.0,9,3.0,5,1,0,0,0,0,0,1,0,0,0,1,47134.0
0.0,8.0,4.0,2.0,3.0,2.0,10,10.0,11,0,0,0,1,0,0,0,0,0,1,1,45000.0
20.0,35.0,10.0,3.0,1.0,0.0,9,4.0,7,1,1,0,1,0,1,0,0,0,0,0,254776.0
2.0,7.0,2.0,2.0,9.0,1.0,6,1.0,2,0,0,0,1,1,0,0,0,0,0,1,24703.0
6.0,16.0,6.0,5.0,5.0,2.0,6,10.0,7,0,1,1,1,0,1,0,0,0,0,1,40814.0
20.0,26.0,10.0,5.0,4.0,2.0,10,7.0,12,0,1,1,1,1,0,1,0,0,0,1,185000.0
4.0,7.0,4.0,5.0,7.0,0.0,0,7.0,4,0,0,0,0,0,0,0,0,0,0,1,32449.0
30.0,44.0,30.0,7.0,9.0,0.0,10,1.0,4,1,1,1,0,0,1,0,0,0,0,1,301210.0
0.0,5.0,1.0,3.0,9.0,1.0,10,10.0,3,1,0,0,0,1,0,0,0,0,0,0,14900.0
11.0,12.0,10.0,5.0,5.0,0.0,1,10.0,5,0,1,1,1,0,1,0,0,0,0,1,145386.0
3.0,7.0,5.0,5.0,1.0,1.0,6,10.0,12,1,1,0,1,1,0,1,0,0,1,1,19753.0
27.0,30.0,10.0,6.0,9.0,0.0,10,7.0,1,0,0,0,0,0,0,0,0,0,0,1,355000.0
6.0,13.0,6.0,6.0,4.0,2.0,6,4.0,2,1,0,0,1,0,0,0,0,0,0,1,68658.0
7.0,10.0,3.0,5.0,6.0,0.0,10,0.0,2,0,1,0,0,0,0,0,0,0,0,1,109000.0
6.0,8.0,6.0,5.0,5.0,1.0,6,0.0,5,0,0,1,0,0,1,0,0,0,0,1,39133.0
1.0,12.0,1.0,6.0,4.0,2.0,6,9.0,2,0,0,0,0,0,0,1,0,0,0,1,67386.0
3.0,6.0,10.0,4.0,3.0,1.0,5,0.0,4,0,0,0,1,0,1,1,0,0,0,1,34370.0
5.0,15.0,10.0,6.0,2.0,0.0,6,1.0,5,1,0,0,1,1,0,0,0,0,1,1,24703.0
24.0,24.0,29.0,3.0,5.0,0.0,9,10.0,9,0,1,1,1,0,1,0,1,0,0,1,140127.0
10.0,13.0,18.0,6.0,5.0,1.0,10,6.0,5,1,0,0,1,0,0,1,0,1,0,1,220000.0
6.0,15.0,6.0,3.0,2.0,0.0,1,10.0,5,1,0,1,1,0,0,0,0,0,0,1,52339.0
34.0,35.0,10.0,6.0,1.0,0.0,3,1.0,8,1,0,0,1,1,1,1,0,0,0,0,107406.0
16.0,20.0,20.0,6.0,4.0,1.0,2,0.0,9,0,1,1,1,1,0,0,0,0,0,1,107406.0
5.0,6.0,10.0,3.0,7.0,1.0,6,0.0,5,0,1,1,1,0,1,0,0,0,0,1,46910.0
3.0,6.0,3.0,5.0,6.0,1.0,4,8.0,2,0,0,0,0,0,0,1,0,0,0,1,21534.0
13.0,16.0,16.0,5.0,5.0,1.0,3,0.0,5,0,1,0,1,0,1,0,0,0,0,1,62296.0
9.0,13.0,10.0,5.0,2.0,0.0,5,1.0,6,1,1,1,1,0,0,0,1,0,0,1,19333.0
5.0,15.0,5.0,6.0,8.0,1.0,6,0.0,5,1,0,1,1,0,1,0,0,0,0,1,98929.0
2.0,5.0,2.0,6.0,5.0,1.0,6,10.0,16,1,0,0,0,1,1,1,0,0,0,1,105846.0
25.0,30.0,30.0,6.0,4.0,0.0,1,1.0,11,1,1,1,1,0,1,0,0,1,0,1,116309.0
15.0,25.0,10.0,5.0,6.0,1.0,9,5.0,2,1,0,0,0,0,0,0,0,0,0,1,76433.0
20.0,22.0,10.0,4.0,2.0,0.0,10,10.0,6,0,1,1,1,0,0,0,1,1,0,0,170000.0
5.0,7.0,5.0,6.0,9.0,0.0,8,1.0,4,1,1,0,1,1,0,0,0,0,0,1,33175.0
11.0,25.0,11.0,5.0,3.0,2.0,10,6.0,3,1,0,0,0,0,0,1,0,0,1,1,200000.0
28.0,38.0,28.0,6.0,7.0,1.0,0,0.0,2,0,0,0,1,0,0,0,0,0,0,1,35433.0
7.0,14.0,10.0,6.0,8.0,0.0,8,0.0,6,0,0,1,1,0,1,0,0,0,0,1,45000.0
10.0,18.0,10.0,5.0,9.0,2.0,10,0.0,6,0,1,1,1,0,1,0,0,0,0,1,178000.0
13.0,16.0,13.0,5.0,4.0,1.0,6,6.0,8,0,1,1,0,0,1,1,0,0,0,1,98089.0
0.0,13.0,10.0,3.0,3.0,1.0,8,10.0,13,1,1,1,1,1,0,1,0,0,1,0,12342.0
8.0,10.0,8.0,6.0,9.0,1.0,9,1.0,5,1,1,0,0,1,0,0,0,1,0,1,95541.0
5.0,8.0,5.0,6.0,4.0,1.0,6,1.0,4,0,1,1,1,0,1,0,0,0,0,1,102540.0
12.0,17.0,12.0,5.0,3.0,2.0,6,0.0,11,1,1,1,1,1,1,1,0,1,0,1,129524.0
5.0,7.0,10.0,6.0,5.0,0.0,6,1.0,2,1,0,0,0,0,0,0,0,1,0,1,74239.0
0.0,8.0,0.0,5.0,8.0,2.0,10,0.0,12,1,1,1,1,0,1,0,0,1,1,1,83000.0
0.0,7.0,0.0,2.0,3.0,2.0,6,8.0,9,1,0,0,1,0,1,1,0,1,1,0,15037.0
9.0,16.0,27.0,5.0,6.0,0.0,10,0.0,5,0,1,0,1,1,0,0,0,0,0,1,115000.0
1.0,2.0,2.0,3.0,6.0,0.0,6,1.0,2,0,1,0,0,1,0,0,0,0,0,1,19797.0
8.0,12.0,10.0,5.0,3.0,2.0,10,10.0,7,1,1,1,1,0,0,0,0,1,0,1,164000.0
4.0,13.0,10.0,3.0,9.0,1.0,10,0.0,11,1,1,1,1,1,0,0,0,1,1,1,110000.0
13.0,17.0,17.0,3.0,8.0,1.0,10,0.0,9,1,1,1,0,1,0,0,0,1,1,1,217000.0
4.0,10.0,4.0,5.0,8.0,0.0,0,1.0,2,0,1,1,0,0,0,0,0,0,0,1,18649.0
26.0,32.0,27.0,5.0,4.0,0.0,6,0.0,9,0,1,1,1,1,0,0,0,0,0,1,129381.0
9.0,11.0,11.0,5.0,9.0,1.0,9,10.0,6,1,1,0,1,0,0,0,0,1,0,1,114649.0
4.0,12.0,4.0,5.0,6.0,1.0,6,1.0,2,0,0,0,1,0,1,0,0,0,0,1,64444.0
3.0,10.0,10.0,6.0,9.0,1.0,6,9.0,4,1,0,0,0,0,0,1,0,0,0,1,32222.0
2.0,8.0,2.0,5.0,8.0,1.0,4,0.0,11,1,1,1,1,0,0,1,0,1,0,1,27516.0
2.0,6.0,2.0,5.0,2.0,0.0,6,1.0,6,1,1,0,1,0,0,1,0,0,0,1,34370.0
10.0,10.0,4.0,4.0,7.0,2.0,10,0.0,14,1,1,0,0,0,1,0,0,1,1,1,70000.0
15.0,20.0,20.0,6.0,4.0,1.0,6,0.0,4,0,1,0,1,0,0,0,1,0,0,0,47513.0
5.0,10.0,5.0,6.0,9.0,0.0,10,1.0,2,1,0,0,0,0,0,0,0,0,0,1,142426.0
6.0,12.0,7.0,7.0,4.0,1.0,6,1.0,9,1,1,1,0,1,1,0,1,0,0,0,96666.0
14.0,24.0,14.0,5.0,5.0,1.0,3,1.0,2,0,0,1,0,0,0,0,0,0,0,1,109554.0
25.0,39.0,25.0,3.0,6.0,0.0,10,10.0,7,0,1,1,1,0,1,0,0,0,0,1,190000.0
8.0,11.0,11.0,5.0,4.0,0.0,10,10.0,6,1,1,1,1,0,0,0,0,0,0,1,160000.0
25.0,27.0,25.0,6.0,4.0,0.0,6,10.0,7,1,1,1,1,0,0,0,0,1,0,1,225000.0
5.0,5.0,15.0,6.0,5.0,0.0,10,4.0,5,1,1,1,0,0,1,0,0,1,0,1,250000.0
4.0,8.0,5.0,5.0,5.0,0.0,6,0.0,5,1,1,1,0,1,0,0,0,0,0,0,48333.0
10.0,8.0,10.0,3.0,4.0,2.0,2,2.0,0,0,0,0,0,0,0,0,0,0,0,1,75184.0
8.0,10.0,8.0,5.0,6.0,1.0,6,10.0,9,0,1,1,1,1,1,1,1,0,0,1,12747.0
6.0,10.0,6.0,5.0,6.0,0.0,1,1.0,6,0,1,1,1,0,1,1,0,0,0,1,215898.0
7.0,9.0,7.0,3.0,5.0,1.0,3,7.0,4,0,0,0,1,0,0,0,0,0,0,1,90221.0
22.0,22.0,24.0,2.0,3.0,0.0,5,0.0,3,0,1,0,1,0,0,0,0,0,0,1,113851.0
1.0,11.0,1.0,5.0,2.0,0.0,6,0.0,5,0,1,0,1,0,1,0,1,0,0,1,11892.0
36.0,43.0,36.0,5.0,3.0,0.0,10,0.0,5,0,1,0,1,0,0,0,1,0,0,0,82000.0
7.0,7.0,10.0,2.0,4.0,1.0,6,2.0,6,0,1,1,0,0,0,0,1,0,0,0,22283.0
5.0,7.0,10.0,6.0,9.0,1.0,4,8.0,3,0,1,0,0,1,0,0,0,0,0,1,35890.0
36.0,36.0,36.0,4.0,4.0,1.0,6,10.0,9,0,1,0,1,0,1,1,0,0,1,1,76307.0
8.0,13.0,10.0,6.0,7.0,1.0,3,2.0,2,0,0,1,0,0,0,0,0,0,0,1,71801.0
35.0,36.0,29.0,3.0,2.0,1.0,10,10.0,13,1,1,1,1,0,0,1,1,1,1,1,150000.0
25.0,25.0,38.0,5.0,8.0,0.0,10,0.0,6,0,1,1,1,0,1,0,0,0,0,0,128000.0
5.0,7.0,5.0,6.0,3.0,0.0,8,0.0,4,0,1,1,1,0,0,0,0,0,0,1,32583.0
4.0,15.0,4.0,7.0,7.0,1.0,3,9.0,4,1,0,0,0,0,0,1,0,1,0,1,96666.0
5.0,8.0,5.0,5.0,5.0,0.0,10,4.0,2,1,0,0,1,0,0,0,0,0,0,1,98000.0
7.0,7.0,7.0,3.0,7.0,1.0,6,1.0,4,0,1,0,1,0,1,0,0,0,0,1,68169.0
15.0,20.0,13.0,5.0,4.0,0.0,9,0.0,3,0,1,0,0,0,0,0,0,0,0,1,114649.0
6.0,9.0,7.0,5.0,5.0,2.0,6,0.0,11,1,1,0,1,1,1,1,0,1,0,1,36218.0
5.0,6.0,10.0,1.0,3.0,0.0,6,0.0,5,0,1,0,1,0,0,0,1,0,0,1,11512.0
20.0,27.0,10.0,6.0,1.0,1.0,10,10.0,4,1,1,1,1,0,0,0,0,0,0,0,170000.0
13.0,15.0,13.0,5.0,5.0,1.0,10,1.0,2,0,0,0,1,0,1,0,0,0,0,1,130000.0
12.0,12.0,10.0,6.0,9.0,0.0,10,10.0,4,1,0,0,1,0,0,0,0,0,0,1,259000.0
9.0,12.0,9.0,6.0,4.0,2.0,6,0.0,2,0,0,0,0,1,1,0,0,0,0,1,16996.0
10.0,11.0,7.0,6.0,9.0,0.0,10,10.0,2,1,0,0,1,0,0,0,0,0,0,1,250000.0
2.0,4.0,4.0,5.0,5.0,1.0,6,1.0,14,1,1,1,1,1,1,1,1,0,0,1,29893.0
9.0,16.0,10.0,5.0,5.0,0.0,6,2.0,16,1,1,1,1,1,1,1,1,0,0,1,53703.0
48.0,51.0,10.0,6.0,1.0,1.0,6,10.0,2,0,0,0,0,0,1,0,0,0,0,0,30728.0
10.0,16.0,10.0,6.0,5.0,1.0,6,6.0,6,1,1,0,1,0,1,0,0,0,0,1,113334.0
7.0,12.0,10.0,5.0,1.0,0.0,1,10.0,15,1,1,1,1,1,1,1,1,1,1,0,100000.0
11.0,19.0,10.0,6.0,3.0,0.0,6,1.0,5,1,0,0,0,0,1,0,0,0,0,1,47535.0
6.0,10.0,10.0,5.0,9.0,0.0,6,10.0,7,0,1,0,1,1,1,0,1,0,0,1,30023.0
5.0,8.0,5.0,5.0,5.0,0.0,10,0.0,4,0,1,0,1,0,0,0,0,1,0,1,125000.0
17.0,19.0,10.0,3.0,6.0,1.0,6,2.0,4,0,1,0,0,0,1,0,1,0,0,1,40170.0
10.0,16.0,10.0,5.0,9.0,1.0,4,0.0,4,0,1,0,1,0,1,0,0,0,0,1,38283.0
12.0,18.0,12.0,5.0,4.0,1.0,7,1.0,1,0,0,0,0,0,1,0,0,0,0,1,59073.0
6.0,10.0,5.0,7.0,4.0,1.0,2,10.0,8,1,1,0,1,1,0,0,1,0,0,1,74833.0
2.0,4.0,10.0,5.0,7.0,0.0,1,10.0,4,1,0,0,0,1,0,1,0,0,0,1,32712.0
25.0,30.0,30.0,6.0,4.0,1.0,6,0.0,8,0,1,1,1,0,1,0,0,0,0,1,75184.0
12.0,18.0,12.0,6.0,9.0,1.0,8,7.0,1,0,0,0,0,0,0,0,0,0,0,1,49368.0
13.0,22.0,10.0,5.0,1.0,0.0,10,0.0,7,1,1,0,1,0,1,0,1,0,0,0,60000.0
11.0,12.0,12.0,3.0,4.0,0.0,10,0.0,6,0,1,0,1,0,0,0,1,1,0,1,275000.0
10.0,10.0,10.0,5.0,4.0,2.0,4,0.0,4,0,1,0,1,0,1,0,0,0,0,1,11963.0
8.0,16.0,10.0,5.0,3.0,0.0,1,8.0,2,0,0,0,1,0,0,0,0,0,0,1,159924.0
5.0,7.0,7.0,3.0,2.0,0.0,6,1.0,6,0,1,1,1,0,1,0,0,0,0,1,40000.0
13.0,19.0,13.0,6.0,9.0,0.0,6,9.0,5,1,0,0,1,0,0,0,0,0,0,1,238460.0
13.0,15.0,13.0,5.0,9.0,1.0,10,4.0,5,0,0,0,0,1,0,1,0,1,0,1,214000.0
19.0,26.0,19.0,5.0,7.0,0.0,10,2.0,4,0,1,1,0,0,1,0,0,0,0,1,147000.0
18.0,22.0,14.0,6.0,4.0,1.0,6,1.0,2,0,0,0,1,1,0,0,0,0,0,1,285120.0
2.0,15.0,2.0,3.0,7.0,0.0,6,0.0,8,0,1,1,1,0,1,1,0,0,0,1,27461.0
42.0,45.0,46.0,4.0,9.0,0.0,10,0.0,9,1,1,0,1,1,0,0,1,0,0,1,143000.0
20.0,25.0,20.0,6.0,4.0,0.0,9,1.0,2,0,0,0,1,1,0,0,0,0,0,1,133757.0
3.0,12.0,3.0,3.0,4.0,0.0,3,2.0,3,0,1,1,0,0,0,0,0,0,0,1,48333.0
35.0,43.0,10.0,6.0,5.0,2.0,6,10.0,4,0,0,0,1,0,0,0,1,0,0,1,33879.0
28.0,40.0,30.0,5.0,7.0,2.0,6,10.0,8,0,1,0,1,1,0,1,0,0,0,1,141381.0
18.0,29.0,18.0,3.0,9.0,0.0,6,7.0,4,0,0,0,0,0,0,1,0,0,0,1,78431.0
5.0,9.0,9.0,6.0,4.0,1.0,2,1.0,5,0,1,0,1,0,0,0,1,0,0,1,34370.0
20.0,24.0,10.0,7.0,9.0,1.0,1,1.0,1,0,0,0,0,0,0,0,0,0,0,1,218079.0
11.0,17.0,17.0,5.0,8.0,1.0,6,9.0,5,1,0,0,0,0,0,1,0,0,0,1,133700.0
3.0,5.0,3.0,5.0,7.0,1.0,4,1.0,3,0,1,0,1,1,0,0,0,0,0,1,29909.0
15.0,18.0,15.0,5.0,4.0,1.0,6,1.0,4,0,0,0,1,1,0,0,0,0,0,1,90783.0
20.0,21.0,21.0,7.0,5.0,1.0,6,1.0,3,0,1,0,0,0,1,0,0,0,0,1,68677.0
9.0,16.0,10.0,6.0,1.0,0.0,10,0.0,9,1,1,0,1,0,0,0,0,0,0,0,250000.0
18.0,24.0,18.0,6.0,5.0,0.0,8,1.0,9,1,1,1,1,1,0,0,0,1,0,1,72000.0
13.0,18.0,13.0,3.0,4.0,0.0,6,4.0,3,1,0,0,1,0,0,0,0,0,0,0,107406.0
26.0,30.0,10.0,6.0,8.0,1.0,10,0.0,7,0,1,0,1,0,0,1,0,1,0,1,300000.0
2.0,6.0,2.0,3.0,7.0,1.0,6,0.0,6,0,1,0,1,0,1,0,0,0,0,1,45033.0
30.0,42.0,30.0,5.0,5.0,1.0,10,0.0,3,0,1,0,0,0,0,0,0,0,0,1,270000.0
16.0,21.0,15.0,5.0,6.0,1.0,6,0.0,5,0,1,1,1,0,1,0,0,0,0,1,132586.0
11.0,17.0,13.0,5.0,4.0,2.0,6,0.0,5,0,1,1,1,0,1,0,0,0,0,1,190080.0
13.0,15.0,14.0,6.0,9.0,1.0,10,10.0,6,1,1,1,0,1,0,1,0,0,0,1,400000.0
6.0,11.0,6.0,5.0,7.0,1.0,6,8.0,4,0,0,0,0,0,1,1,0,0,0,1,62000.0
2.0,13.0,11.0,6.0,6.0,0.0,8,10.0,1,1,0,0,0,0,0,0,0,0,0,1,31398.0
6.0,12.0,5.0,3.0,5.0,1.0,6,0.0,9,1,1,1,1,0,0,0,1,1,0,1,51507.0
15.0,21.0,15.0,6.0,4.0,0.0,6,4.0,7,1,1,0,1,1,0,0,1,1,0,1,96666.0
6.0,15.0,15.0,6.0,5.0,1.0,3,9.0,8,0,1,0,1,0,0,1,1,0,0,1,64444.0
7.0,15.0,5.0,5.0,5.0,0.0,10,9.0,2,1,0,0,0,0,0,0,0,0,0,1,117600.0
13.0,13.0,13.0,3.0,9.0,1.0,8,2.0,4,0,1,1,0,0,0,0,0,0,0,1,16045.0
19.0,27.0,19.0,6.0,2.0,0.0,9,1.0,5,0,1,0,1,0,1,0,0,0,0,1,63694.0
8.0,14.0,8.0,6.0,7.0,1.0,3,1.0,7,0,1,1,1,1,0,0,0,0,0,1,67236.0
8.0,13.0,9.0,5.0,4.0,1.0,5,1.0,4,0,1,0,1,0,0,0,1,0,0,1,59073.0
3.0,6.0,10.0,5.0,5.0,1.0,6,10.0,2,1,0,0,1,0,0,0,0,0,0,1,51522.0
8.0,14.0,8.0,2.0,7.0,1.0,9,1.0,8,1,1,1,1,0,1,0,0,0,0,1,140127.0
16.0,25.0,10.0,6.0,1.0,1.0,3,0.0,14,1,1,1,1,1,0,1,1,0,0,0,107406.0
14.0,28.0,28.0,2.0,6.0,1.0,6,0.0,3,0,1,0,0,0,0,0,1,0,0,1,83904.0
6.0,7.0,12.0,5.0,9.0,0.0,6,10.0,6,0,1,1,1,0,1,0,0,0,0,1,107887.0
15.0,16.0,20.0,5.0,5.0,1.0,6,7.0,6,0,1,1,1,0,0,0,0,1,0,1,120330.0
3.0,12.0,10.0,6.0,9.0,2.0,6,0.0,15,1,1,1,1,1,1,1,0,0,0,1,64444.0
43.0,46.0,43.0,5.0,8.0,0.0,10,0.0,4,0,0,0,1,1,0,0,0,0,0,1,120000.0
19.0,25.0,10.0,3.0,4.0,0.0,10,10.0,2,0,1,0,0,0,0,0,0,0,0,1,300000.0
19.0,24.0,19.0,3.0,6.0,1.0,10,0.0,6,0,1,0,1,0,1,0,0,0,0,1,164500.0
6.0,11.0,10.0,3.0,4.0,1.0,5,0.0,8,0,1,1,1,1,1,0,1,0,0,1,75184.0
30.0,44.0,30.0,2.0,1.0,1.0,9,10.0,6,1,0,0,0,0,1,1,0,0,0,1,45860.0
12.0,15.0,6.0,7.0,9.0,0.0,10,5.0,5,1,0,0,0,0,0,1,0,0,1,1,145000.0
18.0,22.0,22.0,5.0,7.0,1.0,9,0.0,9,0,1,0,1,1,1,0,1,0,0,1,50955.0
27.0,43.0,30.0,3.0,5.0,0.0,10,0.0,9,0,1,0,1,0,1,0,0,0,0,1,120000.0
4.0,10.0,10.0,6.0,2.0,0.0,6,3.0,2,1,0,0,0,1,0,0,0,0,0,1,25777.0
6.0,7.0,6.0,2.0,5.0,0.0,0,7.0,4,0,0,0,1,0,0,0,0,0,0,1,26108.0
5.0,8.0,5.0,5.0,5.0,2.0,6,0.0,5,1,1,0,0,0,1,0,0,0,0,1,95040.0
24.0,38.0,24.0,3.0,4.0,1.0,7,1.0,10,1,1,0,1,1,0,0,0,0,0,1,32222.0
8.0,8.0,10.0,5.0,7.0,1.0,3,0.0,10,1,1,1,1,0,1,1,1,0,0,1,58751.0
7.0,7.0,7.0,5.0,5.0,1.0,6,1.0,11,1,1,1,1,1,0,0,1,1,0,1,43481.0
28.0,34.0,10.0,6.0,5.0,0.0,2,9.0,4,1,0,0,0,0,0,0,0,0,1,1,125665.0
8.0,10.0,10.0,6.0,9.0,1.0,6,10.0,2,1,0,0,1,0,0,0,0,0,0,1,95466.0
17.0,29.0,10.0,5.0,3.0,1.0,10,0.0,7,1,1,0,1,0,1,0,0,0,0,1,45000.0
2.0,6.0,10.0,6.0,5.0,2.0,6,8.0,11,1,0,0,1,1,1,1,0,0,0,1,16984.0
10.0,14.0,10.0,5.0,9.0,2.0,6,7.0,5,0,0,0,0,0,1,0,0,0,0,1,54207.0
11.0,22.0,22.0,6.0,5.0,0.0,10,6.0,3,0,1,0,1,0,1,0,0,0,0,1,299000.0
25.0,30.0,10.0,6.0,4.0,0.0,9,1.0,6,0,1,0,1,1,0,0,0,0,0,0,140127.0
6.0,10.0,6.0,5.0,9.0,1.0,4,7.0,6,0,1,0,0,1,0,1,0,0,0,1,17347.0
14.0,15.0,14.0,6.0,7.0,0.0,10,0.0,7,1,1,1,1,0,0,0,0,0,0,1,140000.0
4.0,8.0,5.0,6.0,7.0,2.0,2,4.0,6,1,1,0,1,0,0,0,1,1,0,1,64444.0
23.0,31.0,23.0,6.0,7.0,2.0,6,6.0,1,1,0,0,0,0,0,0,0,0,0,1,86870.0
15.0,15.0,10.0,5.0,2.0,0.0,10,0.0,5,0,1,0,1,0,1,0,0,0,0,1,300000.0
0.0,2.0,10.0,2.0,6.0,2.0,6,1.0,4,1,0,0,0,1,0,1,0,0,0,0,12889.0
10.0,12.0,12.0,5.0,5.0,0.0,10,0.0,9,0,1,1,1,1,0,0,0,0,0,1,271000.0
13.0,20.0,13.0,6.0,2.0,1.0,2,0.0,4,0,1,1,0,0,0,0,1,0,0,0,53703.0
13.0,16.0,13.0,5.0,4.0,1.0,6,0.0,10,1,1,1,1,1,1,1,0,0,0,1,71538.0
6.0,10.0,10.0,6.0,9.0,1.0,6,3.0,4,1,0,0,1,1,0,0,0,0,0,1,112312.0
5.0,15.0,5.0,5.0,3.0,1.0,10,0.0,8,1,1,0,0,1,0,1,1,0,1,1,92000.0
30.0,43.0,32.0,2.0,4.0,0.0,6,5.0,6,1,0,0,1,1,0,0,0,0,1,0,138739.0
2.0,6.0,2.0,2.0,5.0,1.0,3,10.0,9,1,0,1,1,1,0,0,0,0,0,0,12586.0
14.0,20.0,14.0,5.0,3.0,0.0,9,10.0,6,0,1,1,1,0,0,0,0,1,0,1,178343.0
4.0,8.0,10.0,5.0,4.0,2.0,6,8.0,3,0,1,0,0,1,0,0,0,0,0,1,65046.0
8.0,16.0,10.0,3.0,4.0,1.0,6,10.0,6,0,1,0,1,1,0,0,0,0,0,1,37592.0
6.0,8.0,6.0,4.0,5.0,1.0,2,1.0,2,0,0,0,1,0,0,0,1,0,0,1,42962.0
23.0,25.0,25.0,5.0,3.0,0.0,0,0.0,5,1,1,0,1,0,0,0,1,0,0,1,15665.0
35.0,42.0,35.0,7.0,9.0,0.0,10,1.0,7,1,1,0,1,1,0,0,0,0,0,0,250000.0
43.0,45.0,10.0,3.0,7.0,1.0,9,0.0,5,1,0,0,1,0,1,0,0,0,0,1,67516.0
12.0,25.0,12.0,6.0,7.0,1.0,2,5.0,9,1,1,0,1,1,1,0,0,0,0,1,80555.0
2.0,8.0,3.0,5.0,5.0,2.0,10,10.0,6,1,1,0,0,1,0,0,0,0,0,1,82000.0
22.0,30.0,22.0,5.0,9.0,0.0,10,1.0,5,0,1,0,0,1,0,1,0,0,0,1,140000.0
2.0,7.0,2.0,2.0,2.0,0.0,6,2.0,5,1,1,1,0,0,0,0,1,0,0,1,26852.0
30.0,40.0,30.0,6.0,4.0,1.0,6,10.0,3,1,0,1,0,0,0,0,0,0,0,0,171850.0
6.0,8.0,6.0,6.0,4.0,0.0,8,1.0,6,1,1,1,1,0,0,0,0,0,0,1,62000.0
15.0,20.0,15.0,3.0,9.0,1.0,10,1.0,4,0,0,0,1,0,0,0,0,1,0,1,330000.0
1.0,7.0,10.0,5.0,7.0,1.0,10,10.0,3,1,1,0,0,1,0,0,0,0,0,1,180500.0
4.0,10.0,4.0,5.0,9.0,1.0,10,1.0,10,1,1,1,1,1,0,0,0,1,0,1,125000.0
16.0,20.0,10.0,5.0,9.0,0.0,3,0.0,5,0,1,1,0,0,0,0,0,1,0,1,171850.0
24.0,27.0,10.0,5.0,9.0,0.0,10,0.0,6,0,1,1,1,0,1,0,0,0,0,1,190000.0
0.0,8.0,1.0,6.0,4.0,1.0,2,3.0,2,1,0,0,0,0,0,0,0,0,0,1,48333.0
4.0,8.0,4.0,5.0,8.0,1.0,7,1.0,8,1,1,1,1,0,1,1,0,0,0,1,35444.0
2.0,8.0,1.0,5.0,7.0,1.0,6,1.0,2,0,0,0,0,1,0,0,0,0,0,1,17667.0
2.0,3.0,2.0,5.0,4.0,1.0,9,0.0,6,0,1,1,0,0,0,0,1,0,1,1,70063.0
5.0,6.0,5.0,5.0,4.0,1.0,4,1.0,6,0,1,1,1,1,0,0,0,0,0,1,26320.0
15.0,20.0,10.0,5.0,5.0,0.0,10,0.0,8,0,1,0,0,0,0,0,0,1,1,1,200000.0
5.0,7.0,10.0,5.0,9.0,1.0,6,10.0,7,1,1,1,0,0,0,1,0,0,1,1,18168.0
3.0,8.0,3.0,5.0,3.0,2.0,6,7.0,2,0,0,0,0,0,1,0,0,0,0,1,34548.0
20.0,31.0,10.0,5.0,1.0,2.0,5,9.0,6,1,0,1,1,0,1,1,0,0,0,0,107406.0
9.0,11.0,11.0,5.0,4.0,1.0,10,0.0,4,1,1,0,1,1,0,0,0,0,0,1,130000.0
7.0,15.0,8.0,4.0,5.0,1.0,10,2.0,4,0,1,1,0,0,0,0,0,0,0,1,135000.0
16.0,18.0,16.0,1.0,9.0,0.0,6,6.0,8,1,0,0,1,0,1,1,0,1,1,1,143076.0
15.0,32.0,16.0,6.0,6.0,1.0,3,9.0,4,1,0,0,0,0,0,1,0,0,0,1,118147.0
11.0,13.0,11.0,3.0,4.0,1.0,1,0.0,4,0,1,0,1,0,0,0,1,0,0,1,59608.0
1.0,3.0,3.0,3.0,4.0,2.0,6,7.0,2,0,0,0,0,1,0,0,0,0,0,1,22569.0
9.0,14.0,10.0,3.0,3.0,0.0,6,1.0,7,1,1,0,1,1,0,0,0,1,0,1,61714.0
7.0,10.0,7.0,6.0,6.0,0.0,8,2.0,5,1,1,1,0,0,0,0,0,0,0,0,70000.0
27.0,35.0,27.0,6.0,9.0,0.0,1,10.0,13,1,1,0,1,0,1,1,1,0,0,1,159924.0
5.0,9.0,5.0,5.0,4.0,2.0,6,0.0,8,1,1,0,1,0,0,0,0,1,0,1,10058.0
4.0,7.0,4.0,6.0,5.0,1.0,10,4.0,3,1,0,0,1,0,0,0,0,0,0,1,120000.0
26.0,31.0,10.0,6.0,9.0,1.0,3,9.0,4,1,0,0,0,0,0,0,0,0,0,0,85925.0
4.0,9.0,4.0,5.0,9.0,1.0,7,9.0,10,1,1,1,1,0,0,1,0,0,1,1,30074.0
8.0,10.0,10.0,3.0,9.0,1.0,2,4.0,3,1,0,0,1,0,0,1,0,0,0,0,53703.0
5.0,12.0,5.0,3.0,8.0,1.0,3,0.0,10,1,1,1,0,1,0,0,0,1,0,1,42962.0
17.0,27.0,17.0,3.0,9.0,0.0,10,0.0,4,0,1,1,1,0,1,0,0,0,0,1,160000.0
30.0,40.0,47.0,3.0,4.0,1.0,10,10.0,10,1,1,1,1,1,0,0,0,0,1,1,100000.0
7.0,8.0,7.0,6.0,5.0,2.0,4,1.0,5,1,1,1,0,1,0,0,0,0,0,1,55630.0
15.0,20.0,20.0,7.0,8.0,0.0,5,10.0,7,1,0,1,1,1,0,0,0,1,0,1,128887.0
7.0,12.0,7.0,6.0,4.0,1.0,3,4.0,6,1,0,0,1,0,0,1,0,1,0,1,83777.0
14.0,17.0,17.0,6.0,5.0,1.0,6,10.0,2,0,0,0,0,0,0,0,0,0,0,1,53703.0
4.0,12.0,5.0,5.0,5.0,0.0,4,6.0,12,1,1,1,1,0,0,1,0,1,1,1,83744.0
5.0,5.0,10.0,3.0,4.0,0.0,6,1.0,3,1,1,0,0,0,0,0,0,0,0,1,22409.0
1.0,9.0,1.0,5.0,5.0,1.0,6,0.0,9,1,1,1,1,0,1,0,0,1,0,1,56156.0
4.0,10.0,10.0,5.0,3.0,1.0,3,8.0,6,1,1,0,0,0,1,1,0,0,0,1,107406.0
15.0,21.0,18.0,3.0,3.0,2.0,10,0.0,8,1,1,0,1,1,0,0,1,0,0,1,180000.0
15.0,20.0,15.0,5.0,5.0,1.0,0,5.0,3,0,0,0,1,0,1,0,0,0,0,1,35433.0
2.0,2.0,2.0,6.0,3.0,1.0,6,0.0,4,0,1,0,1,0,0,0,1,0,0,1,12946.0
6.0,10.0,9.0,2.0,4.0,1.0,6,0.0,8,0,1,0,1,0,1,0,1,0,0,0,80855.0
31.0,40.0,10.0,7.0,9.0,1.0,3,8.0,12,1,1,0,1,1,0,1,0,1,0,1,161109.0
3.0,3.0,3.0,6.0,8.0,0.0,6,2.0,4,0,1,1,0,0,0,0,0,0,0,1,30914.0
5.0,12.0,5.0,5.0,5.0,1.0,6,0.0,7,1,1,1,1,0,0,0,0,0,0,1,89857.0
25.0,28.0,10.0,3.0,1.0,1.0,6,10.0,4,0,1,0,1,0,1,0,0,0,0,0,198198.0
11.0,15.0,12.0,5.0,6.0,1.0,6,1.0,5,0,1,1,0,1,0,0,0,0,0,1,84138.0
0.0,5.0,10.0,6.0,3.0,2.0,6,1.0,3,1,1,1,0,0,0,0,0,0,0,1,32222.0
10.0,17.0,10.0,5.0,5.0,0.0,6,1.0,3,0,0,0,1,0,0,0,0,1,0,1,92741.0
15.0,20.0,15.0,7.0,4.0,1.0,3,1.0,6,1,1,1,1,0,0,0,1,0,0,1,64444.0
10.0,13.0,10.0,3.0,6.0,1.0,6,10.0,3,0,1,0,0,0,0,0,0,0,0,1,167125.0
1.0,2.0,2.0,3.0,4.0,0.0,6,1.0,4,0,0,0,0,1,0,0,0,1,0,1,26852.0
15.0,20.0,10.0,5.0,6.0,1.0,6,0.0,8,0,1,1,1,1,1,0,0,0,0,1,52812.0
7.0,7.0,7.0,5.0,4.0,0.0,6,6.0,6,0,1,1,1,0,0,0,1,0,0,1,27969.0
5.0,9.0,10.0,5.0,3.0,0.0,1,0.0,6,0,1,1,1,0,1,0,0,0,0,1,65424.0
8.0,9.0,10.0,7.0,4.0,1.0,2,2.0,2,0,0,1,0,0,0,0,0,0,0,1,46185.0
16.0,20.0,17.0,5.0,7.0,0.0,10,0.0,8,1,1,1,1,0,1,0,0,0,0,1,195000.0
10.0,14.0,10.0,5.0,9.0,1.0,10,1.0,6,1,1,0,0,0,0,1,0,0,0,1,250000.0
16.0,22.0,16.0,5.0,9.0,0.0,10,0.0,5,1,0,1,0,0,0,0,0,1,0,1,326000.0
12.0,12.0,10.0,1.0,5.0,0.0,6,0.0,15,1,1,1,1,0,1,0,1,1,1,1,25176.0
15.0,20.0,20.0,6.0,2.0,0.0,6,1.0,7,1,0,1,1,0,0,0,0,0,1,1,107406.0
3.0,4.0,10.0,5.0,5.0,0.0,0,2.0,6,1,1,1,1,0,0,0,0,1,0,1,27973.0
30.0,35.0,10.0,2.0,1.0,2.0,6,0.0,3,0,0,0,0,0,0,0,0,0,0,0,65152.0
6.0,15.0,10.0,5.0,4.0,1.0,6,1.0,2,0,0,0,0,0,0,0,0,1,0,1,52000.0
3.0,6.0,10.0,3.0,3.0,1.0,0,8.0,3,1,0,0,0,0,0,1,0,0,0,1,13427.0
20.0,40.0,30.0,6.0,7.0,0.0,10,0.0,4,1,1,0,0,0,1,0,0,0,0,1,211000.0
15.0,24.0,30.0,3.0,5.0,2.0,6,8.0,5,0,1,0,1,0,1,0,0,0,0,1,27822.0
14.0,24.0,14.0,7.0,9.0,1.0,3,10.0,4,1,1,0,0,1,0,0,0,0,0,1,70888.0
10.0,12.0,10.0,5.0,6.0,0.0,10,0.0,4,0,1,1,1,0,0,0,0,0,0,1,225000.0
24.0,26.0,24.0,6.0,2.0,0.0,7,0.0,5,0,1,1,1,1,0,0,0,0,0,0,128887.0
7.0,14.0,10.0,6.0,3.0,0.0,5,1.0,4,1,0,0,0,0,0,1,0,1,0,1,139628.0
10.0,10.0,10.0,5.0,5.0,0.0,10,2.0,3,0,1,0,1,0,0,0,0,0,0,0,120000.0
19.0,32.0,20.0,5.0,7.0,0.0,6,10.0,22,1,1,1,1,1,1,1,1,1,1,1,33419.0
26.0,33.0,25.0,5.0,3.0,0.0,6,1.0,3,0,0,0,1,0,1,0,0,0,0,1,193331.0
7.0,7.0,10.0,3.0,2.0,1.0,6,10.0,4,0,1,1,1,0,0,0,0,0,0,0,180000.0
26.0,40.0,10.0,3.0,7.0,1.0,10,10.0,9,1,1,0,1,0,0,1,0,1,0,1,402000.0
5.0,9.0,10.0,5.0,4.0,0.0,1,9.0,6,1,0,0,0,1,0,1,0,0,0,1,90866.0
20.0,20.0,10.0,5.0,3.0,0.0,8,1.0,1,0,0,0,0,1,0,0,0,0,0,1,32000.0
11.0,18.0,11.0,5.0,5.0,0.0,3,2.0,4,0,1,0,0,0,1,0,0,0,0,1,75184.0
28.0,32.0,28.0,6.0,5.0,0.0,6,0.0,5,0,1,1,1,1,0,0,0,0,0,0,161109.0
25.0,28.0,25.0,5.0,5.0,0.0,10,1.0,1,0,0,0,0,0,0,0,0,0,0,1,182500.0
10.0,14.0,10.0,6.0,6.0,0.0,10,3.0,3,1,0,0,1,0,0,0,0,0,0,1,127000.0
2.0,3.0,2.0,3.0,5.0,0.0,10,0.0,4,0,1,0,1,0,1,0,0,0,0,1,80000.0
14.0,14.0,10.0,5.0,1.0,1.0,10,0.0,5,0,1,1,0,1,0,0,0,1,0,1,270000.0
5.0,5.0,10.0,3.0,3.0,1.0,6,2.0,5,0,1,1,1,0,0,0,1,0,0,0,18674.0
6.0,12.0,6.0,5.0,9.0,1.0,9,10.0,9,1,1,1,0,1,0,1,0,1,0,1,136305.0
11.0,15.0,13.0,6.0,8.0,0.0,10,1.0,3,1,0,0,1,0,1,0,0,0,0,1,120000.0
8.0,9.0,8.0,3.0,3.0,1.0,6,6.0,1,0,0,0,0,0,0,0,1,0,0,1,85925.0
41.0,47.0,10.0,5.0,9.0,1.0,10,1.0,3,1,0,0,0,0,0,1,0,0,0,1,280000.0
5.0,10.0,6.0,3.0,8.0,0.0,10,5.0,7,1,1,0,1,0,0,0,0,0,1,1,123600.0
13.0,17.0,13.0,5.0,5.0,0.0,10,0.0,6,1,1,1,1,0,0,1,0,0,0,1,200000.0
3.0,7.0,3.0,6.0,7.0,1.0,7,3.0,2,1,0,0,1,0,0,0,0,0,0,1,53703.0
15.0,27.0,15.0,3.0,6.0,1.0,6,1.0,6,0,1,1,0,1,0,0,0,0,0,1,168382.0
13.0,19.0,13.0,6.0,8.0,1.0,2,1.0,6,0,1,1,0,0,1,0,0,0,0,1,60546.0
18.0,25.0,23.0,3.0,4.0,0.0,10,0.0,4,0,1,0,1,0,0,0,1,0,0,1,115000.0
9.0,15.0,8.0,5.0,7.0,0.0,1,10.0,4,0,1,1,0,0,0,0,0,0,1,1,116309.0
10.0,15.0,8.0,6.0,4.0,1.0,6,6.0,4,0,1,1,1,0,0,0,0,0,0,1,75184.0
3.0,6.0,3.0,2.0,5.0,1.0,6,0.0,5,0,1,1,0,0,0,0,0,0,0,1,25777.0
4.0,7.0,5.0,5.0,7.0,0.0,6,0.0,6,0,1,0,1,0,1,0,0,0,0,1,70193.0
7.0,9.0,7.0,6.0,4.0,1.0,10,1.0,5,1,0,0,1,0,0,0,0,0,1,1,205000.0
7.0,10.0,10.0,5.0,4.0,1.0,9,4.0,7,1,1,0,1,0,0,0,0,0,0,1,95541.0
8.0,12.0,10.0,5.0,3.0,1.0,6,10.0,4,0,1,0,1,0,0,0,1,0,0,1,47453.0
31.0,34.0,10.0,3.0,1.0,0.0,9,1.0,6,0,1,0,0,0,1,0,0,0,0,0,140127.0
1.0,5.0,1.0,2.0,6.0,1.0,3,1.0,7,0,1,1,0,1,0,0,1,1,0,1,12889.0
0.0,7.0,1.0,3.0,4.0,2.0,10,10.0,10,1,1,0,1,1,1,1,0,0,0,1,32000.0
7.0,11.0,7.0,5.0,3.0,1.0,5,0.0,5,0,1,1,1,0,1,0,0,0,0,1,75184.0
23.0,30.0,10.0,5.0,5.0,1.0,6,1.0,3,0,0,0,0,1,0,0,0,1,0,1,64444.0
6.0,20.0,6.0,6.0,5.0,0.0,6,0.0,6,0,1,1,0,0,0,0,1,0,0,1,26730.0
7.0,10.0,10.0,4.0,2.0,2.0,7,0.0,3,0,1,0,0,0,0,0,1,0,0,1,34800.0
4.0,12.0,4.0,6.0,2.0,0.0,4,0.0,6,1,1,1,1,1,0,0,0,0,0,1,13160.0
7.0,8.0,3.0,5.0,2.0,2.0,6,0.0,1,0,0,0,0,0,0,0,0,0,0,1,36266.0
3.0,4.0,10.0,2.0,4.0,0.0,6,1.0,4,1,0,0,1,0,0,0,0,0,0,1,49493.0
7.0,10.0,7.0,6.0,5.0,0.0,10,0.0,12,0,1,1,1,1,1,1,1,0,0,1,130000.0
12.0,16.0,12.0,5.0,4.0,1.0,6,0.0,12,0,1,1,0,0,1,0,0,1,0,1,53703.0
1.0,6.0,1.0,5.0,4.0,0.0,6,8.0,0,0,0,0,0,0,0,0,0,0,0,1,10646.0
3.0,6.0,5.0,5.0,2.0,1.0,3,0.0,7,1,1,1,0,0,0,0,0,0,0,0,80555.0
12.0,30.0,10.0,6.0,4.0,0.0,1,0.0,9,1,1,0,1,0,1,1,0,0,0,1,83597.0
9.0,9.0,8.0,5.0,9.0,1.0,6,4.0,2,1,0,0,0,0,0,0,0,0,0,1,42049.0
1.0,3.0,7.0,5.0,4.0,0.0,10,0.0,9,1,1,0,1,0,0,0,0,0,0,1,48000.0
3.0,12.0,10.0,5.0,4.0,1.0,6,1.0,3,0,0,0,0,1,0,0,0,0,0,1,10473.0
6.0,9.0,10.0,5.0,9.0,0.0,3,1.0,6,1,1,1,0,1,0,0,0,1,0,1,80555.0
14.0,25.0,15.0,6.0,7.0,1.0,6,1.0,6,1,1,1,1,0,0,0,1,0,0,1,54442.0
7.0,10.0,10.0,5.0,9.0,0.0,10,0.0,5,0,1,1,1,0,0,0,0,1,0,1,134000.0
6.0,17.0,6.0,7.0,4.0,0.0,1,0.0,5,1,0,1,1,0,0,0,0,1,0,1,90866.0
11.0,17.0,10.0,7.0,4.0,0.0,1,10.0,10,1,1,1,1,0,0,0,0,0,1,1,163559.0
2.0,2.0,10.0,5.0,5.0,1.0,4,5.0,0,0,0,0,0,0,0,0,0,0,0,1,13160.0
6.0,10.0,6.0,6.0,2.0,0.0,6,9.0,7,1,0,1,0,0,0,1,0,0,1,0,25984.0
8.0,12.0,10.0,6.0,4.0,0.0,10,0.0,5,0,1,1,0,0,0,0,0,0,0,1,150000.0
3.0,8.0,5.0,5.0,1.0,0.0,6,0.0,5,1,1,1,1,0,1,0,0,0,0,1,23959.0
14.0,20.0,14.0,5.0,4.0,1.0,6,1.0,4,0,1,1,1,0,1,0,0,0,0,1,43481.0
1.0,5.0,10.0,5.0,4.0,1.0,6,10.0,4,1,1,1,0,0,0,1,0,0,0,1,43020.0
12.0,16.0,12.0,5.0,4.0,1.0,10,6.0,7,0,1,1,1,0,0,0,1,1,0,1,180000.0
6.0,12.0,6.0,5.0,5.0,0.0,6,1.0,2,0,0,1,0,0,0,0,0,0,0,1,51840.0
1.0,2.0,10.0,6.0,6.0,2.0,6,10.0,1,0,0,0,0,0,0,0,0,0,0,1,16134.0
34.0,40.0,34.0,6.0,9.0,1.0,10,2.0,3,0,0,1,0,1,0,0,0,0,0,1,350000.0
9.0,14.0,9.0,5.0,6.0,0.0,10,1.0,8,1,1,0,1,1,1,0,1,0,0,1,170000.0
5.0,10.0,7.0,5.0,5.0,1.0,3,2.0,8,0,1,1,1,1,1,0,1,0,0,1,63370.0
7.0,10.0,10.0,5.0,8.0,0.0,6,1.0,5,1,0,1,0,0,0,0,0,0,1,1,48552.0
0.0,2.0,1.0,5.0,3.0,2.0,2,0.0,4,0,1,1,1,0,0,0,0,0,0,1,23629.0
31.0,35.0,31.0,5.0,2.0,0.0,10,0.0,3,0,0,0,0,0,0,0,0,1,0,1,150000.0
32.0,34.0,30.0,6.0,5.0,0.0,6,10.0,11,1,1,1,1,0,1,1,1,0,0,1,59459.0
13.0,15.0,13.0,5.0,9.0,0.0,10,0.0,3,0,1,1,0,0,0,0,0,0,0,1,97000.0
16.0,20.0,10.0,2.0,1.0,0.0,1,10.0,8,1,1,0,1,0,1,1,0,0,0,1,34893.0
19.0,20.0,30.0,5.0,4.0,1.0,6,1.0,6,1,1,0,0,0,0,0,1,0,1,1,144842.0
6.0,9.0,10.0,6.0,4.0,0.0,8,10.0,5,1,1,0,1,1,0,0,0,0,0,1,44431.0
16.0,20.0,16.0,5.0,9.0,0.0,10,0.0,3,0,1,0,0,0,0,0,0,0,0,1,310000.0
13.0,15.0,10.0,5.0,4.0,0.0,10,0.0,4,1,1,0,0,0,0,0,1,0,0,1,175000.0
25.0,35.0,25.0,7.0,8.0,0.0,10,1.0,5,1,0,0,1,1,0,1,0,0,0,1,110000.0
12.0,25.0,20.0,5.0,4.0,0.0,10,3.0,4,1,0,0,0,0,0,0,0,0,0,0,225000.0
11.0,15.0,10.0,6.0,6.0,1.0,6,8.0,5,1,0,0,0,0,0,1,0,1,0,1,39091.0
27.0,30.0,30.0,5.0,9.0,0.0,10,1.0,5,0,1,0,1,0,1,0,0,0,0,1,105000.0
6.0,12.0,19.0,5.0,6.0,0.0,10,1.0,4,1,1,1,0,0,0,0,0,1,0,1,180000.0
30.0,40.0,10.0,7.0,5.0,0.0,10,10.0,16,1,1,0,1,1,0,1,1,1,1,1,180000.0
10.0,15.0,10.0,5.0,7.0,1.0,9,10.0,4,0,1,1,1,1,0,0,0,0,0,1,86624.0
7.0,12.0,7.0,6.0,3.0,0.0,3,1.0,3,1,0,0,0,0,0,0,0,1,1,1,75184.0
4.0,6.0,6.0,5.0,4.0,0.0,6,0.0,18,1,1,1,1,1,0,1,0,1,1,1,18000.0
17.0,30.0,17.0,5.0,7.0,0.0,6,1.0,7,1,1,1,1,0,1,0,0,0,1,1,101403.0
6.0,10.0,6.0,6.0,3.0,2.0,6,10.0,4,0,0,0,0,0,1,1,0,0,0,1,37061.0
3.0,9.0,3.0,5.0,4.0,2.0,6,0.0,8,1,1,1,1,0,1,0,0,0,0,1,44456.0
12.0,18.0,10.0,6.0,5.0,1.0,6,1.0,3,1,0,0,0,0,0,1,0,0,0,1,130442.0
5.0,10.0,10.0,6.0,7.0,1.0,2,0.0,17,1,1,1,1,1,1,1,1,1,1,1,51555.0
3.0,7.0,5.0,5.0,3.0,1.0,6,1.0,6,0,1,1,0,1,0,0,1,0,0,1,37592.0
3.0,5.0,3.0,5.0,4.0,2.0,9,1.0,7,1,1,1,1,0,1,0,0,0,0,1,70063.0
13.0,13.0,13.0,5.0,5.0,0.0,6,0.0,7,1,1,1,1,0,1,0,0,0,0,1,22409.0
11.0,14.0,11.0,6.0,5.0,0.0,8,0.0,7,1,1,1,1,0,0,0,0,1,0,1,80000.0
7.0,10.0,7.0,5.0,4.0,1.0,4,0.0,3,1,1,0,1,0,0,0,0,0,0,1,28712.0
7.0,3.0,3.0,6.0,5.0,0.0,8,10.0,2,0,0,0,0,0,1,0,0,0,0,1,40814.0
12.0,12.0,10.0,3.0,9.0,0.0,4,2.0,5,1,1,1,0,0,0,0,0,0,1,1,55032.0
5.0,7.0,10.0,5.0,3.0,2.0,4,0.0,5,0,1,1,0,1,0,0,1,0,0,1,10767.0
1.0,7.0,10.0,6.0,2.0,1.0,3,10.0,1,1,0,0,0,0,0,0,0,0,0,1,59073.0
30.0,39.0,30.0,3.0,4.0,2.0,10,0.0,5,0,1,0,1,0,1,0,0,0,0,1,190000.0
16.0,21.0,16.0,6.0,4.0,0.0,6,1.0,1,0,0,0,0,1,0,0,0,0,0,1,54777.0
10.0,12.0,10.0,3.0,4.0,0.0,6,1.0,6,1,1,1,0,0,0,0,1,0,0,1,53703.0
19.0,22.0,19.0,5.0,5.0,0.0,10,10.0,6,0,1,0,1,0,1,0,1,1,0,1,150000.0
32.0,43.0,10.0,6.0,3.0,0.0,10,6.0,1,0,0,0,0,0,1,0,0,0,0,1,175000.0
20.0,23.0,10.0,6.0,9.0,0.0,8,10.0,3,0,0,0,0,0,0,1,0,0,0,1,86394.0
26.0,30.0,30.0,2.0,5.0,0.0,10,1.0,3,0,0,0,1,0,1,0,0,0,0,1,105000.0
3.0,10.0,3.0,5.0,9.0,1.0,10,1.0,2,1,0,0,1,0,0,0,0,0,0,1,131000.0
25.0,35.0,26.0,5.0,5.0,1.0,7,1.0,2,1,0,0,0,1,0,0,0,0,0,1,50481.0
17.0,23.0,17.0,6.0,2.0,0.0,4,10.0,11,1,1,1,1,1,0,1,0,0,0,0,59817.0
27.0,30.0,10.0,7.0,3.0,1.0,10,10.0,1,0,1,0,0,0,0,0,0,0,0,1,200000.0
2.0,15.0,14.0,6.0,6.0,1.0,6,9.0,4,1,0,0,1,0,0,1,0,0,0,1,62000.0
5.0,10.0,5.0,5.0,4.0,1.0,5,2.0,4,0,1,1,0,1,1,0,0,0,0,1,83777.0
10.0,10.0,10.0,5.0,9.0,0.0,10,10.0,7,1,1,0,1,0,1,0,0,0,0,1,215000.0
8.0,12.0,8.0,6.0,5.0,1.0,8,3.0,7,1,1,1,1,0,1,0,0,0,0,1,64000.0
4.0,13.0,4.0,6.0,2.0,0.0,2,0.0,2,0,0,1,0,0,0,0,0,0,1,1,40814.0
12.0,15.0,10.0,6.0,3.0,1.0,2,4.0,2,1,0,0,1,0,0,0,0,0,0,1,59073.0
2.0,5.0,3.0,5.0,6.0,2.0,5,10.0,7,0,1,1,1,0,0,1,1,1,0,1,38666.0
41.0,42.0,10.0,5.0,5.0,0.0,6,0.0,9,0,1,0,0,1,0,0,0,1,0,1,122222.0
4.0,12.0,4.0,5.0,7.0,1.0,1,0.0,7,1,0,1,1,1,0,0,0,0,1,1,87231.0
3.0,7.0,7.0,3.0,1.0,1.0,1,10.0,8,0,1,1,0,0,1,1,0,0,1,1,34893.0
24.0,35.0,34.0,5.0,2.0,2.0,6,10.0,2,0,0,0,0,0,1,1,0,0,0,1,32610.0
27.0,32.0,31.0,7.0,8.0,1.0,9,10.0,6,0,1,0,1,1,0,0,0,0,0,1,73885.0
20.0,24.0,24.0,5.0,4.0,2.0,0,0.0,8,0,1,0,1,1,0,0,1,0,0,1,13054.0
20.0,22.0,20.0,3.0,9.0,0.0,10,8.0,9,1,1,0,1,0,1,0,0,0,0,1,163000.0
11.0,17.0,10.0,6.0,5.0,0.0,5,10.0,18,1,1,0,1,0,1,1,1,1,1,1,139628.0
10.0,16.0,11.0,6.0,3.0,0.0,6,1.0,3,1,1,1,0,0,0,0,0,0,0,1,39364.0
18.0,21.0,18.0,5.0,5.0,0.0,10,1.0,6,1,1,0,1,0,0,0,0,0,0,1,305000.0
10.0,14.0,14.0,5.0,4.0,1.0,6,0.0,8,0,1,1,1,1,0,0,0,0,0,1,53475.0
8.0,14.0,8.0,5.0,5.0,1.0,6,1.0,3,0,1,0,1,0,1,0,0,0,0,1,32222.0
7.0,8.0,7.0,3.0,8.0,0.0,6,0.0,5,0,1,1,0,0,0,0,1,0,0,1,37592.0
1.0,2.0,10.0,5.0,5.0,1.0,6,2.0,4,1,1,1,0,0,0,0,1,0,0,1,18531.0
17.0,20.0,20.0,6.0,4.0,1.0,6,0.0,7,0,1,1,1,0,1,0,0,0,0,1,200550.0
1.0,3.0,10.0,3.0,4.0,1.0,6,2.0,4,0,1,1,1,0,0,0,0,0,0,1,20000.0
17.0,26.0,10.0,5.0,4.0,0.0,10,1.0,4,0,1,0,0,0,0,0,0,1,1,1,150000.0
21.0,24.0,10.0,5.0,4.0,0.0,6,1.0,13,0,1,1,1,1,1,0,1,0,0,1,109840.0
2.0,6.0,4.0,3.0,4.0,1.0,6,10.0,7,1,1,0,0,0,0,1,1,0,0,1,22272.0
22.0,25.0,22.0,6.0,6.0,1.0,3,0.0,4,0,1,1,0,0,1,1,0,0,0,1,96666.0
25.0,35.0,25.0,5.0,4.0,0.0,6,1.0,4,0,0,1,1,0,0,0,0,0,0,1,118919.0
10.0,11.0,10.0,4.0,5.0,0.0,1,2.0,4,0,1,1,0,0,0,0,0,0,0,1,217023.0
18.0,25.0,10.0,3.0,1.0,0.0,6,10.0,7,0,1,1,1,1,1,0,0,0,0,0,150369.0
4.0,10.0,4.0,5.0,6.0,1.0,9,0.0,9,1,1,1,1,1,1,0,0,0,0,1,65605.0
15.0,15.0,18.0,6.0,9.0,0.0,3,10.0,7,1,0,0,0,1,1,0,0,0,0,1,83777.0
0.0,5.0,10.0,3.0,3.0,2.0,9,1.0,4,1,0,0,0,0,0,0,0,0,1,1,27771.0
3.0,7.0,3.0,5.0,2.0,1.0,5,0.0,7,1,1,1,1,0,0,0,1,0,0,1,45111.0
2.0,8.0,2.0,5.0,9.0,1.0,10,0.0,4,1,1,1,1,0,0,0,0,0,0,1,69000.0
15.0,19.0,19.0,5.0,9.0,1.0,0,1.0,2,0,0,0,1,0,1,0,0,0,0,1,16784.0
35.0,38.0,36.0,5.0,4.0,0.0,9,0.0,7,0,1,1,1,0,1,0,0,0,0,1,106369.0
6.0,8.0,10.0,6.0,7.0,0.0,10,1.0,4,1,1,0,0,0,1,0,0,0,0,0,120000.0
8.0,22.0,8.0,6.0,5.0,1.0,5,0.0,8,0,0,1,1,1,1,0,1,0,1,1,85925.0
2.0,7.0,7.0,2.0,3.0,2.0,3,0.0,7,0,1,1,1,1,1,0,0,0,1,1,10311.0
4.0,13.0,5.0,6.0,4.0,2.0,6,9.0,7,1,1,0,0,0,0,1,0,0,1,1,56156.0
30.0,40.0,10.0,5.0,7.0,0.0,10,0.0,7,0,1,0,1,0,0,0,0,1,0,1,213000.0
8.0,13.0,6.0,6.0,4.0,0.0,8,0.0,1,1,0,0,0,0,0,0,0,0,0,1,59241.0
1.0,2.0,10.0,5.0,3.0,2.0,10,0.0,5,1,1,1,0,0,1,0,0,0,0,1,80000.0
7.0,15.0,8.0,3.0,2.0,2.0,1,10.0,11,1,1,1,1,0,0,0,1,0,0,0,14539.0
2.0,7.0,10.0,5.0,3.0,2.0,6,1.0,1,0,0,0,0,0,0,0,0,0,0,1,51507.0
15.0,33.0,20.0,7.0,9.0,1.0,10,10.0,4,1,0,0,0,0,0,1,0,0,0,1,200000.0
5.0,9.0,5.0,5.0,4.0,2.0,6,0.0,5,0,1,1,1,1,0,0,0,0,0,1,51662.0
6.0,10.0,5.0,5.0,6.0,2.0,6,1.0,8,0,1,0,1,1,0,0,0,1,0,1,40476.0
2.0,6.0,2.0,5.0,4.0,1.0,6,0.0,8,1,1,1,1,1,0,0,0,0,0,1,77347.0
9.0,15.0,9.0,6.0,5.0,0.0,0,3.0,3,1,0,1,1,0,0,0,0,0,0,1,24243.0
3.0,7.0,1.0,5.0,9.0,1.0,10,0.0,11,1,1,1,1,1,0,1,0,1,1,1,87500.0
24.0,24.0,10.0,5.0,2.0,1.0,6,8.0,5,0,1,0,1,0,1,0,1,0,0,0,86039.0
2.0,11.0,2.0,5.0,8.0,1.0,3,8.0,4,0,0,0,1,0,1,1,0,0,0,1,69814.0
10.0,16.0,10.0,5.0,9.0,0.0,6,6.0,3,0,1,1,0,0,0,0,0,0,0,1,70008.0
16.0,25.0,10.0,3.0,9.0,0.0,5,0.0,3,0,1,1,0,0,0,0,0,0,0,1,115999.0
12.0,14.0,12.0,3.0,5.0,1.0,6,1.0,4,1,1,1,1,0,0,0,0,0,0,1,116572.0
6.0,15.0,6.0,6.0,4.0,1.0,6,2.0,4,0,1,1,0,0,0,0,0,0,0,1,64444.0
6.0,9.0,10.0,5.0,6.0,1.0,10,3.0,4,1,0,0,1,0,0,1,0,0,0,1,300000.0
8.0,11.0,7.0,6.0,8.0,2.0,10,10.0,5,1,0,0,0,0,0,0,0,0,0,0,35000.0
20.0,34.0,10.0,7.0,2.0,1.0,6,5.0,4,0,0,0,1,0,0,1,0,0,0,1,59073.0
3.0,6.0,3.0,5.0,6.0,0.0,8,2.0,3,0,1,1,0,0,0,0,0,0,0,1,15600.0
5.0,20.0,15.0,6.0,6.0,0.0,6,0.0,5,0,1,1,0,0,1,0,0,0,0,1,42649.0
7.0,20.0,7.0,5.0,7.0,1.0,6,8.0,3,0,0,1,0,0,1,0,0,0,1,1,67666.0
3.0,10.0,10.0,5.0,9.0,1.0,3,9.0,3,1,0,0,0,0,0,1,0,0,0,1,67988.0
4.0,10.0,10.0,3.0,2.0,0.0,6,10.0,8,1,1,1,1,0,0,0,0,0,1,1,11000.0
18.0,18.0,18.0,7.0,5.0,0.0,6,0.0,4,0,0,1,0,0,1,0,0,0,0,1,53782.0
12.0,10.0,10.0,3.0,4.0,1.0,4,0.0,7,1,1,1,1,0,0,0,0,0,0,1,20338.0
36.0,40.0,40.0,6.0,2.0,1.0,6,0.0,3,0,0,1,1,0,1,0,0,0,0,0,43047.0
10.0,13.0,10.0,6.0,5.0,1.0,6,0.0,3,0,1,1,0,1,0,0,0,0,0,1,155984.0
10.0,10.0,10.0,6.0,5.0,0.0,6,1.0,1,0,0,0,0,0,0,0,0,0,0,1,50915.0
19.0,28.0,19.0,5.0,6.0,2.0,10,8.0,6,0,0,0,1,0,1,0,0,0,0,1,140000.0
15.0,16.0,15.0,3.0,3.0,0.0,6,7.0,2,1,0,0,0,0,0,0,0,0,0,1,52629.0
5.0,6.0,5.0,3.0,8.0,1.0,10,6.0,5,0,1,1,1,0,0,0,0,0,0,1,130000.0
20.0,30.0,30.0,3.0,5.0,0.0,6,7.0,5,0,1,1,1,1,0,0,0,0,0,1,53703.0
2.0,6.0,2.0,2.0,9.0,1.0,9,1.0,2,0,0,0,0,0,0,0,0,1,0,1,66242.0
7.0,9.0,7.0,5.0,5.0,0.0,8,1.0,1,0,0,1,0,0,0,0,0,0,0,1,100710.0
9.0,18.0,9.0,5.0,7.0,1.0,10,8.0,4,0,0,0,0,0,1,1,0,0,0,1,120000.0
1.0,10.0,10.0,5.0,4.0,2.0,6,1.0,8,1,1,1,0,1,1,1,0,0,0,1,76796.0
6.0,10.0,10.0,5.0,1.0,0.0,9,0.0,10,0,1,1,1,1,1,0,0,0,0,0,82802.0
2.0,3.0,3.0,5.0,2.0,0.0,10,0.0,3,0,1,1,0,0,0,0,0,0,0,1,90000.0
9.0,12.0,10.0,6.0,9.0,1.0,6,4.0,2,0,0,0,1,0,0,0,0,0,0,1,161109.0
4.0,14.0,4.0,5.0,7.0,1.0,1,10.0,4,1,0,0,1,0,0,0,0,0,0,1,83597.0
3.0,15.0,6.0,3.0,3.0,2.0,10,10.0,5,0,0,0,0,1,1,0,0,0,0,1,98000.0
3.0,3.0,10.0,3.0,7.0,0.0,6,10.0,4,1,1,0,1,0,0,0,0,1,0,0,39000.0
19.0,22.0,19.0,5.0,4.0,1.0,6,1.0,4,0,1,1,0,0,0,0,0,1,0,1,161905.0
4.0,10.0,7.0,5.0,4.0,1.0,6,0.0,5,1,1,1,0,0,0,0,0,0,0,1,40277.0
6.0,20.0,10.0,7.0,5.0,1.0,10,0.0,6,1,0,1,1,0,0,0,0,0,0,1,125000.0
3.0,8.0,3.0,6.0,6.0,1.0,2,0.0,4,0,1,0,1,0,1,0,0,0,0,1,53869.0
10.0,13.0,10.0,7.0,4.0,2.0,7,4.0,2,0,0,0,1,0,1,0,0,0,0,1,40814.0
2.0,5.0,2.0,5.0,4.0,1.0,6,1.0,7,0,1,1,1,0,0,0,1,0,0,1,38666.0
27.0,30.0,27.0,7.0,4.0,1.0,8,0.0,17,1,1,1,1,1,1,1,1,0,0,1,24684.0
8.0,12.0,12.0,5.0,9.0,0.0,6,3.0,3,0,1,0,1,0,0,0,0,0,0,0,132132.0
1.0,3.0,1.0,4.0,3.0,2.0,7,8.0,2,0,0,0,0,1,0,0,0,0,0,1,19870.0
18.0,20.0,19.0,2.0,3.0,0.0,6,1.0,2,0,0,0,1,1,0,0,0,0,0,1,74400.0
16.0,20.0,16.0,3.0,9.0,1.0,6,10.0,3,1,0,0,0,0,0,0,0,0,0,1,53947.0
20.0,20.0,10.0,7.0,6.0,0.0,6,1.0,12,1,1,0,1,1,0,1,1,1,0,1,200000.0
12.0,15.0,23.0,6.0,4.0,1.0,9,0.0,7,0,1,1,0,0,1,0,0,0,0,1,96815.0
13.0,15.0,15.0,3.0,7.0,0.0,6,0.0,4,1,1,0,0,0,0,0,0,0,0,1,25000.0
8.0,12.0,10.0,5.0,5.0,2.0,10,10.0,7,1,1,0,1,0,0,0,0,0,0,1,110000.0
9.0,14.0,9.0,5.0,9.0,1.0,10,10.0,8,1,1,0,0,1,1,1,0,1,0,1,122000.0
15.0,21.0,15.0,5.0,7.0,1.0,9,0.0,4,0,1,1,1,0,1,0,0,0,0,1,133757.0
9.0,10.0,10.0,3.0,3.0,0.0,10,10.0,3,0,1,0,0,0,0,0,0,0,0,1,208000.0
8.0,9.0,10.0,6.0,4.0,1.0,2,0.0,5,1,1,0,1,0,1,0,0,0,0,1,55851.0
7.0,9.0,7.0,2.0,9.0,1.0,2,9.0,17,1,1,1,1,1,0,1,0,1,1,1,67666.0
2.0,4.0,2.0,5.0,5.0,2.0,3,0.0,4,1,1,0,0,0,0,0,0,0,1,1,50266.0
10.0,12.0,10.0,5.0,3.0,0.0,1,0.0,3,0,1,0,0,0,0,0,1,0,0,1,50885.0
5.0,8.0,5.0,5.0,4.0,0.0,8,0.0,3,0,1,1,0,0,0,0,0,0,0,1,60000.0
3.0,6.0,10.0,6.0,8.0,1.0,10,0.0,2,0,0,1,0,0,1,0,0,0,0,1,135000.0
2.0,7.0,2.0,5.0,8.0,1.0,3,0.0,8,1,1,1,0,0,0,0,1,1,0,1,25777.0
7.0,8.0,10.0,6.0,3.0,0.0,6,2.0,5,0,1,1,1,0,0,0,0,0,0,1,46320.0
3.0,4.0,10.0,2.0,4.0,0.0,9,0.0,9,1,1,1,1,0,0,0,1,0,1,1,57325.0
34.0,41.0,39.0,5.0,5.0,0.0,10,1.0,6,0,1,0,1,0,0,0,0,0,0,1,140000.0
3.0,13.0,10.0,6.0,5.0,2.0,3,10.0,4,1,1,0,1,0,0,0,0,0,0,1,40814.0
25.0,28.0,30.0,5.0,5.0,1.0,1,0.0,5,0,1,0,1,0,0,0,0,1,0,1,109039.0
3.0,17.0,3.0,6.0,8.0,2.0,10,10.0,11,1,1,1,1,0,0,0,0,0,1,1,104615.0
0.0,1.0,10.0,2.0,3.0,0.0,10,1.0,7,1,1,1,1,0,0,0,0,0,0,1,40000.0
4.0,7.0,4.0,6.0,7.0,1.0,2,10.0,2,1,0,0,0,0,0,0,0,0,0,1,21481.0
17.0,40.0,17.0,5.0,3.0,0.0,6,0.0,8,1,1,1,1,0,0,1,1,1,0,1,37592.0
2.0,3.0,2.0,5.0,4.0,2.0,8,2.0,4,0,1,1,0,0,0,0,0,0,0,1,11848.0
1.0,3.0,1.0,3.0,5.0,1.0,10,1.0,3,0,0,0,0,0,0,0,0,0,1,1,60000.0
17.0,27.0,25.0,3.0,7.0,1.0,6,8.0,8,1,1,0,0,0,0,1,0,0,0,1,89087.0
13.0,14.0,13.0,5.0,3.0,0.0,5,0.0,8,0,1,1,1,0,1,0,0,0,0,0,134258.0
13.0,23.0,10.0,4.0,4.0,0.0,6,1.0,4,0,1,0,0,1,0,0,0,0,0,0,148479.0
28.0,37.0,35.0,5.0,5.0,1.0,6,6.0,6,0,1,1,1,0,1,0,0,0,0,0,81407.0
23.0,23.0,23.0,3.0,6.0,0.0,3,1.0,7,1,1,0,1,0,1,0,0,0,1,1,99888.0
5.0,10.0,10.0,7.0,9.0,0.0,6,10.0,13,1,1,0,1,1,1,1,0,0,0,1,53703.0
12.0,15.0,12.0,5.0,3.0,2.0,10,10.0,10,1,0,1,1,0,1,0,0,0,0,1,55000.0
10.0,14.0,14.0,5.0,5.0,1.0,5,4.0,2,1,0,0,1,0,0,0,0,0,0,1,96666.0
4.0,10.0,4.0,3.0,9.0,0.0,6,1.0,5,1,1,1,1,0,0,0,0,0,0,0,59288.0
10.0,16.0,10.0,5.0,7.0,1.0,6,0.0,3,0,0,0,1,1,0,0,0,0,0,1,107406.0
7.0,7.0,7.0,6.0,2.0,0.0,6,0.0,7,0,1,1,1,0,1,0,0,0,0,1,40000.0
5.0,9.0,10.0,5.0,4.0,1.0,10,2.0,4,0,1,1,0,1,0,0,0,0,0,1,97000.0
9.0,10.0,9.0,7.0,8.0,1.0,3,10.0,3,1,0,0,0,0,0,1,0,0,0,1,96666.0
28.0,30.0,30.0,5.0,8.0,0.0,6,10.0,4,1,0,0,1,1,0,0,0,0,0,1,148413.0
10.0,15.0,15.0,3.0,9.0,0.0,6,2.0,2,0,0,0,0,0,0,0,0,0,0,0,120000.0
10.0,10.0,13.0,6.0,5.0,0.0,3,5.0,2,1,0,0,0,0,0,0,0,1,0,1,107406.0
18.0,18.0,18.0,5.0,9.0,1.0,1,0.0,10,1,1,1,1,1,0,0,1,0,0,1,58154.0
10.0,17.0,10.0,5.0,6.0,0.0,9,4.0,2,0,1,0,0,1,0,0,0,0,0,1,121018.0
8.0,13.0,10.0,6.0,9.0,0.0,7,10.0,3,0,1,0,0,1,0,0,0,0,0,1,96666.0
2.0,4.0,10.0,6.0,2.0,0.0,6,0.0,2,0,0,1,0,1,0,0,0,0,0,1,15075.0
46.0,51.0,10.0,6.0,1.0,1.0,10,9.0,2,1,0,0,0,0,0,1,0,0,0,0,120000.0
26.0,35.0,26.0,5.0,7.0,2.0,10,10.0,5,0,0,0,1,0,0,0,1,1,0,1,251000.0
30.0,30.0,10.0,6.0,6.0,2.0,6,9.0,7,1,0,0,1,0,1,0,0,0,0,1,80713.0
0.0,3.0,1.0,2.0,5.0,1.0,6,1.0,4,0,1,0,1,0,1,0,0,0,0,1,10435.0
3.0,8.0,10.0,5.0,5.0,1.0,6,0.0,11,1,1,0,0,1,0,0,1,1,1,0,59073.0
10.0,16.0,12.0,7.0,7.0,1.0,3,10.0,2,1,0,0,0,0,0,0,0,0,0,1,110628.0
8.0,10.0,10.0,5.0,6.0,1.0,10,1.0,1,0,0,0,0,1,0,0,0,0,0,1,104000.0
11.0,20.0,11.0,5.0,4.0,1.0,6,10.0,3,1,0,0,1,0,0,0,0,0,0,1,122913.0
17.0,22.0,17.0,6.0,8.0,0.0,10,1.0,2,1,0,0,0,0,0,0,0,0,0,1,205000.0
3.0,16.0,3.0,5.0,4.0,0.0,10,2.0,5,0,1,1,0,0,1,0,1,0,0,1,130000.0
2.0,5.0,2.0,5.0,7.0,1.0,4,1.0,7,1,1,0,1,1,0,0,0,0,0,1,13160.0
4.0,6.0,5.0,6.0,5.0,1.0,8,2.0,3,0,1,1,0,0,0,0,0,0,0,1,36000.0
11.0,12.0,11.0,5.0,6.0,1.0,10,4.0,5,1,0,0,1,1,0,0,0,0,0,1,330000.0
16.0,19.0,16.0,5.0,3.0,0.0,6,10.0,4,1,1,0,1,0,0,0,0,0,0,1,81077.0
17.0,20.0,17.0,6.0,4.0,0.0,6,0.0,7,1,1,1,0,0,0,0,1,0,0,0,112000.0
4.0,6.0,10.0,4.0,7.0,2.0,10,0.0,7,1,1,1,1,0,1,0,0,0,0,1,72000.0
11.0,13.0,10.0,3.0,3.0,1.0,6,10.0,5,1,0,1,0,0,1,1,0,0,0,0,64444.0
6.0,10.0,6.0,6.0,7.0,0.0,8,1.0,4,1,0,0,0,0,0,0,0,1,0,1,66000.0
4.0,8.0,10.0,5.0,7.0,1.0,6,1.0,6,1,1,0,0,0,0,1,0,0,0,1,20143.0
12.0,14.0,12.0,3.0,9.0,1.0,10,1.0,4,1,0,0,0,1,0,0,0,0,1,1,350000.0
12.0,20.0,13.0,6.0,6.0,1.0,10,1.0,6,1,1,0,0,0,0,1,0,1,0,1,220000.0
12.0,12.0,12.0,3.0,7.0,0.0,0,0.0,5,1,1,1,0,0,0,0,1,0,0,1,33568.0
7.0,10.0,20.0,3.0,7.0,2.0,6,1.0,1,0,0,1,0,0,0,0,0,0,0,1,27545.0
17.0,26.0,17.0,5.0,7.0,1.0,9,10.0,5,0,1,0,1,0,1,0,1,0,0,1,114649.0
3.0,6.0,3.0,4.0,4.0,2.0,10,0.0,7,0,1,1,1,0,1,1,0,1,0,1,95000.0
11.0,13.0,13.0,5.0,4.0,0.0,8,10.0,3,1,0,0,0,1,0,0,0,0,0,1,75000.0
12.0,15.0,14.0,5.0,5.0,2.0,4,0.0,4,0,1,1,1,0,0,0,0,0,0,1,32301.0
9.0,9.0,10.0,6.0,9.0,1.0,9,3.0,2,1,0,0,1,0,0,0,0,0,0,1,171974.0
4.0,4.0,4.0,5.0,4.0,1.0,6,0.0,13,0,1,1,1,1,1,0,0,0,0,1,57175.0
4.0,6.0,4.0,3.0,7.0,1.0,9,0.0,5,0,1,0,1,0,1,0,0,0,0,1,40764.0
24.0,26.0,25.0,6.0,7.0,1.0,10,1.0,1,0,0,0,0,1,0,0,0,0,0,1,170000.0
8.0,11.0,8.0,4.0,3.0,1.0,2,2.0,3,0,1,1,0,0,0,0,0,0,0,1,48333.0
9.0,15.0,10.0,5.0,4.0,1.0,9,2.0,5,0,1,1,0,0,0,0,0,0,0,1,222929.0
10.0,14.0,12.0,6.0,6.0,0.0,6,0.0,2,0,1,0,0,1,0,0,0,0,0,1,56388.0
2.0,16.0,10.0,6.0,4.0,2.0,10,0.0,7,1,1,1,1,0,0,0,0,0,1,1,60000.0
12.0,22.0,10.0,5.0,7.0,0.0,10,1.0,11,1,1,0,1,1,0,0,0,0,1,1,140000.0
12.0,15.0,12.0,3.0,3.0,1.0,5,1.0,6,1,1,0,1,0,0,0,1,0,0,1,64444.0
1.0,3.0,1.0,6.0,7.0,2.0,6,0.0,5,0,1,0,1,0,1,0,0,0,0,1,23163.0
8.0,11.0,8.0,6.0,2.0,1.0,6,0.0,5,0,1,1,1,0,0,0,0,0,0,1,84232.0
2.0,9.0,10.0,6.0,9.0,1.0,10,9.0,14,1,1,0,1,1,0,0,0,0,1,1,73000.0
10.0,15.0,10.0,5.0,3.0,1.0,6,9.0,6,1,0,0,1,0,0,0,0,0,0,1,46795.0
8.0,12.0,10.0,6.0,4.0,2.0,7,9.0,4,1,0,0,0,0,0,1,0,0,0,1,42962.0
7.0,7.0,10.0,6.0,9.0,1.0,6,2.0,3,0,1,1,0,0,0,0,0,0,0,1,40336.0
12.0,20.0,10.0,7.0,9.0,1.0,6,10.0,3,1,0,0,0,0,0,0,0,0,0,0,38154.0
6.0,9.0,6.0,5.0,4.0,1.0,6,6.0,2,0,1,1,0,0,0,0,0,0,0,1,27066.0
2.0,5.0,10.0,4.0,4.0,0.0,6,0.0,7,1,1,1,1,0,1,0,1,0,0,1,29659.0
3.0,5.0,3.0,5.0,4.0,1.0,6,0.0,9,1,1,0,1,0,1,0,1,1,0,1,36884.0
15.0,21.0,10.0,3.0,5.0,0.0,6,0.0,4,0,0,1,1,0,1,0,0,1,0,1,115615.0
4.0,5.0,10.0,5.0,7.0,1.0,9,4.0,4,1,0,0,1,0,0,1,0,0,0,1,89172.0
4.0,9.0,4.0,5.0,8.0,0.0,10,10.0,3,1,0,0,0,1,0,0,0,0,0,1,87000.0
40.0,45.0,45.0,3.0,5.0,1.0,10,8.0,2,0,0,0,1,0,1,0,0,0,0,1,150000.0
3.0,4.0,3.0,2.0,3.0,1.0,6,0.0,2,0,1,0,0,0,0,0,1,0,0,1,32222.0
23.0,38.0,10.0,2.0,9.0,0.0,7,10.0,3,1,0,0,1,0,0,0,0,0,0,1,69814.0
3.0,4.0,3.0,6.0,5.0,0.0,1,2.0,3,0,1,1,0,0,0,0,0,0,0,1,58154.0
36.0,40.0,38.0,3.0,5.0,0.0,9,0.0,5,0,1,1,0,0,0,1,0,1,0,1,165604.0
25.0,38.0,25.0,5.0,4.0,2.0,6,1.0,5,0,0,0,1,0,0,0,1,0,0,1,129524.0
19.0,23.0,10.0,6.0,4.0,1.0,1,1.0,3,0,1,0,1,1,0,0,0,0,0,1,76691.0
3.0,4.0,3.0,3.0,4.0,0.0,9,0.0,5,0,1,1,1,0,0,0,1,0,0,1,57325.0
0.0,5.0,1.0,6.0,7.0,2.0,2,10.0,3,1,0,0,0,0,0,0,0,0,0,1,19333.0
3.0,8.0,10.0,3.0,5.0,1.0,6,0.0,6,0,1,0,1,1,0,0,1,0,0,1,53703.0
22.0,34.0,10.0,3.0,5.0,2.0,6,0.0,6,1,1,0,1,0,0,1,0,0,0,1,102950.0
37.0,40.0,10.0,6.0,4.0,1.0,10,9.0,6,1,0,0,0,1,0,1,0,0,0,1,222000.0
10.0,12.0,12.0,6.0,5.0,1.0,6,3.0,3,1,0,0,1,0,0,0,0,0,0,1,161905.0
6.0,7.0,6.0,3.0,8.0,1.0,6,4.0,2,1,0,0,1,0,0,0,0,0,0,1,37592.0
4.0,8.0,6.0,5.0,9.0,1.0,4,9.0,9,1,1,1,1,1,0,1,1,0,0,1,17945.0
13.0,17.0,13.0,6.0,5.0,0.0,3,1.0,8,1,0,0,1,1,0,1,0,0,1,1,69814.0
5.0,13.0,10.0,5.0,5.0,0.0,3,10.0,7,0,1,1,1,0,0,0,1,0,1,1,70888.0
0.0,6.0,10.0,2.0,6.0,2.0,3,2.0,7,0,1,1,1,1,1,1,0,0,0,0,17185.0
1.0,4.0,10.0,5.0,5.0,2.0,10,10.0,8,1,1,1,1,0,0,1,0,0,0,1,84000.0
25.0,35.0,25.0,5.0,6.0,0.0,10,1.0,8,0,1,0,1,0,1,0,0,0,0,1,186000.0
3.0,5.0,10.0,5.0,4.0,0.0,6,0.0,5,0,1,1,1,0,0,0,0,0,0,1,18000.0
11.0,15.0,11.0,5.0,9.0,1.0,4,7.0,5,0,1,0,0,1,0,0,0,0,0,1,41872.0
8.0,10.0,10.0,6.0,2.0,0.0,8,0.0,4,0,1,1,1,0,0,0,1,0,0,1,39494.0
5.0,10.0,5.0,4.0,8.0,0.0,10,2.0,4,0,1,1,0,0,0,0,0,1,0,1,159500.0
28.0,33.0,28.0,5.0,5.0,0.0,9,1.0,11,0,1,1,1,1,1,1,0,0,0,1,98089.0
2.0,6.0,2.0,5.0,7.0,1.0,6,0.0,5,0,1,0,0,0,1,0,0,0,0,1,45111.0
15.0,15.0,15.0,3.0,5.0,0.0,10,10.0,6,1,1,1,1,0,0,0,1,0,0,1,100000.0
25.0,40.0,10.0,1.0,1.0,0.0,7,0.0,7,0,1,1,1,0,1,0,1,0,0,0,59073.0
17.0,25.0,17.0,6.0,5.0,0.0,6,5.0,5,0,1,0,0,0,0,0,0,1,0,1,68677.0
7.0,10.0,7.0,6.0,4.0,0.0,8,1.0,5,1,1,1,1,0,1,0,0,0,0,1,86400.0
7.0,13.0,7.0,5.0,9.0,0.0,10,1.0,3,1,1,0,0,0,0,0,0,0,0,1,132400.0
2.0,8.0,10.0,5.0,4.0,2.0,6,0.0,5,0,1,1,1,0,1,0,0,0,0,1,50554.0
5.0,6.0,10.0,5.0,4.0,2.0,6,2.0,3,0,1,1,0,0,0,0,0,0,0,1,12830.0
5.0,6.0,5.0,5.0,2.0,0.0,10,1.0,6,0,1,1,1,0,0,0,0,1,1,0,250000.0
3.0,8.0,10.0,6.0,4.0,1.0,6,0.0,10,1,1,0,1,0,1,0,0,1,0,1,21481.0
5.0,10.0,5.0,5.0,4.0,1.0,3,0.0,4,0,1,1,0,0,0,0,1,0,0,1,41888.0
4.0,9.0,6.0,3.0,5.0,0.0,10,0.0,8,1,1,0,1,0,1,0,0,0,0,1,105000.0
12.0,14.0,10.0,5.0,9.0,0.0,10,4.0,3,1,0,0,1,0,0,0,0,0,0,1,140000.0
0.0,14.0,1.0,2.0,4.0,0.0,6,2.0,3,0,1,1,0,0,0,0,0,0,0,1,14848.0
10.0,25.0,10.0,5.0,9.0,1.0,6,0.0,9,1,1,1,1,0,1,0,0,0,1,1,105706.0
14.0,16.0,10.0,5.0,9.0,0.0,0,0.0,8,0,1,1,1,1,1,0,0,0,0,1,242433.0
8.0,10.0,10.0,2.0,9.0,0.0,3,0.0,6,0,1,1,1,1,0,0,0,0,0,1,80555.0
3.0,11.0,5.0,5.0,5.0,1.0,10,0.0,13,1,1,1,1,1,0,1,1,1,0,1,74000.0
1.0,4.0,2.0,5.0,8.0,1.0,6,0.0,8,1,1,1,1,1,0,0,0,1,0,1,10363.0
8.0,14.0,8.0,2.0,6.0,0.0,6,0.0,8,1,1,1,0,1,1,0,0,0,1,1,98986.0
2.0,6.0,10.0,4.0,3.0,2.0,3,5.0,9,1,1,1,1,0,0,0,0,0,0,1,49407.0
4.0,5.0,5.0,5.0,8.0,1.0,6,0.0,4,0,1,0,1,1,0,0,0,0,0,1,12335.0
3.0,8.0,3.0,6.0,4.0,1.0,10,1.0,6,1,1,1,1,0,0,0,0,1,0,1,160000.0
30.0,35.0,30.0,4.0,4.0,1.0,6,0.0,3,0,1,0,1,1,0,0,0,0,0,1,102036.0
4.0,7.0,4.0,2.0,6.0,0.0,6,0.0,8,1,1,1,1,0,0,0,1,1,0,1,22800.0
17.0,20.0,12.0,3.0,6.0,0.0,10,0.0,8,1,1,1,1,0,0,0,1,1,0,1,220000.0
13.0,13.0,12.0,3.0,5.0,0.0,10,0.0,6,1,1,0,1,0,0,0,1,0,0,1,125000.0
10.0,10.0,10.0,2.0,5.0,0.0,6,7.0,3,0,0,0,0,1,0,0,0,0,0,1,91809.0
4.0,10.0,5.0,3.0,5.0,1.0,6,10.0,10,1,1,1,1,0,0,0,0,1,0,1,45111.0
7.0,15.0,10.0,5.0,4.0,1.0,6,2.0,3,1,1,1,0,0,0,0,0,0,0,1,92492.0
25.0,29.0,29.0,5.0,3.0,0.0,10,0.0,4,1,1,1,0,0,0,0,0,0,0,1,112000.0
6.0,12.0,10.0,6.0,3.0,1.0,6,1.0,3,1,1,0,1,0,0,0,0,0,0,1,118082.0
36.0,42.0,36.0,3.0,7.0,0.0,10,0.0,9,0,1,0,1,0,0,0,1,0,0,1,98000.0
10.0,13.0,10.0,6.0,4.0,0.0,6,1.0,4,0,1,1,0,0,0,0,0,0,0,1,160000.0
10.0,15.0,10.0,5.0,5.0,0.0,0,0.0,6,0,1,1,1,0,0,0,0,0,1,1,74160.0
8.0,12.0,10.0,6.0,2.0,0.0,8,0.0,1,0,0,0,0,1,0,0,0,0,0,1,27152.0
15.0,20.0,17.0,5.0,1.0,1.0,5,0.0,7,0,1,1,1,0,1,0,0,0,0,1,96666.0
6.0,7.0,10.0,5.0,2.0,2.0,6,3.0,2,1,0,0,0,0,0,1,0,0,0,1,67461.0
7.0,11.0,7.0,5.0,5.0,0.0,8,0.0,4,0,0,1,1,0,1,0,0,0,0,1,62796.0
9.0,20.0,10.0,6.0,9.0,1.0,3,8.0,2,0,0,0,0,0,1,0,0,0,0,1,91295.0
19.0,30.0,20.0,6.0,8.0,1.0,3,10.0,3,1,0,0,0,0,0,1,0,0,0,1,75184.0
2.0,5.0,10.0,5.0,7.0,1.0,6,1.0,1,0,0,0,0,1,0,0,0,0,0,1,48489.0
1.0,10.0,12.0,5.0,9.0,1.0,10,2.0,4,0,1,1,0,0,0,0,0,0,0,1,120000.0
11.0,15.0,10.0,5.0,5.0,1.0,4,8.0,12,1,1,1,1,1,1,1,0,0,0,1,65799.0
25.0,39.0,25.0,5.0,4.0,2.0,10,8.0,8,0,1,1,1,0,1,1,0,0,0,1,210000.0
20.0,24.0,10.0,5.0,1.0,0.0,10,8.0,6,0,1,0,1,0,1,0,0,0,0,0,300000.0
26.0,38.0,10.0,3.0,7.0,1.0,3,2.0,6,1,1,0,0,0,0,0,1,0,0,1,75184.0
5.0,10.0,10.0,2.0,4.0,1.0,6,1.0,4,0,1,0,0,0,0,0,1,1,0,1,29000.0
1.0,11.0,1.0,5.0,3.0,2.0,3,9.0,10,1,1,1,0,1,1,1,0,0,0,1,69814.0
13.0,17.0,13.0,5.0,8.0,1.0,9,10.0,7,1,0,0,0,1,0,0,0,1,0,1,79617.0
10.0,14.0,10.0,2.0,3.0,1.0,9,0.0,4,0,1,0,1,0,0,0,1,0,0,1,63694.0
23.0,30.0,23.0,3.0,9.0,1.0,3,1.0,4,0,0,1,1,0,1,0,0,0,0,1,104184.0
4.0,7.0,10.0,5.0,6.0,2.0,3,1.0,3,1,1,0,0,0,0,0,0,0,0,1,42962.0
6.0,8.0,10.0,5.0,3.0,2.0,3,7.0,1,0,0,0,0,0,0,0,0,0,0,1,56925.0
4.0,13.0,4.0,6.0,4.0,1.0,6,1.0,4,1,0,0,1,0,0,1,0,0,1,1,115778.0
5.0,9.0,5.0,5.0,4.0,1.0,8,10.0,6,0,1,0,0,0,1,1,0,0,0,1,43839.0
24.0,30.0,24.0,3.0,4.0,1.0,3,8.0,11,1,1,0,1,1,1,1,1,0,0,0,25777.0
11.0,16.0,11.0,5.0,3.0,1.0,3,0.0,7,0,1,1,0,1,0,1,1,0,0,1,45111.0
22.0,24.0,22.0,5.0,4.0,0.0,3,0.0,5,0,1,1,0,0,1,1,0,0,0,1,96666.0
19.0,30.0,19.0,5.0,5.0,0.0,10,1.0,5,1,1,1,0,0,0,0,0,0,0,1,175000.0
4.0,9.0,4.0,6.0,8.0,1.0,6,1.0,2,1,0,0,0,0,0,1,0,0,0,1,71534.0
28.0,32.0,10.0,6.0,9.0,1.0,10,0.0,18,1,1,1,1,1,1,1,1,1,0,1,130000.0
23.0,26.0,10.0,3.0,3.0,0.0,1,0.0,3,0,1,0,1,0,1,0,0,0,0,1,84324.0
10.0,15.0,10.0,5.0,5.0,0.0,10,1.0,6,1,0,0,1,1,0,0,0,0,0,1,120000.0
5.0,8.0,4.0,5.0,4.0,0.0,3,3.0,13,1,1,1,1,1,1,1,0,0,0,0,15037.0
13.0,15.0,13.0,6.0,9.0,0.0,6,1.0,6,1,0,0,1,1,0,0,0,0,0,1,53782.0
11.0,15.0,11.0,3.0,3.0,0.0,9,2.0,3,0,1,0,0,0,0,0,1,0,0,1,125000.0
6.0,12.0,6.0,6.0,5.0,1.0,3,10.0,2,0,0,0,0,0,0,0,0,0,0,1,37592.0
3.0,5.0,3.0,5.0,5.0,0.0,6,0.0,1,0,0,0,0,0,1,0,0,0,0,1,29696.0
17.0,17.0,10.0,5.0,5.0,1.0,6,0.0,4,0,1,0,0,1,0,0,0,0,0,1,104476.0
34.0,37.0,10.0,5.0,7.0,1.0,10,9.0,5,0,1,0,0,0,1,1,0,0,0,1,105000.0
2.0,5.0,2.0,3.0,9.0,0.0,1,0.0,1,0,0,0,0,0,0,0,0,0,0,0,69058.0
7.0,9.0,7.0,5.0,9.0,1.0,10,1.0,5,0,0,1,0,1,1,0,0,1,0,1,30000.0
7.0,9.0,10.0,6.0,5.0,1.0,8,0.0,6,1,1,1,1,0,1,0,0,0,0,1,70000.0
10.0,11.0,10.0,5.0,4.0,0.0,6,10.0,4,0,0,1,0,0,1,0,0,0,0,1,57000.0
11.0,14.0,10.0,6.0,4.0,0.0,10,0.0,1,0,1,0,0,0,0,0,0,0,0,1,179000.0
12.0,15.0,10.0,5.0,4.0,0.0,6,0.0,4,0,1,0,0,0,1,0,0,0,0,1,96666.0
5.0,10.0,17.0,4.0,9.0,1.0,10,0.0,4,1,1,1,0,0,0,0,0,0,1,1,220000.0
10.0,14.0,10.0,5.0,5.0,0.0,0,10.0,17,1,1,1,0,0,1,1,0,0,1,1,18649.0
1.0,9.0,10.0,5.0,2.0,1.0,10,0.0,4,0,0,0,1,0,1,1,0,0,0,1,57000.0
9.0,18.0,9.0,6.0,7.0,0.0,6,5.0,3,1,0,0,1,0,0,0,0,0,0,1,98986.0
3.0,5.0,3.0,7.0,3.0,2.0,7,0.0,8,1,1,0,1,0,0,1,1,0,0,1,23629.0
4.0,11.0,10.0,4.0,4.0,1.0,3,1.0,3,0,0,0,1,1,1,0,0,0,0,1,53703.0
0.0,2.0,1.0,4.0,5.0,1.0,3,9.0,2,1,0,0,1,0,0,0,0,0,0,1,45111.0
18.0,27.0,18.0,7.0,9.0,1.0,6,1.0,6,1,0,0,0,0,1,1,0,1,1,1,59391.0
18.0,21.0,18.0,5.0,2.0,0.0,6,0.0,7,0,1,1,1,0,1,0,0,0,0,0,122913.0
9.0,13.0,10.0,6.0,6.0,1.0,2,10.0,4,1,0,0,1,1,0,0,1,0,0,1,22769.0
7.0,9.0,10.0,5.0,1.0,0.0,6,0.0,3,0,1,1,0,0,0,0,0,1,0,0,137353.0
6.0,16.0,6.0,5.0,2.0,0.0,6,0.0,9,1,1,1,1,0,1,0,0,1,0,1,80713.0
3.0,9.0,3.0,3.0,8.0,1.0,6,0.0,4,0,1,0,0,0,1,0,1,0,0,1,21717.0
17.0,25.0,10.0,5.0,9.0,0.0,0,10.0,2,0,0,0,1,0,0,0,0,0,0,1,18649.0
5.0,11.0,10.0,6.0,6.0,1.0,6,1.0,2,0,0,0,0,0,1,0,0,0,1,1,84232.0
11.0,15.0,10.0,5.0,7.0,1.0,8,10.0,5,0,1,1,1,0,0,0,0,1,0,1,78407.0
23.0,37.0,23.0,2.0,9.0,1.0,3,8.0,6,1,0,0,1,1,0,1,0,0,0,1,96666.0
10.0,13.0,10.0,5.0,9.0,1.0,1,0.0,5,0,1,0,1,1,0,0,0,0,1,1,72693.0
8.0,15.0,9.0,5.0,4.0,1.0,10,0.0,6,1,1,1,1,0,1,0,0,0,0,1,180000.0
22.0,42.0,10.0,6.0,4.0,1.0,10,9.0,8,1,1,0,1,0,0,1,0,1,1,1,160000.0
3.0,5.0,5.0,3.0,5.0,1.0,7,1.0,2,0,0,0,1,1,0,0,0,0,0,1,42962.0
20.0,30.0,10.0,5.0,4.0,2.0,9,4.0,17,0,1,0,1,1,1,1,1,0,0,1,57325.0
14.0,18.0,10.0,3.0,1.0,1.0,1,2.0,2,0,1,0,0,0,0,0,0,0,0,0,43616.0
15.0,30.0,15.0,7.0,5.0,1.0,6,10.0,3,0,0,0,0,0,1,1,0,0,0,1,107406.0
5.0,8.0,10.0,6.0,4.0,1.0,6,10.0,7,1,0,0,0,0,0,1,0,0,0,1,53703.0
17.0,17.0,20.0,2.0,7.0,0.0,6,10.0,13,1,1,1,1,0,0,1,1,1,1,1,145345.0
3.0,6.0,3.0,5.0,7.0,2.0,7,9.0,4,1,0,0,0,0,0,1,0,0,0,1,41888.0
5.0,10.0,5.0,5.0,3.0,0.0,6,0.0,3,0,1,0,1,0,0,0,1,0,0,1,20000.0
21.0,26.0,10.0,6.0,9.0,1.0,2,10.0,1,0,0,0,0,1,0,0,0,0,0,1,82703.0
3.0,8.0,10.0,3.0,1.0,0.0,6,0.0,13,1,1,1,1,0,0,1,0,0,1,0,19820.0
10.0,20.0,10.0,5.0,6.0,0.0,10,1.0,9,1,1,1,1,0,0,0,0,0,0,1,111000.0
4.0,7.0,4.0,4.0,3.0,1.0,6,1.0,4,1,0,0,1,0,0,0,0,0,0,1,70000.0
9.0,13.0,9.0,5.0,2.0,2.0,4,1.0,4,1,1,0,1,0,0,0,0,0,0,1,17945.0
25.0,27.0,10.0,5.0,5.0,1.0,10,0.0,4,0,1,1,0,0,0,0,0,0,0,1,240000.0
8.0,13.0,8.0,6.0,9.0,1.0,6,10.0,2,1,0,0,0,0,0,1,0,0,0,1,96666.0
14.0,18.0,14.0,5.0,9.0,1.0,10,7.0,5,1,1,0,0,1,0,0,0,0,0,1,300000.0
3.0,5.0,10.0,6.0,6.0,2.0,6,10.0,5,1,0,0,0,0,0,1,0,1,1,1,38154.0
7.0,8.0,7.0,5.0,5.0,0.0,4,2.0,5,1,1,1,1,0,0,0,0,0,0,1,25123.0
6.0,10.0,10.0,6.0,6.0,1.0,6,1.0,4,1,0,0,1,0,0,0,0,0,0,1,71962.0
4.0,6.0,10.0,6.0,5.0,2.0,10,8.0,6,1,0,0,0,0,1,1,0,0,0,1,140000.0
16.0,17.0,16.0,5.0,7.0,1.0,6,0.0,7,1,1,1,1,1,0,0,0,0,0,1,48518.0
3.0,7.0,3.0,5.0,9.0,1.0,10,9.0,5,1,0,0,0,0,0,1,0,0,0,1,86500.0
12.0,43.0,35.0,7.0,2.0,0.0,1,10.0,4,0,0,0,1,0,1,0,0,0,0,0,180000.0
34.0,44.0,34.0,4.0,2.0,1.0,10,8.0,2,0,0,0,1,0,1,0,0,0,0,1,100000.0
12.0,12.0,12.0,7.0,5.0,2.0,3,3.0,1,0,0,0,0,0,0,0,0,0,0,1,112777.0
10.0,13.0,10.0,6.0,2.0,1.0,3,0.0,7,1,0,1,1,0,0,0,0,0,1,0,32222.0
11.0,16.0,10.0,5.0,5.0,0.0,6,1.0,4,0,0,0,1,0,0,0,0,0,0,1,92057.0
2.0,4.0,6.0,5.0,5.0,2.0,6,9.0,5,1,0,1,0,0,0,1,0,0,1,1,97143.0
12.0,15.0,10.0,5.0,7.0,1.0,4,1.0,1,0,0,0,0,1,0,0,0,0,0,1,23927.0
4.0,9.0,4.0,5.0,9.0,2.0,6,10.0,2,1,0,0,0,0,0,1,0,0,0,1,10935.0
23.0,29.0,10.0,5.0,4.0,1.0,10,9.0,5,0,1,0,0,0,1,1,0,0,1,1,197000.0
14.0,14.0,14.0,6.0,6.0,0.0,6,1.0,3,1,1,0,0,0,0,0,0,0,0,1,42392.0
8.0,10.0,10.0,7.0,3.0,1.0,6,10.0,3,1,0,0,0,0,0,0,0,0,0,1,34370.0
12.0,20.0,12.0,5.0,8.0,0.0,6,1.0,3,0,0,0,0,0,0,0,0,1,0,1,76205.0
2.0,6.0,2.0,5.0,5.0,0.0,10,0.0,6,1,1,1,0,0,1,0,0,1,0,1,65000.0
7.0,12.0,7.0,6.0,6.0,1.0,2,1.0,4,1,1,0,1,0,0,0,0,0,0,1,64444.0
9.0,9.0,9.0,5.0,8.0,1.0,10,4.0,5,1,1,0,1,1,0,0,0,0,0,1,108000.0
10.0,20.0,10.0,7.0,7.0,1.0,10,10.0,6,1,1,0,1,0,0,0,0,0,0,1,150000.0
18.0,25.0,10.0,5.0,4.0,2.0,6,2.0,2,0,1,1,0,0,0,0,0,0,0,1,91295.0
10.0,14.0,10.0,5.0,2.0,2.0,6,0.0,5,0,1,0,1,0,0,0,1,0,0,1,21564.0
8.0,12.0,8.0,5.0,7.0,0.0,10,9.0,4,1,0,0,0,0,0,1,0,0,0,1,130000.0
18.0,23.0,18.0,7.0,4.0,1.0,6,10.0,3,1,0,0,1,0,0,0,0,0,0,1,30074.0
10.0,10.0,16.0,6.0,4.0,1.0,10,10.0,9,1,1,1,0,0,1,1,0,0,0,1,105000.0
3.0,5.0,3.0,3.0,6.0,0.0,3,2.0,3,0,1,1,0,0,0,0,0,0,0,1,67129.0
36.0,41.0,10.0,6.0,1.0,1.0,1,0.0,6,0,1,0,1,0,1,0,1,0,0,0,126486.0
14.0,24.0,27.0,5.0,7.0,0.0,10,0.0,10,1,1,0,1,1,0,0,1,0,0,1,135000.0
17.0,30.0,17.0,5.0,7.0,1.0,9,6.0,3,0,0,0,1,1,0,0,1,0,0,1,140127.0
12.0,25.0,22.0,3.0,4.0,0.0,5,4.0,4,1,0,0,1,0,0,0,0,0,0,1,85925.0
1.0,7.0,1.0,5.0,5.0,2.0,6,0.0,2,0,0,0,1,0,0,0,0,0,0,1,44542.0
25.0,29.0,10.0,5.0,7.0,1.0,10,8.0,5,0,0,0,1,0,1,0,0,1,1,1,150000.0
10.0,18.0,10.0,5.0,5.0,2.0,6,0.0,7,0,0,1,1,0,1,0,1,0,0,1,88242.0
12.0,31.0,12.0,6.0,8.0,1.0,6,0.0,6,0,1,1,1,1,0,0,0,0,0,1,32222.0
6.0,10.0,7.0,5.0,5.0,0.0,10,0.0,5,0,0,1,1,0,0,0,0,1,1,1,110000.0
19.0,23.0,20.0,2.0,5.0,1.0,10,0.0,5,0,1,0,1,0,0,0,1,0,0,1,132000.0
8.0,10.0,7.0,5.0,4.0,2.0,3,0.0,3,0,0,0,0,1,0,0,0,0,0,1,59073.0
21.0,25.0,20.0,6.0,6.0,1.0,9,1.0,5,0,1,1,1,0,1,0,0,0,0,1,127388.0
8.0,12.0,10.0,3.0,4.0,2.0,6,1.0,3,1,0,0,1,0,0,0,0,0,0,1,26061.0
4.0,8.0,4.0,6.0,6.0,2.0,10,10.0,3,1,0,0,0,0,0,0,0,0,0,1,120000.0
9.0,13.0,10.0,3.0,5.0,1.0,10,1.0,11,1,1,1,1,1,1,0,0,1,0,1,175000.0
3.0,10.0,10.0,5.0,4.0,1.0,9,0.0,6,1,1,1,1,0,0,0,1,0,0,1,31847.0
9.0,7.0,10.0,5.0,2.0,1.0,10,0.0,7,0,1,0,1,0,1,0,1,0,0,1,82000.0
2.0,10.0,10.0,5.0,1.0,0.0,6,10.0,6,1,1,0,1,1,0,0,0,0,0,0,140000.0
7.0,14.0,8.0,5.0,2.0,0.0,10,0.0,6,1,1,0,1,1,0,0,0,0,0,1,105000.0
0.0,8.0,10.0,3.0,4.0,2.0,6,3.0,1,1,0,0,0,0,0,0,0,0,0,1,23653.0
8.0,9.0,9.0,6.0,9.0,0.0,3,3.0,3,1,0,0,0,0,0,0,0,0,1,1,75184.0
26.0,35.0,26.0,5.0,7.0,0.0,10,1.0,3,1,0,0,1,0,1,0,0,0,0,1,140000.0
38.0,38.0,10.0,5.0,4.0,0.0,6,6.0,2,0,0,0,0,0,1,0,1,0,0,1,112312.0
10.0,12.0,10.0,5.0,3.0,0.0,6,0.0,1,0,0,0,0,0,0,0,0,0,0,1,90000.0
8.0,18.0,8.0,6.0,5.0,1.0,6,2.0,2,0,1,1,0,0,0,0,0,0,0,0,95016.0
12.0,15.0,20.0,6.0,6.0,0.0,0,0.0,9,1,1,1,1,1,0,0,1,0,0,1,100000.0
15.0,24.0,10.0,7.0,5.0,0.0,8,0.0,5,1,1,0,1,0,0,0,1,0,0,1,24684.0
11.0,15.0,10.0,6.0,7.0,0.0,8,1.0,3,0,1,1,1,0,0,0,0,0,0,1,81161.0
11.0,20.0,11.0,5.0,5.0,0.0,6,0.0,6,0,1,0,1,0,0,0,0,1,1,1,193331.0
20.0,24.0,20.0,6.0,5.0,1.0,9,6.0,7,1,1,1,1,0,0,0,1,1,0,1,140127.0
19.0,22.0,20.0,5.0,4.0,1.0,6,9.0,1,0,0,0,0,0,0,1,0,0,0,1,109009.0
17.0,22.0,17.0,6.0,5.0,0.0,6,6.0,3,0,0,0,0,1,0,0,0,0,0,1,182591.0
0.0,5.0,1.0,2.0,5.0,2.0,3,0.0,5,1,0,0,0,1,0,0,0,0,1,1,16111.0
7.0,15.0,10.0,6.0,5.0,1.0,8,10.0,4,1,1,0,1,0,0,0,0,0,0,1,101204.0
5.0,8.0,5.0,5.0,7.0,1.0,6,1.0,8,0,0,0,1,1,0,1,0,0,1,1,115316.0
4.0,10.0,4.0,5.0,9.0,1.0,9,1.0,5,1,1,0,0,0,0,0,1,0,1,1,152865.0
0.0,8.0,10.0,5.0,4.0,1.0,3,0.0,7,0,1,1,1,0,0,0,0,0,0,1,53703.0
30.0,45.0,36.0,7.0,9.0,1.0,10,0.0,9,1,1,1,1,1,1,0,0,0,0,1,350000.0
25.0,30.0,10.0,1.0,4.0,0.0,9,0.0,7,1,1,1,0,0,0,0,0,1,0,0,226103.0
21.0,44.0,21.0,7.0,5.0,1.0,10,1.0,1,1,0,0,0,0,0,0,0,0,0,1,400000.0
5.0,9.0,5.0,5.0,6.0,0.0,6,0.0,1,1,0,0,0,0,0,0,0,0,0,0,19740.0
6.0,8.0,6.0,6.0,6.0,2.0,0,0.0,5,0,1,0,1,1,0,0,1,0,0,1,16784.0
24.0,25.0,24.0,6.0,5.0,1.0,6,0.0,1,0,0,0,0,0,1,0,0,0,0,1,122559.0
6.0,10.0,9.0,5.0,7.0,1.0,6,0.0,4,0,1,1,0,0,0,0,0,0,0,1,63383.0
8.0,13.0,10.0,6.0,7.0,1.0,3,0.0,4,0,1,1,1,0,0,0,0,0,0,1,53703.0
10.0,25.0,20.0,6.0,4.0,0.0,7,7.0,3,1,0,0,0,1,0,0,0,0,0,1,80555.0
10.0,13.0,10.0,5.0,7.0,0.0,6,7.0,1,0,0,0,0,0,0,0,0,0,0,1,93620.0
4.0,5.0,4.0,3.0,9.0,1.0,3,1.0,9,1,1,1,1,1,0,0,1,0,0,1,80555.0
19.0,20.0,10.0,6.0,5.0,0.0,8,0.0,5,0,1,1,1,0,1,0,1,0,0,1,50000.0
4.0,12.0,4.0,5.0,9.0,1.0,10,0.0,8,1,1,1,0,1,0,0,0,0,0,1,300000.0
8.0,10.0,8.0,5.0,4.0,0.0,10,10.0,12,1,1,1,1,0,0,0,0,1,1,1,145000.0
3.0,6.0,3.0,2.0,4.0,2.0,8,7.0,5,0,1,0,1,1,0,0,0,0,0,1,70275.0
17.0,24.0,20.0,6.0,9.0,0.0,6,3.0,5,1,1,0,1,0,0,0,0,0,0,1,102302.0
14.0,15.0,15.0,3.0,2.0,0.0,6,2.0,1,0,1,0,0,0,0,0,0,0,0,0,21587.0
13.0,14.0,13.0,6.0,5.0,0.0,8,2.0,5,0,1,1,1,1,0,0,0,0,0,0,80000.0
8.0,10.0,10.0,6.0,9.0,0.0,10,0.0,5,1,1,1,0,1,0,0,0,0,0,1,230000.0
5.0,17.0,5.0,6.0,9.0,0.0,6,10.0,6,1,0,1,0,1,1,0,0,0,0,1,55851.0
18.0,18.0,18.0,4.0,5.0,0.0,10,1.0,4,0,0,0,0,0,0,0,0,1,0,1,145000.0
7.0,9.0,7.0,3.0,6.0,1.0,6,1.0,2,0,0,0,0,0,1,0,0,0,0,1,54369.0
6.0,11.0,6.0,6.0,4.0,0.0,6,0.0,5,0,1,1,1,1,0,0,0,1,0,1,83777.0
4.0,4.0,10.0,5.0,5.0,1.0,6,7.0,4,0,1,1,0,1,0,0,0,0,0,1,10599.0
12.0,12.0,12.0,5.0,9.0,0.0,6,4.0,3,1,0,0,1,0,0,0,0,0,0,1,46145.0
40.0,45.0,50.0,3.0,4.0,1.0,10,1.0,5,0,0,0,1,0,1,1,0,0,0,1,140000.0
5.0,14.0,8.0,5.0,7.0,1.0,3,1.0,11,0,1,1,1,1,0,1,0,1,0,1,90866.0
11.0,23.0,10.0,6.0,5.0,1.0,5,0.0,4,0,0,1,1,0,1,0,0,0,0,1,65185.0
8.0,15.0,8.0,5.0,6.0,2.0,6,2.0,2,0,1,1,0,0,0,0,0,0,0,1,46266.0
5.0,5.0,5.0,5.0,5.0,1.0,5,10.0,2,1,0,0,0,0,0,0,0,0,0,1,107406.0
0.0,4.0,10.0,5.0,5.0,2.0,6,0.0,7,0,1,1,0,1,0,0,1,0,0,1,32254.0
5.0,10.0,10.0,6.0,6.0,0.0,2,7.0,3,0,0,0,0,1,0,0,0,0,0,1,56925.0
1.0,4.0,2.0,5.0,3.0,2.0,4,9.0,3,1,0,0,0,0,0,0,0,0,0,1,12921.0
11.0,15.0,10.0,5.0,9.0,1.0,10,10.0,6,1,1,1,0,0,1,0,0,0,0,1,300000.0
8.0,14.0,20.0,6.0,5.0,0.0,10,7.0,2,1,0,0,0,0,0,0,0,0,0,1,145000.0
5.0,6.0,16.0,7.0,5.0,1.0,7,3.0,3,1,0,0,0,0,0,0,0,0,0,1,35014.0
8.0,12.0,8.0,5.0,5.0,0.0,4,4.0,11,0,1,0,1,1,1,1,0,0,0,1,26320.0
25.0,30.0,10.0,5.0,4.0,0.0,9,0.0,3,0,1,0,0,0,0,0,1,0,0,1,82802.0
3.0,5.0,10.0,5.0,5.0,1.0,2,0.0,6,0,1,1,0,0,0,0,1,1,1,1,33511.0
28.0,50.0,28.0,5.0,3.0,0.0,10,0.0,7,1,0,0,1,0,0,0,1,0,0,1,120000.0
4.0,5.0,10.0,5.0,6.0,1.0,6,0.0,8,0,0,1,1,1,1,1,1,0,0,1,41244.0
3.0,6.0,2.0,6.0,2.0,1.0,6,0.0,3,0,1,0,0,0,0,0,1,0,0,1,17112.0
16.0,20.0,10.0,5.0,4.0,1.0,6,1.0,9,1,1,1,1,1,0,0,0,1,1,1,69814.0
14.0,15.0,15.0,5.0,4.0,0.0,10,7.0,8,0,1,0,1,1,1,0,0,0,0,1,162000.0
4.0,7.0,4.0,3.0,5.0,1.0,6,5.0,5,1,0,0,0,0,1,0,0,0,0,1,28211.0
4.0,10.0,4.0,5.0,6.0,2.0,6,0.0,6,0,1,1,1,1,0,0,0,0,0,1,80555.0
2.0,12.0,5.0,3.0,5.0,1.0,3,0.0,4,1,1,1,0,0,0,0,0,0,0,1,39740.0
15.0,17.0,15.0,5.0,7.0,0.0,2,10.0,6,1,0,1,0,1,0,0,0,1,1,1,139628.0
2.0,5.0,2.0,2.0,4.0,0.0,1,2.0,4,1,1,1,0,0,0,0,0,0,0,1,130847.0
15.0,15.0,15.0,5.0,3.0,1.0,6,0.0,5,1,1,0,1,0,0,0,0,1,0,1,63877.0
6.0,9.0,6.0,6.0,4.0,1.0,2,0.0,7,1,1,0,1,0,0,0,0,0,1,1,51555.0
17.0,17.0,17.0,6.0,9.0,1.0,10,5.0,7,1,1,1,1,0,1,0,0,0,0,1,151860.0
7.0,11.0,7.0,4.0,5.0,1.0,2,0.0,4,0,1,0,1,0,1,0,0,0,0,1,30933.0
16.0,20.0,16.0,5.0,7.0,2.0,10,0.0,9,0,1,1,1,0,1,0,0,0,0,1,98000.0
26.0,29.0,26.0,6.0,3.0,0.0,1,10.0,5,1,0,0,1,0,0,0,1,0,0,1,116309.0
3.0,8.0,3.0,3.0,3.0,0.0,6,10.0,13,1,1,1,1,1,1,1,0,1,1,1,28011.0
3.0,8.0,10.0,5.0,3.0,1.0,6,10.0,9,1,1,0,1,1,1,1,0,0,0,1,20545.0
16.0,20.0,18.0,5.0,6.0,0.0,6,2.0,1,0,0,1,0,0,0,0,0,0,0,1,45199.0
8.0,15.0,8.0,5.0,5.0,0.0,10,0.0,6,1,0,0,0,1,0,1,0,0,0,1,275000.0
10.0,20.0,10.0,6.0,5.0,0.0,6,10.0,5,1,1,0,0,0,0,0,0,0,1,1,161109.0
24.0,43.0,24.0,5.0,9.0,0.0,10,0.0,2,0,1,0,0,0,1,0,0,0,0,1,123000.0
15.0,20.0,15.0,5.0,7.0,1.0,6,1.0,1,0,0,0,0,0,1,0,0,0,0,1,108002.0
6.0,10.0,10.0,1.0,3.0,0.0,0,0.0,2,0,1,0,0,0,0,0,0,0,0,1,90000.0
17.0,19.0,17.0,5.0,5.0,1.0,6,0.0,5,0,1,1,0,1,0,0,0,0,0,1,140387.0
3.0,3.0,25.0,5.0,6.0,1.0,6,8.0,4,0,0,0,1,0,1,0,0,0,0,1,32222.0
8.0,20.0,9.0,5.0,3.0,1.0,6,0.0,6,1,1,1,1,0,0,0,1,0,0,1,35444.0
8.0,10.0,8.0,4.0,5.0,1.0,7,0.0,6,0,1,1,1,0,1,0,0,0,0,1,44037.0
3.0,5.0,10.0,6.0,5.0,1.0,7,10.0,3,1,0,0,0,0,0,0,0,0,0,1,300737.0
16.0,21.0,16.0,7.0,5.0,1.0,6,1.0,7,1,0,0,1,1,0,0,0,0,0,1,86104.0
20.0,40.0,10.0,7.0,7.0,1.0,9,10.0,5,1,0,0,0,0,0,1,0,0,0,1,49681.0
12.0,15.0,13.0,6.0,3.0,0.0,6,10.0,10,1,1,1,0,0,1,0,0,1,0,1,26891.0
9.0,14.0,10.0,6.0,5.0,2.0,6,10.0,6,1,0,1,1,0,1,0,0,0,0,1,101910.0
24.0,29.0,24.0,7.0,5.0,1.0,2,1.0,3,0,0,0,1,1,0,0,0,0,0,0,128887.0
7.0,14.0,2.0,6.0,9.0,1.0,6,10.0,3,0,0,1,0,0,0,0,0,0,0,1,177153.0
9.0,16.0,9.0,6.0,3.0,1.0,6,1.0,8,1,1,1,1,0,0,0,0,0,1,1,151952.0
3.0,4.0,3.0,5.0,4.0,0.0,0,0.0,3,0,1,1,0,0,0,0,0,0,0,1,20607.0
5.0,6.0,10.0,5.0,7.0,0.0,6,2.0,3,0,1,1,0,0,0,0,0,0,0,1,50483.0
7.0,8.0,7.0,3.0,4.0,0.0,9,0.0,4,0,1,0,1,0,1,0,0,0,0,1,50955.0
23.0,27.0,24.0,5.0,4.0,2.0,2,7.0,3,0,1,0,0,0,0,0,0,0,0,1,52629.0
5.0,9.0,10.0,5.0,5.0,2.0,10,0.0,7,1,0,1,0,0,0,1,0,0,0,1,99000.0
6.0,8.0,6.0,6.0,4.0,0.0,8,0.0,4,0,1,1,1,0,0,0,0,0,0,1,47393.0
0.0,4.0,0.0,2.0,4.0,0.0,8,1.0,6,1,0,0,0,0,1,1,0,0,1,1,10000.0
10.0,16.0,11.0,5.0,9.0,0.0,10,9.0,10,1,0,0,1,0,1,1,1,0,0,1,140000.0
11.0,16.0,11.0,6.0,7.0,1.0,2,1.0,1,0,0,0,0,0,0,0,0,0,0,1,85925.0
2.0,6.0,3.0,2.0,9.0,2.0,3,10.0,3,0,0,0,0,0,0,0,0,0,1,1,19333.0
6.0,9.0,10.0,5.0,5.0,0.0,8,1.0,2,0,1,1,0,0,0,0,0,0,0,1,64444.0
28.0,30.0,26.0,3.0,2.0,1.0,6,0.0,11,1,1,0,1,1,0,1,1,0,0,1,37592.0
5.0,8.0,5.0,5.0,5.0,1.0,6,7.0,6,1,0,0,1,1,0,0,0,0,1,1,75184.0
10.0,14.0,10.0,6.0,3.0,1.0,5,8.0,7,0,1,1,0,0,0,1,0,0,1,1,53703.0
20.0,20.0,10.0,7.0,4.0,1.0,2,10.0,3,0,0,0,0,0,0,0,0,0,1,1,45433.0
5.0,10.0,10.0,3.0,5.0,1.0,0,5.0,12,1,1,1,1,1,0,0,1,0,0,1,29092.0
16.0,19.0,10.0,5.0,8.0,0.0,10,2.0,5,0,1,1,0,0,0,0,0,0,0,1,200000.0
12.0,17.0,12.0,5.0,9.0,0.0,10,0.0,3,0,1,0,0,1,0,0,0,0,0,1,275000.0
6.0,13.0,7.0,5.0,2.0,0.0,1,5.0,11,1,1,1,1,1,1,0,1,1,0,1,79962.0
2.0,3.0,2.0,5.0,5.0,1.0,6,0.0,6,1,1,1,1,0,1,0,0,0,0,1,32345.0
28.0,32.0,10.0,5.0,7.0,0.0,10,10.0,9,1,0,1,0,1,1,0,0,1,0,1,135000.0
27.0,40.0,27.0,6.0,5.0,1.0,10,10.0,8,1,1,0,0,1,0,1,0,0,0,1,145000.0
2.0,7.0,2.0,5.0,3.0,2.0,4,1.0,6,0,1,0,1,0,0,0,0,0,1,1,15553.0
8.0,13.0,9.0,6.0,5.0,2.0,3,9.0,6,1,1,0,0,0,0,1,0,0,0,1,73036.0
13.0,22.0,15.0,3.0,7.0,1.0,7,0.0,5,1,1,0,0,0,0,0,0,0,0,1,53703.0
4.0,12.0,10.0,3.0,7.0,0.0,10,10.0,16,1,1,1,1,1,0,1,1,1,1,1,109000.0
6.0,8.0,7.0,6.0,8.0,1.0,10,0.0,5,1,1,1,0,1,0,0,0,0,0,1,100000.0
3.0,8.0,1.0,5.0,4.0,1.0,6,0.0,12,1,1,1,1,1,1,1,0,1,1,1,60147.0
7.0,12.0,7.0,5.0,3.0,1.0,6,5.0,8,1,1,1,1,0,1,0,0,1,0,1,129602.0
11.0,14.0,11.0,5.0,7.0,0.0,10,2.0,6,0,1,1,1,0,1,0,0,0,0,1,70000.0
2.0,8.0,10.0,6.0,4.0,2.0,6,10.0,12,1,1,1,1,0,1,1,1,0,0,1,24703.0
5.0,6.0,15.0,5.0,9.0,0.0,6,1.0,4,0,1,0,1,1,0,0,0,0,0,1,64732.0
21.0,25.0,24.0,6.0,7.0,2.0,7,1.0,13,1,1,1,1,1,1,1,1,1,0,1,53703.0
5.0,8.0,4.0,2.0,4.0,1.0,6,10.0,6,1,0,0,1,0,0,0,1,1,0,1,47692.0
20.0,25.0,10.0,6.0,2.0,0.0,7,10.0,3,1,1,0,0,0,0,0,0,1,0,0,161109.0
5.0,18.0,5.0,6.0,9.0,0.0,3,4.0,5,1,0,0,0,0,0,1,0,0,0,1,89147.0
18.0,26.0,18.0,6.0,7.0,1.0,6,0.0,3,0,0,0,0,0,1,0,0,0,0,1,87040.0
20.0,25.0,10.0,3.0,1.0,0.0,9,0.0,10,0,1,1,1,1,0,0,1,0,0,0,146496.0
6.0,12.0,4.0,5.0,7.0,0.0,10,10.0,2,0,0,0,0,0,0,1,0,0,1,1,170000.0
14.0,16.0,10.0,5.0,5.0,0.0,6,1.0,3,0,1,0,1,0,1,0,0,0,0,1,52242.0
25.0,30.0,10.0,3.0,4.0,2.0,10,0.0,3,0,0,0,0,0,1,1,0,0,0,1,120000.0
8.0,10.0,8.0,6.0,9.0,1.0,4,8.0,6,1,1,1,1,1,0,0,0,0,0,1,29610.0
24.0,36.0,10.0,5.0,1.0,0.0,1,10.0,7,1,1,0,0,1,1,0,1,0,0,0,58154.0
5.0,5.0,10.0,6.0,1.0,1.0,1,10.0,6,1,1,0,1,0,0,0,0,0,0,0,43616.0
6.0,6.0,6.0,1.0,5.0,0.0,6,2.0,4,0,1,1,0,0,0,0,0,1,0,1,57230.0
12.0,26.0,12.0,4.0,4.0,1.0,3,10.0,5,1,0,0,1,0,1,1,0,0,0,1,57999.0
9.0,20.0,9.0,3.0,3.0,1.0,1,0.0,5,0,1,0,1,0,1,0,0,0,0,1,47977.0
5.0,10.0,16.0,5.0,8.0,1.0,6,5.0,8,1,1,0,1,1,0,0,1,0,0,1,33613.0
12.0,18.0,10.0,5.0,9.0,1.0,4,0.0,9,0,1,1,1,0,1,0,0,0,0,1,32301.0
19.0,20.0,10.0,3.0,5.0,0.0,1,0.0,6,0,1,0,1,0,1,0,0,0,0,1,76328.0
6.0,7.0,6.0,5.0,8.0,2.0,6,1.0,3,0,1,0,1,1,0,0,0,0,0,1,41392.0
10.0,24.0,10.0,6.0,2.0,2.0,6,8.0,2,1,0,0,0,0,1,0,0,0,0,1,53703.0
16.0,16.0,16.0,5.0,5.0,1.0,3,1.0,1,0,1,0,0,0,0,0,0,0,0,1,96666.0
9.0,15.0,9.0,5.0,6.0,0.0,10,1.0,8,0,1,1,1,0,1,0,0,0,0,1,129000.0
26.0,30.0,37.0,5.0,5.0,1.0,6,1.0,2,0,0,0,0,1,0,0,0,0,0,1,43047.0
1.0,8.0,1.0,3.0,4.0,1.0,6,1.0,5,1,1,1,1,0,0,0,1,0,0,1,21717.0
2.0,4.0,10.0,4.0,8.0,1.0,3,0.0,4,1,1,1,0,1,0,0,0,0,0,1,53703.0
3.0,7.0,10.0,6.0,4.0,1.0,5,0.0,5,1,0,1,0,0,0,0,0,0,1,1,64229.0
0.0,3.0,10.0,1.0,6.0,0.0,6,1.0,1,0,0,0,0,0,0,0,0,1,0,1,13445.0
0.0,6.0,10.0,5.0,2.0,0.0,6,0.0,5,1,1,1,1,0,0,0,1,0,0,1,12000.0
10.0,15.0,10.0,5.0,7.0,0.0,6,0.0,6,0,1,0,1,0,1,0,0,0,0,0,64444.0
4.0,9.0,10.0,4.0,9.0,1.0,6,0.0,11,1,1,1,1,0,1,0,0,0,0,1,47692.0
6.0,6.0,6.0,2.0,6.0,0.0,6,1.0,3,0,1,0,1,1,0,0,0,0,0,0,97052.0
8.0,14.0,10.0,5.0,9.0,1.0,10,8.0,6,0,1,1,1,0,1,1,0,0,0,1,430000.0
4.0,7.0,5.0,5.0,7.0,0.0,6,1.0,5,0,1,1,1,1,0,0,0,0,0,1,20378.0
3.0,7.0,4.0,5.0,5.0,1.0,6,0.0,3,0,1,1,0,0,0,0,0,0,0,1,19407.0
10.0,11.0,11.0,4.0,5.0,0.0,10,0.0,3,1,0,0,1,0,1,0,0,0,0,1,120000.0
8.0,14.0,8.0,6.0,4.0,0.0,3,0.0,6,0,1,0,0,1,0,0,0,0,1,1,107406.0
16.0,20.0,16.0,6.0,7.0,0.0,6,10.0,2,0,0,0,1,0,1,0,0,0,0,0,193331.0
16.0,25.0,16.0,5.0,2.0,1.0,6,1.0,9,0,1,1,1,0,1,0,0,0,0,1,60684.0
24.0,30.0,10.0,6.0,1.0,1.0,6,0.0,9,1,1,0,1,0,1,0,1,0,0,1,71351.0
8.0,12.0,8.0,5.0,9.0,1.0,4,0.0,3,0,1,0,0,0,1,0,0,0,1,1,29909.0
3.0,9.0,4.0,6.0,9.0,2.0,10,9.0,3,1,0,0,0,0,0,0,0,0,0,1,160000.0
17.0,20.0,20.0,1.0,4.0,0.0,3,0.0,9,0,1,1,1,1,0,0,1,0,1,1,83777.0
2.0,6.0,2.0,2.0,4.0,1.0,3,0.0,6,1,0,1,1,0,1,0,0,0,0,0,17185.0
3.0,8.0,3.0,3.0,4.0,1.0,6,0.0,5,0,0,1,1,1,0,1,0,0,1,0,19023.0
6.0,15.0,10.0,6.0,9.0,1.0,2,1.0,4,1,1,0,1,0,0,0,0,0,0,1,96666.0
19.0,22.0,10.0,5.0,4.0,2.0,6,1.0,6,0,1,0,1,1,0,0,0,0,0,1,129602.0
11.0,17.0,10.0,4.0,1.0,0.0,6,8.0,4,1,0,0,0,0,0,1,0,0,0,0,64444.0
2.0,4.0,10.0,3.0,3.0,1.0,6,1.0,7,0,1,1,1,0,1,0,0,0,0,1,26891.0
30.0,40.0,30.0,5.0,5.0,1.0,9,0.0,7,1,1,1,1,0,1,0,0,0,0,0,191082.0
9.0,17.0,9.0,6.0,4.0,2.0,2,0.0,5,0,0,1,1,1,0,0,0,0,0,1,61436.0
18.0,27.0,31.0,7.0,7.0,0.0,2,8.0,11,1,1,0,1,1,1,0,0,0,0,1,48333.0
4.0,10.0,10.0,5.0,2.0,1.0,9,0.0,7,1,1,1,1,0,0,0,0,0,0,1,118471.0
14.0,21.0,10.0,6.0,5.0,2.0,6,1.0,5,0,1,1,1,0,0,0,0,1,0,1,37061.0
2.0,5.0,3.0,5.0,7.0,2.0,6,3.0,3,1,0,0,1,0,1,0,0,0,0,1,21481.0
7.0,8.0,10.0,6.0,5.0,1.0,2,4.0,2,1,0,0,0,0,0,0,0,0,0,0,41888.0
8.0,15.0,15.0,6.0,5.0,1.0,2,10.0,7,1,1,0,1,1,0,0,0,1,0,1,197627.0
8.0,12.0,8.0,6.0,5.0,0.0,6,1.0,2,0,0,0,0,0,1,0,0,0,0,1,83777.0
18.0,23.0,19.0,2.0,8.0,1.0,3,0.0,5,0,1,0,0,0,1,0,0,0,0,1,69814.0
17.0,24.0,17.0,3.0,6.0,1.0,3,2.0,7,0,1,1,0,0,0,0,0,0,0,1,85925.0
14.0,37.0,10.0,5.0,5.0,1.0,6,2.0,3,0,1,1,0,0,0,0,0,0,0,1,80555.0
4.0,9.0,10.0,5.0,9.0,2.0,3,10.0,12,1,1,1,1,1,1,1,0,1,0,1,75184.0
15.0,20.0,15.0,5.0,5.0,0.0,0,2.0,8,1,1,1,1,0,1,0,0,0,0,1,67135.0
6.0,8.0,6.0,3.0,2.0,2.0,0,0.0,6,0,0,0,1,0,1,0,0,1,1,1,21260.0
11.0,30.0,10.0,3.0,5.0,2.0,6,1.0,5,1,1,0,1,0,0,0,0,0,0,1,57230.0
20.0,25.0,24.0,6.0,5.0,1.0,6,10.0,5,0,0,1,1,1,1,0,0,0,0,1,75184.0
23.0,24.0,24.0,5.0,9.0,0.0,6,6.0,7,0,1,0,1,1,0,1,0,0,0,1,215874.0
0.0,5.0,10.0,3.0,7.0,1.0,6,0.0,2,0,0,0,1,1,0,0,0,0,0,1,15037.0
18.0,14.0,9.0,6.0,9.0,1.0,10,10.0,1,1,0,0,0,0,0,0,0,0,0,1,147000.0
9.0,24.0,10.0,5.0,4.0,1.0,6,0.0,6,0,1,1,1,1,0,0,0,0,0,1,53703.0
2.0,4.0,10.0,6.0,9.0,2.0,10,10.0,2,1,0,0,1,0,0,0,0,0,0,1,75000.0
8.0,12.0,8.0,6.0,8.0,1.0,2,1.0,3,0,0,0,0,1,0,0,0,0,0,1,67666.0
27.0,34.0,27.0,3.0,6.0,0.0,5,1.0,7,0,0,0,1,1,0,0,1,0,0,1,110628.0
7.0,9.0,7.0,5.0,2.0,0.0,6,0.0,8,1,1,1,1,0,0,1,0,1,1,1,45655.0
8.0,20.0,8.0,5.0,5.0,1.0,6,5.0,6,1,0,0,1,1,0,0,0,0,0,1,81663.0
10.0,13.0,10.0,5.0,4.0,2.0,6,4.0,4,1,0,0,1,0,1,0,0,0,1,1,85925.0
10.0,12.0,12.0,6.0,4.0,1.0,6,1.0,4,0,1,0,1,0,0,0,0,0,0,1,47018.0
3.0,9.0,5.0,2.0,5.0,1.0,10,0.0,32,1,1,1,1,1,1,1,1,1,1,0,65000.0
4.0,11.0,4.0,5.0,4.0,2.0,6,10.0,6,0,0,1,0,1,1,0,0,0,0,1,82582.0
8.0,10.0,10.0,2.0,3.0,2.0,6,0.0,4,0,1,1,0,0,0,0,0,0,0,0,56465.0
32.0,35.0,10.0,6.0,9.0,1.0,2,0.0,7,0,1,1,1,1,0,0,0,0,0,1,107406.0
2.0,4.0,10.0,5.0,2.0,0.0,10,0.0,6,0,1,1,0,0,0,0,0,0,0,1,140000.0
8.0,16.0,8.0,5.0,3.0,0.0,1,0.0,6,1,1,1,1,0,0,0,0,0,0,1,114855.0
6.0,8.0,6.0,5.0,9.0,0.0,0,0.0,5,1,1,1,0,1,0,0,0,0,0,1,33568.0
7.0,7.0,7.0,5.0,5.0,2.0,4,1.0,4,0,0,0,1,1,0,0,0,1,1,1,59817.0
7.0,11.0,7.0,6.0,9.0,1.0,3,10.0,2,1,0,0,0,0,0,0,0,1,0,1,114925.0
11.0,15.0,15.0,6.0,2.0,1.0,10,1.0,4,1,1,1,0,0,0,0,0,0,0,1,200000.0
3.0,6.0,10.0,3.0,4.0,2.0,6,2.0,3,0,1,1,0,0,0,0,0,0,0,1,60147.0
20.0,25.0,20.0,3.0,2.0,1.0,6,0.0,5,0,1,0,1,0,0,0,1,0,0,0,42962.0
22.0,28.0,23.0,4.0,9.0,1.0,3,10.0,14,1,1,0,1,1,1,1,0,0,1,1,107406.0
5.0,7.0,10.0,5.0,7.0,1.0,10,0.0,7,0,1,1,1,1,1,0,0,0,0,1,135000.0
4.0,7.0,4.0,5.0,8.0,0.0,10,0.0,5,0,1,1,1,0,1,0,0,0,0,0,85000.0
4.0,8.0,4.0,6.0,7.0,0.0,6,9.0,2,0,0,0,0,0,0,1,0,0,1,1,59391.0
10.0,16.0,10.0,5.0,5.0,1.0,6,1.0,4,0,1,0,1,1,0,0,0,0,0,1,53703.0
2.0,5.0,5.0,3.0,4.0,1.0,6,0.0,3,1,1,0,0,0,0,0,0,0,0,1,16906.0
4.0,5.0,10.0,7.0,9.0,0.0,10,3.0,1,1,0,0,0,0,0,0,0,0,0,1,155000.0
10.0,13.0,10.0,3.0,1.0,0.0,6,0.0,4,0,1,0,0,0,0,0,0,0,0,0,30639.0
23.0,26.0,10.0,4.0,2.0,0.0,1,0.0,2,0,1,0,0,0,1,0,0,0,0,1,94501.0
13.0,15.0,13.0,5.0,3.0,1.0,6,4.0,4,1,1,0,1,0,0,0,0,0,0,0,22154.0
3.0,6.0,10.0,5.0,9.0,1.0,2,0.0,3,0,1,0,0,1,0,0,0,0,0,1,33296.0
3.0,8.0,3.0,5.0,3.0,0.0,1,0.0,6,1,0,1,0,1,0,0,0,0,0,1,45433.0
30.0,35.0,10.0,6.0,4.0,1.0,6,10.0,4,1,0,0,1,0,0,0,0,0,0,1,54923.0
6.0,9.0,6.0,6.0,5.0,1.0,3,0.0,6,1,1,1,0,1,0,0,0,0,0,1,66592.0
15.0,18.0,17.0,6.0,6.0,1.0,6,10.0,6,1,0,0,1,0,0,0,0,1,0,1,51984.0
3.0,6.0,4.0,2.0,4.0,1.0,6,0.0,5,1,1,0,0,0,0,1,0,0,0,0,21052.0
16.0,20.0,16.0,5.0,5.0,0.0,6,0.0,5,0,1,0,1,0,0,0,1,1,0,1,38208.0
9.0,9.0,9.0,5.0,7.0,0.0,10,0.0,11,1,1,1,1,0,0,0,0,1,1,1,206000.0
10.0,16.0,11.0,2.0,3.0,2.0,3,0.0,9,0,1,0,1,1,1,0,1,0,0,1,60577.0
22.0,26.0,22.0,5.0,3.0,0.0,10,6.0,10,0,1,1,1,1,1,0,0,0,0,1,170000.0
15.0,18.0,18.0,2.0,9.0,1.0,3,0.0,6,0,1,1,1,0,1,0,0,0,0,1,69814.0
28.0,28.0,28.0,5.0,5.0,1.0,10,0.0,4,0,1,0,1,0,0,0,1,0,0,1,215000.0
11.0,15.0,11.0,5.0,6.0,1.0,10,2.0,6,0,1,1,0,0,0,0,0,0,0,1,160000.0
12.0,24.0,13.0,5.0,1.0,1.0,6,1.0,2,1,0,0,0,0,0,0,1,0,0,1,47018.0
5.0,7.0,10.0,6.0,8.0,1.0,9,10.0,6,1,0,0,1,0,0,0,0,0,0,1,75159.0
16.0,20.0,14.0,6.0,5.0,2.0,6,1.0,4,1,0,0,1,0,0,0,1,0,0,1,32345.0
3.0,5.0,3.0,6.0,4.0,1.0,6,1.0,1,0,0,0,0,0,0,0,0,0,0,1,74651.0
1.0,10.0,1.0,5.0,7.0,2.0,10,7.0,10,1,1,0,1,0,0,1,0,1,1,1,200000.0
6.0,10.0,7.0,5.0,4.0,2.0,6,1.0,2,0,0,0,1,0,1,0,0,0,0,1,93601.0
7.0,14.0,10.0,5.0,4.0,1.0,1,0.0,3,1,0,0,1,0,0,0,1,0,0,1,94501.0
5.0,10.0,5.0,6.0,5.0,1.0,10,6.0,1,1,0,0,0,0,0,0,0,0,0,1,195000.0
7.0,10.0,7.0,5.0,5.0,0.0,6,0.0,7,1,1,1,1,0,1,0,1,0,0,1,13170.0
10.0,15.0,10.0,5.0,6.0,0.0,6,7.0,2,0,0,0,0,0,0,0,0,0,0,1,57999.0
40.0,40.0,10.0,6.0,1.0,1.0,3,10.0,4,1,0,0,1,0,0,0,0,0,0,0,107406.0
3.0,8.0,4.0,6.0,2.0,1.0,6,0.0,10,0,1,0,1,1,1,0,0,0,0,0,32576.0
7.0,8.0,10.0,5.0,4.0,1.0,7,1.0,4,0,1,0,0,1,1,0,0,0,0,1,42962.0
32.0,41.0,31.0,5.0,6.0,1.0,6,10.0,9,1,1,1,1,0,1,0,0,0,0,1,107937.0
5.0,7.0,10.0,5.0,2.0,1.0,6,1.0,5,0,1,1,1,0,0,0,0,1,0,1,17168.0
7.0,15.0,7.0,4.0,6.0,0.0,7,1.0,3,0,0,0,1,0,1,0,0,0,0,1,53703.0
2.0,9.0,10.0,5.0,7.0,1.0,10,9.0,7,1,1,1,0,1,0,1,0,1,0,1,82000.0
27.0,31.0,10.0,5.0,2.0,1.0,3,0.0,5,0,1,0,1,0,0,0,1,0,0,1,59073.0
15.0,25.0,10.0,2.0,1.0,0.0,3,0.0,6,0,1,1,1,0,0,0,1,0,0,0,59073.0
44.0,49.0,10.0,6.0,5.0,1.0,10,8.0,2,1,0,0,0,0,0,1,0,0,0,0,97000.0
9.0,9.0,9.0,5.0,9.0,1.0,10,0.0,8,1,1,1,1,1,0,0,0,0,0,1,200000.0
7.0,7.0,7.0,3.0,8.0,1.0,9,4.0,5,0,0,0,0,0,1,0,0,0,1,1,61146.0
5.0,7.0,10.0,6.0,4.0,0.0,6,3.0,3,1,0,0,1,0,0,0,0,0,0,1,48333.0
23.0,27.0,23.0,6.0,4.0,1.0,10,0.0,2,0,0,0,1,0,1,0,0,0,0,1,220000.0
16.0,37.0,10.0,7.0,5.0,0.0,6,10.0,3,0,0,0,1,0,0,0,0,0,0,1,165165.0
6.0,15.0,6.0,5.0,9.0,1.0,9,0.0,8,1,1,0,1,1,0,0,0,0,0,1,109554.0
10.0,15.0,10.0,6.0,4.0,2.0,8,10.0,5,0,0,0,0,1,1,1,0,0,0,1,30000.0
5.0,20.0,5.0,6.0,5.0,1.0,3,5.0,3,1,0,0,0,0,0,1,0,0,0,1,75184.0
2.0,7.0,2.0,6.0,4.0,2.0,6,1.0,7,1,1,0,1,1,0,0,0,0,0,0,15037.0
9.0,13.0,10.0,4.0,9.0,0.0,1,10.0,11,1,1,1,0,0,1,0,0,1,0,1,87231.0
24.0,35.0,35.0,6.0,2.0,2.0,2,9.0,8,1,1,0,1,1,0,1,1,0,0,1,71962.0
12.0,13.0,10.0,4.0,4.0,0.0,6,0.0,6,0,1,1,1,1,0,1,1,0,0,1,99099.0
2.0,9.0,3.0,3.0,5.0,2.0,6,0.0,5,0,0,0,1,1,0,0,0,0,0,1,26061.0
9.0,10.0,9.0,6.0,4.0,0.0,9,0.0,6,0,1,0,1,1,1,0,1,0,0,1,63694.0
2.0,8.0,3.0,6.0,4.0,1.0,3,0.0,6,1,1,0,0,0,1,0,0,0,0,1,69062.0
7.0,12.0,10.0,5.0,4.0,1.0,5,2.0,9,1,1,1,1,0,0,0,1,1,1,1,64444.0
23.0,35.0,10.0,6.0,8.0,1.0,6,10.0,10,1,1,1,0,1,0,1,1,0,1,1,60834.0
1.0,7.0,1.0,2.0,2.0,0.0,6,1.0,6,1,1,1,1,0,0,0,0,0,1,0,23757.0
20.0,30.0,10.0,5.0,9.0,0.0,10,1.0,5,0,0,0,1,0,0,0,0,0,0,0,150000.0
11.0,12.0,10.0,5.0,3.0,2.0,4,1.0,2,0,1,0,0,0,0,0,1,0,0,1,25000.0
8.0,10.0,9.0,6.0,5.0,0.0,8,1.0,2,0,0,0,1,0,1,0,0,0,0,1,95000.0
3.0,7.0,10.0,6.0,1.0,0.0,2,0.0,7,1,1,1,1,1,0,0,0,0,0,0,12889.0
10.0,15.0,10.0,6.0,1.0,1.0,2,1.0,6,0,1,1,1,0,0,0,0,1,0,0,82703.0
7.0,10.0,10.0,6.0,2.0,1.0,6,9.0,2,1,0,0,0,0,0,1,0,0,0,1,53452.0
13.0,19.0,13.0,7.0,9.0,0.0,2,10.0,8,1,1,0,0,1,0,1,0,0,1,1,236294.0
10.0,40.0,10.0,5.0,2.0,0.0,9,0.0,7,1,1,1,1,0,0,0,1,0,0,1,63694.0
17.0,22.0,10.0,5.0,1.0,1.0,6,10.0,9,1,1,1,1,0,1,0,0,1,0,0,165165.0
10.0,10.0,21.0,5.0,2.0,0.0,9,0.0,13,1,1,1,1,0,1,0,1,1,1,0,59872.0
17.0,20.0,18.0,6.0,7.0,0.0,8,6.0,2,1,1,0,0,0,0,0,0,0,0,1,110000.0
10.0,15.0,10.0,6.0,7.0,0.0,8,10.0,5,0,1,0,1,1,0,0,0,0,0,1,107406.0
15.0,26.0,15.0,6.0,3.0,0.0,1,0.0,12,1,1,1,1,0,0,1,1,0,1,1,138117.0
14.0,20.0,10.0,3.0,8.0,1.0,6,2.0,3,0,1,1,0,0,0,0,0,0,0,1,51507.0
14.0,20.0,10.0,5.0,5.0,0.0,10,10.0,5,0,1,1,1,0,0,0,0,0,0,1,165000.0
13.0,13.0,20.0,5.0,4.0,0.0,10,1.0,4,1,0,1,0,1,0,0,0,0,0,1,157000.0
6.0,8.0,10.0,5.0,1.0,0.0,6,0.0,5,0,1,1,1,0,0,0,1,0,0,0,46399.0
8.0,13.0,10.0,7.0,9.0,2.0,10,10.0,2,1,0,0,0,0,0,0,0,0,1,1,70000.0
4.0,8.0,10.0,6.0,8.0,1.0,10,0.0,11,1,1,1,1,1,0,0,0,1,1,1,150000.0
2.0,7.0,3.0,5.0,4.0,1.0,6,0.0,3,1,0,1,0,0,0,0,0,0,0,1,34368.0
2.0,2.0,10.0,4.0,1.0,1.0,9,10.0,6,0,1,0,1,0,0,0,1,0,0,0,24204.0
6.0,14.0,7.0,5.0,2.0,0.0,10,10.0,8,0,1,1,0,0,1,0,0,1,0,1,70000.0
2.0,5.0,2.0,5.0,3.0,0.0,6,0.0,3,0,0,0,0,1,1,1,0,0,0,1,11426.0
2.0,2.0,10.0,5.0,2.0,1.0,10,0.0,3,0,0,0,0,0,0,0,1,1,0,1,70000.0
11.0,15.0,11.0,6.0,5.0,0.0,6,1.0,2,0,0,0,1,0,0,0,0,0,0,1,112239.0
6.0,10.0,10.0,6.0,9.0,1.0,3,4.0,0,0,0,0,0,0,0,0,0,0,0,1,107406.0
13.0,15.0,13.0,6.0,7.0,1.0,9,10.0,18,1,1,1,1,1,1,1,1,0,0,1,94267.0
4.0,8.0,10.0,5.0,4.0,0.0,6,0.0,8,1,1,0,1,0,0,1,0,0,0,1,14356.0
12.0,25.0,12.0,6.0,7.0,0.0,1,1.0,4,1,1,1,0,0,0,0,0,0,0,1,123578.0
15.0,20.0,15.0,2.0,4.0,1.0,3,1.0,12,1,1,1,1,1,0,0,1,0,1,1,113851.0
2.0,4.0,2.0,5.0,4.0,1.0,2,5.0,7,1,1,1,1,0,0,0,0,1,0,0,17722.0
4.0,9.0,10.0,6.0,5.0,1.0,10,10.0,2,1,0,0,0,0,0,1,0,0,0,1,145000.0
28.0,40.0,28.0,7.0,4.0,1.0,9,1.0,2,1,0,0,1,0,0,0,0,0,0,1,101910.0
5.0,7.0,10.0,5.0,9.0,1.0,6,9.0,3,0,0,0,0,0,0,0,0,0,0,1,72857.0
10.0,15.0,10.0,5.0,4.0,1.0,6,0.0,3,0,0,1,0,1,1,0,0,0,0,1,42505.0
2.0,10.0,2.0,5.0,5.0,1.0,3,8.0,4,0,0,0,1,1,1,0,0,0,0,1,55851.0
37.0,40.0,10.0,2.0,5.0,1.0,6,0.0,9,1,1,1,1,1,0,0,0,0,0,1,85925.0
3.0,9.0,3.0,5.0,5.0,1.0,6,0.0,4,0,1,1,0,0,0,0,0,0,0,1,89134.0
1.0,7.0,1.0,5.0,3.0,2.0,6,0.0,11,1,0,1,0,1,0,0,0,0,1,1,46246.0
5.0,10.0,5.0,5.0,4.0,0.0,6,2.0,2,0,1,1,0,0,0,0,0,0,0,0,31229.0
4.0,7.0,4.0,6.0,4.0,1.0,3,3.0,1,1,0,0,0,0,0,0,0,0,0,1,75184.0
1.0,10.0,1.0,6.0,4.0,2.0,6,10.0,6,1,1,0,0,0,0,0,0,1,0,1,17913.0
4.0,6.0,6.0,5.0,9.0,0.0,0,1.0,15,1,1,0,1,1,0,1,0,1,1,1,27973.0
17.0,19.0,10.0,6.0,3.0,0.0,6,1.0,7,0,1,0,0,0,0,0,0,0,1,1,110000.0
20.0,25.0,20.0,5.0,5.0,2.0,10,0.0,3,1,0,0,1,0,0,0,0,0,0,1,130000.0
15.0,20.0,10.0,5.0,1.0,0.0,6,8.0,3,1,0,0,0,0,1,1,0,0,0,0,16807.0
5.0,20.0,5.0,6.0,4.0,1.0,3,10.0,5,0,1,1,0,0,1,0,0,0,0,1,77332.0
5.0,8.0,6.0,5.0,9.0,2.0,6,3.0,3,1,0,0,1,0,0,0,0,0,0,1,64802.0
14.0,24.0,14.0,5.0,9.0,0.0,9,0.0,5,0,1,1,0,1,0,0,0,0,0,1,114649.0
10.0,15.0,10.0,6.0,9.0,2.0,10,1.0,4,0,0,0,0,0,1,0,0,0,1,1,200000.0
11.0,12.0,12.0,6.0,5.0,0.0,10,0.0,3,0,1,1,0,0,0,0,0,0,0,1,150000.0
6.0,8.0,6.0,5.0,9.0,1.0,4,1.0,6,1,1,0,1,0,1,0,0,0,0,1,11963.0
19.0,27.0,19.0,6.0,5.0,0.0,10,10.0,6,1,0,0,1,0,0,0,0,0,0,1,130000.0
6.0,14.0,7.0,5.0,4.0,1.0,10,0.0,11,1,1,1,0,0,0,1,0,1,0,1,120000.0
8.0,17.0,9.0,3.0,5.0,2.0,6,8.0,8,1,0,0,1,1,0,0,0,0,0,1,44544.0
5.0,13.0,13.0,6.0,5.0,1.0,6,4.0,3,1,0,0,0,0,0,0,1,0,0,1,97143.0
6.0,10.0,7.0,5.0,4.0,1.0,3,8.0,4,1,0,0,0,0,0,1,0,0,0,1,48333.0
8.0,11.0,10.0,6.0,3.0,0.0,6,0.0,17,1,1,1,1,1,1,1,1,1,0,0,100000.0
3.0,7.0,10.0,6.0,5.0,0.0,8,1.0,2,1,0,0,0,0,0,0,0,1,0,1,43200.0
3.0,4.0,4.0,6.0,9.0,1.0,2,0.0,1,0,0,1,0,0,0,0,0,0,0,0,51555.0
3.0,12.0,10.0,6.0,4.0,0.0,3,0.0,4,0,0,1,0,0,1,0,0,0,0,1,68203.0
27.0,31.0,27.0,6.0,7.0,1.0,9,0.0,6,0,1,1,1,0,0,0,0,0,0,0,254776.0
3.0,12.0,3.0,5.0,4.0,2.0,6,10.0,5,0,1,1,1,0,0,0,0,1,1,1,62706.0
3.0,10.0,3.0,5.0,6.0,1.0,4,10.0,8,1,0,0,1,0,1,1,0,0,0,1,14356.0
2.0,10.0,5.0,2.0,7.0,2.0,6,8.0,6,1,1,0,1,1,0,0,0,0,1,1,53596.0
4.0,9.0,4.0,3.0,3.0,0.0,6,2.0,6,0,1,1,0,0,0,1,0,1,1,1,15600.0
2.0,7.0,2.0,6.0,4.0,2.0,9,9.0,7,1,0,1,0,0,0,1,0,1,1,1,50955.0
10.0,14.0,10.0,5.0,7.0,2.0,6,0.0,7,1,1,1,1,0,1,0,1,0,0,1,31026.0
8.0,10.0,11.0,5.0,6.0,1.0,6,10.0,7,1,0,0,0,0,1,1,0,0,1,1,107937.0
11.0,20.0,10.0,3.0,5.0,0.0,10,10.0,19,1,1,1,0,1,1,1,1,1,1,1,70000.0
3.0,8.0,10.0,7.0,7.0,1.0,6,1.0,5,0,1,1,1,1,0,0,0,0,0,1,48333.0
2.0,3.0,2.0,5.0,6.0,0.0,10,1.0,5,0,0,0,1,0,0,0,0,0,0,1,90000.0
1.0,7.0,1.0,5.0,8.0,1.0,9,0.0,7,0,1,1,1,0,1,0,0,1,0,1,58598.0
6.0,8.0,10.0,5.0,8.0,2.0,10,10.0,6,1,0,0,0,0,0,1,0,0,1,1,110000.0
8.0,10.0,8.0,5.0,6.0,1.0,1,1.0,3,1,0,0,1,0,0,0,0,0,0,1,109039.0
15.0,15.0,15.0,6.0,5.0,0.0,1,0.0,10,1,1,1,1,0,1,0,0,1,0,1,199905.0
15.0,17.0,10.0,3.0,4.0,0.0,0,0.0,8,0,1,1,1,1,0,0,0,1,0,1,50911.0
31.0,35.0,10.0,6.0,1.0,0.0,10,0.0,3,0,0,1,0,0,1,0,0,0,0,0,140000.0
6.0,12.0,15.0,3.0,7.0,0.0,10,8.0,3,0,0,0,1,0,1,1,0,0,0,1,160000.0
5.0,12.0,5.0,6.0,6.0,1.0,6,1.0,2,0,0,0,1,1,0,0,0,0,0,1,44037.0
11.0,14.0,11.0,3.0,6.0,0.0,6,2.0,2,0,0,1,0,0,0,0,0,0,0,1,48333.0
15.0,20.0,10.0,5.0,7.0,1.0,6,0.0,6,0,1,1,1,0,1,0,0,0,0,1,68048.0
8.0,17.0,10.0,5.0,9.0,0.0,10,4.0,3,1,1,0,0,1,0,0,0,0,0,1,140000.0
2.0,4.0,10.0,4.0,5.0,1.0,6,10.0,2,1,0,0,0,0,1,0,0,0,0,1,14383.0
2.0,4.0,2.0,2.0,3.0,2.0,6,0.0,6,1,1,1,1,0,0,0,0,0,0,1,45784.0
8.0,11.0,10.0,3.0,2.0,1.0,6,0.0,3,0,1,0,0,0,0,0,1,0,0,1,21235.0
10.0,10.0,10.0,5.0,5.0,0.0,8,5.0,4,1,0,0,1,0,0,0,1,1,0,1,80000.0
5.0,9.0,10.0,6.0,7.0,1.0,6,0.0,11,1,1,1,1,1,1,1,0,0,0,1,77681.0
2.0,4.0,10.0,3.0,5.0,0.0,6,0.0,4,0,1,1,1,0,0,0,0,0,0,1,14411.0
2.0,4.0,2.0,5.0,5.0,2.0,6,0.0,6,0,1,0,1,0,1,0,0,0,0,1,10944.0
7.0,10.0,7.0,5.0,5.0,0.0,6,1.0,3,0,0,0,1,1,0,0,0,0,0,1,75184.0
12.0,13.0,15.0,6.0,2.0,1.0,3,10.0,7,1,1,0,1,0,0,0,1,0,0,1,37592.0
7.0,11.0,7.0,6.0,7.0,2.0,6,0.0,4,0,1,0,1,0,0,0,1,0,0,1,26726.0
11.0,16.0,11.0,5.0,4.0,0.0,6,1.0,3,1,0,0,1,0,0,0,0,0,0,1,72000.0
12.0,16.0,12.0,5.0,4.0,2.0,9,1.0,6,1,1,1,1,0,1,0,0,0,0,1,82802.0
10.0,13.0,12.0,5.0,5.0,1.0,6,1.0,4,1,1,0,1,0,0,0,0,0,0,1,76095.0
10.0,15.0,15.0,3.0,2.0,1.0,0,0.0,10,1,1,1,1,1,0,0,1,1,0,1,22378.0
5.0,8.0,5.0,5.0,8.0,1.0,6,0.0,18,1,1,1,1,1,1,1,1,0,0,1,11852.0
30.0,36.0,36.0,5.0,9.0,0.0,10,0.0,5,0,1,1,1,0,1,0,0,0,0,1,185000.0
5.0,9.0,5.0,5.0,4.0,0.0,10,1.0,3,0,0,1,0,0,0,0,0,0,1,1,150000.0
6.0,10.0,7.0,5.0,5.0,1.0,4,1.0,7,1,1,1,1,1,0,1,0,0,0,1,29909.0
6.0,12.0,10.0,6.0,5.0,0.0,3,0.0,8,1,1,1,1,0,0,0,1,0,0,1,93443.0
9.0,15.0,9.0,4.0,5.0,1.0,6,0.0,9,1,1,1,1,0,0,0,1,1,1,1,45111.0
4.0,7.0,10.0,5.0,5.0,2.0,3,10.0,2,1,0,0,0,0,0,0,0,0,0,0,12889.0
36.0,40.0,10.0,5.0,1.0,0.0,9,0.0,6,0,1,1,1,0,0,0,0,0,0,0,101910.0
38.0,44.0,10.0,3.0,4.0,0.0,10,8.0,2,0,0,0,1,0,0,0,0,0,0,1,110000.0
6.0,9.0,6.0,6.0,5.0,1.0,6,0.0,4,0,1,1,1,0,1,0,0,0,0,1,60147.0
10.0,14.0,10.0,5.0,2.0,2.0,10,9.0,5,1,0,0,0,0,1,1,0,1,0,1,100000.0
4.0,6.0,4.0,5.0,4.0,0.0,8,2.0,3,0,1,1,0,0,0,0,0,0,0,1,31200.0
2.0,5.0,2.0,5.0,9.0,0.0,10,5.0,6,1,1,1,0,1,0,0,0,1,0,1,148000.0
15.0,23.0,15.0,6.0,7.0,0.0,10,8.0,7,0,1,0,1,0,1,0,0,0,0,1,145000.0
27.0,40.0,27.0,5.0,4.0,1.0,6,9.0,4,1,0,0,0,0,0,0,0,0,0,1,72492.0
14.0,14.0,10.0,5.0,5.0,1.0,9,10.0,7,1,1,1,1,0,0,0,1,0,0,1,108280.0
3.0,20.0,10.0,5.0,5.0,0.0,6,10.0,4,0,1,0,0,0,0,0,1,0,1,1,20000.0
2.0,5.0,10.0,6.0,4.0,0.0,8,0.0,5,0,1,1,1,0,1,0,0,0,0,0,18000.0
4.0,8.0,4.0,5.0,3.0,0.0,6,0.0,3,0,0,0,1,0,1,0,0,0,0,1,51935.0
5.0,10.0,4.0,5.0,9.0,1.0,10,10.0,13,1,1,1,1,1,0,1,0,1,0,0,30000.0
8.0,10.0,8.0,5.0,4.0,0.0,10,0.0,6,0,1,1,1,0,1,0,0,0,0,1,130000.0
7.0,13.0,7.0,5.0,4.0,1.0,3,0.0,5,0,1,0,0,1,1,0,0,0,0,1,64444.0
10.0,14.0,10.0,3.0,9.0,2.0,9,9.0,10,1,1,0,0,1,0,1,0,1,1,1,44586.0
3.0,6.0,3.0,5.0,7.0,0.0,5,8.0,2,0,0,0,0,0,0,1,0,0,0,1,54777.0
9.0,13.0,9.0,3.0,3.0,0.0,8,0.0,4,0,1,0,1,0,1,0,0,0,0,1,23697.0
18.0,22.0,10.0,5.0,1.0,1.0,6,1.0,1,0,0,0,0,0,0,0,1,0,0,0,42962.0
23.0,25.0,22.0,5.0,5.0,1.0,10,0.0,10,0,1,0,1,0,1,1,0,1,0,1,135000.0
21.0,25.0,21.0,6.0,6.0,0.0,10,0.0,6,1,1,1,0,0,0,0,0,0,0,1,175000.0
0.0,6.0,1.0,2.0,4.0,0.0,6,1.0,4,1,0,1,1,0,0,0,0,0,0,0,21381.0
5.0,6.0,10.0,6.0,8.0,0.0,8,0.0,4,0,1,1,1,0,0,0,0,0,0,1,53317.0
5.0,7.0,10.0,6.0,5.0,1.0,3,5.0,4,1,0,0,0,0,0,0,0,0,0,1,64444.0
3.0,10.0,3.0,5.0,2.0,1.0,6,9.0,7,1,1,0,0,0,0,1,0,0,0,0,37592.0
16.0,38.0,17.0,7.0,8.0,1.0,2,9.0,4,1,0,0,0,0,0,0,0,0,0,1,128887.0
17.0,26.0,17.0,6.0,8.0,0.0,10,1.0,3,0,0,0,0,0,1,0,0,0,0,1,214000.0
15.0,20.0,20.0,6.0,7.0,1.0,3,10.0,5,1,0,0,1,0,0,0,0,0,0,1,85925.0
7.0,9.0,7.0,6.0,9.0,1.0,6,1.0,3,1,0,0,0,0,0,0,0,0,1,1,48980.0
20.0,27.0,20.0,5.0,7.0,1.0,3,8.0,3,0,1,0,0,1,1,0,0,0,0,1,92369.0
3.0,3.0,3.0,5.0,5.0,1.0,0,7.0,5,0,0,0,1,0,0,0,0,0,0,1,16709.0
10.0,17.0,10.0,6.0,5.0,1.0,6,0.0,2,0,0,1,0,1,0,0,0,0,0,1,47259.0
26.0,30.0,30.0,5.0,5.0,0.0,10,0.0,8,1,1,1,1,0,1,0,0,1,0,1,231000.0
33.0,40.0,30.0,6.0,3.0,0.0,9,7.0,4,1,1,0,0,0,0,0,0,0,0,1,76433.0
2.0,6.0,2.0,6.0,9.0,1.0,3,3.0,1,1,0,0,0,0,0,0,0,0,0,1,71962.0
2.0,7.0,10.0,5.0,6.0,1.0,10,4.0,6,1,1,1,1,0,0,0,0,0,0,1,180000.0
1.0,10.0,1.0,5.0,8.0,0.0,7,2.0,9,1,1,1,0,1,1,1,0,0,0,1,73842.0
3.0,6.0,10.0,5.0,4.0,0.0,8,0.0,4,0,1,0,1,0,0,0,1,0,0,1,26955.0
11.0,14.0,11.0,6.0,3.0,1.0,4,10.0,14,0,1,1,1,1,1,1,0,0,0,1,22731.0
20.0,33.0,20.0,5.0,4.0,0.0,6,1.0,3,0,0,0,1,1,0,0,0,0,0,1,78183.0
36.0,36.0,40.0,2.0,4.0,1.0,6,1.0,4,0,0,1,1,0,0,0,0,1,0,0,83461.0
7.0,20.0,10.0,7.0,9.0,1.0,3,7.0,5,0,1,0,0,0,1,0,0,0,0,1,80555.0
5.0,10.0,5.0,5.0,7.0,2.0,6,0.0,6,1,1,1,0,1,0,0,0,0,0,0,64444.0
22.0,35.0,27.0,2.0,8.0,1.0,6,1.0,5,0,0,0,1,0,0,0,1,1,0,1,173144.0
9.0,12.0,9.0,4.0,9.0,0.0,10,0.0,5,1,1,0,1,0,0,0,0,0,0,1,170000.0
25.0,30.0,25.0,5.0,5.0,0.0,0,8.0,6,0,0,0,1,1,0,0,0,0,1,1,41214.0
4.0,10.0,4.0,5.0,6.0,1.0,6,0.0,4,0,1,1,0,1,0,0,0,0,0,1,111194.0
20.0,33.0,10.0,5.0,7.0,0.0,10,5.0,11,1,0,1,0,1,0,0,0,1,0,1,250000.0
14.0,18.0,14.0,5.0,4.0,0.0,10,0.0,4,0,1,0,1,0,1,0,0,0,0,1,120000.0
18.0,22.0,18.0,2.0,5.0,0.0,6,6.0,5,0,1,1,0,0,0,0,1,0,0,1,56925.0
5.0,7.0,10.0,5.0,2.0,1.0,3,0.0,4,0,1,1,0,0,0,0,1,0,0,1,51555.0
6.0,9.0,10.0,4.0,2.0,0.0,6,7.0,4,0,1,0,0,1,0,0,0,0,0,1,14993.0
25.0,30.0,25.0,3.0,2.0,0.0,9,0.0,5,0,1,1,1,0,1,0,0,0,0,1,94267.0
28.0,28.0,28.0,3.0,9.0,0.0,9,0.0,8,0,1,0,1,1,1,0,1,0,0,0,132483.0
11.0,22.0,11.0,7.0,6.0,0.0,1,10.0,2,1,0,0,0,0,0,1,0,0,0,1,187701.0
30.0,33.0,32.0,6.0,6.0,0.0,10,1.0,1,0,0,0,0,0,0,0,0,0,0,1,170000.0
4.0,8.0,4.0,6.0,9.0,1.0,10,1.0,6,0,1,1,1,1,0,1,0,0,0,1,300000.0
38.0,46.0,10.0,5.0,8.0,0.0,10,10.0,1,0,0,0,1,0,0,0,0,0,0,1,190000.0
1.0,2.0,10.0,5.0,1.0,0.0,6,2.0,4,1,1,1,0,0,0,0,0,0,0,0,20000.0
16.0,20.0,15.0,5.0,9.0,1.0,10,0.0,7,0,0,1,1,1,0,0,0,0,0,1,145000.0
8.0,15.0,13.0,5.0,9.0,2.0,10,0.0,8,1,1,1,0,0,0,0,1,0,0,1,106000.0
25.0,40.0,25.0,6.0,6.0,2.0,6,0.0,4,0,0,1,0,0,0,0,0,0,0,1,112309.0
4.0,10.0,4.0,4.0,4.0,2.0,10,0.0,6,0,1,1,1,1,0,0,0,0,0,1,65000.0
5.0,11.0,5.0,5.0,9.0,1.0,9,0.0,10,1,1,1,1,1,0,0,0,1,0,1,61146.0
6.0,12.0,10.0,6.0,5.0,2.0,2,0.0,5,0,1,0,1,1,0,0,0,0,0,1,48333.0
7.0,8.0,10.0,6.0,7.0,1.0,10,10.0,1,1,0,0,0,0,0,0,0,0,0,1,170000.0
6.0,11.0,7.0,6.0,4.0,2.0,4,0.0,6,1,1,1,1,1,0,0,1,0,0,1,14356.0
3.0,8.0,3.0,5.0,9.0,1.0,10,0.0,4,0,1,0,1,1,0,0,0,0,0,1,110000.0
8.0,9.0,10.0,6.0,9.0,1.0,0,4.0,8,1,1,0,1,1,1,0,0,0,0,1,42892.0
2.0,5.0,2.0,6.0,9.0,1.0,7,10.0,3,1,0,0,1,0,0,0,0,0,0,1,47259.0
5.0,7.0,5.0,6.0,6.0,1.0,7,1.0,2,0,0,0,0,1,0,0,0,0,0,1,54777.0
15.0,20.0,15.0,6.0,8.0,0.0,0,0.0,6,1,1,1,1,0,0,0,1,0,0,1,18649.0
12.0,18.0,12.0,6.0,3.0,1.0,6,1.0,2,1,0,0,0,0,0,0,0,0,0,1,26730.0
11.0,14.0,10.0,5.0,5.0,0.0,6,0.0,2,0,1,1,0,0,0,0,0,0,0,1,100000.0
4.0,10.0,10.0,6.0,4.0,0.0,3,1.0,2,0,0,1,0,0,0,0,0,0,0,1,56388.0
15.0,20.0,20.0,6.0,4.0,2.0,6,0.0,5,1,1,0,0,0,0,0,0,1,0,1,34370.0
2.0,8.0,2.0,6.0,7.0,2.0,10,9.0,7,1,0,0,0,0,1,1,0,0,1,1,79000.0
10.0,15.0,10.0,2.0,6.0,1.0,6,1.0,5,0,1,1,1,0,1,0,0,0,0,1,52461.0
1.0,4.0,10.0,7.0,3.0,0.0,7,0.0,5,1,1,0,1,0,0,0,1,0,0,0,11600.0
3.0,6.0,3.0,6.0,5.0,2.0,6,8.0,4,0,0,0,1,0,1,0,0,0,0,1,25893.0
26.0,29.0,27.0,6.0,3.0,0.0,6,0.0,6,0,1,1,1,1,0,0,0,0,0,1,67666.0
10.0,34.0,10.0,7.0,7.0,1.0,6,10.0,8,1,1,1,1,0,0,1,0,0,1,1,57230.0
6.0,10.0,6.0,5.0,6.0,0.0,6,1.0,6,0,1,1,1,1,0,0,0,0,0,1,54777.0
2.0,8.0,2.0,5.0,4.0,2.0,10,9.0,4,1,0,0,0,0,1,1,0,0,0,1,90000.0
20.0,24.0,20.0,6.0,7.0,1.0,6,0.0,3,0,1,0,0,1,0,0,0,0,0,1,59073.0
37.0,42.0,10.0,3.0,7.0,1.0,3,9.0,8,1,0,0,1,0,0,1,0,0,1,1,80555.0
7.0,12.0,10.0,6.0,9.0,0.0,7,4.0,9,1,1,1,1,1,0,0,1,0,0,1,32222.0
30.0,30.0,30.0,6.0,6.0,2.0,3,6.0,12,1,1,1,1,0,1,1,0,0,1,1,107406.0
21.0,24.0,10.0,6.0,5.0,1.0,6,0.0,4,0,1,1,1,1,0,0,0,0,0,1,150413.0
3.0,6.0,4.0,7.0,3.0,1.0,9,0.0,10,1,1,1,1,0,0,1,0,0,1,1,52229.0
19.0,24.0,24.0,6.0,9.0,1.0,3,0.0,5,0,1,1,0,1,0,0,0,0,0,1,97740.0
9.0,10.0,10.0,6.0,3.0,0.0,0,1.0,1,0,0,0,0,0,0,0,0,0,0,1,72693.0
1.0,8.0,1.0,3.0,5.0,2.0,6,8.0,4,0,1,0,1,0,1,0,0,0,0,1,14353.0
15.0,20.0,13.0,5.0,5.0,1.0,3,1.0,3,1,0,0,1,0,0,0,0,0,0,1,102036.0
30.0,32.0,10.0,5.0,2.0,1.0,3,8.0,2,0,0,0,0,0,0,0,0,0,0,0,75184.0
16.0,22.0,10.0,5.0,9.0,0.0,3,10.0,11,1,1,1,0,1,1,0,0,0,0,1,118147.0
16.0,24.0,16.0,5.0,7.0,1.0,10,1.0,4,0,0,0,1,0,1,0,0,0,1,1,480000.0
39.0,43.0,10.0,6.0,7.0,2.0,3,10.0,6,0,0,0,1,0,1,1,0,0,0,1,85925.0
7.0,10.0,7.0,6.0,9.0,0.0,7,10.0,6,1,1,1,0,0,0,0,1,0,0,1,71962.0
0.0,3.0,10.0,3.0,4.0,2.0,9,10.0,3,0,1,0,1,0,0,0,0,1,0,1,31847.0
9.0,12.0,12.0,5.0,4.0,1.0,5,1.0,6,0,0,1,1,1,0,0,0,0,0,1,64444.0
19.0,22.0,19.0,5.0,2.0,1.0,9,0.0,6,0,1,0,1,0,1,0,0,0,0,1,76433.0
11.0,18.0,11.0,6.0,9.0,1.0,1,10.0,4,1,0,0,0,0,1,1,0,0,0,1,79962.0
15.0,15.0,24.0,6.0,9.0,2.0,6,10.0,3,0,0,0,1,0,0,0,0,0,0,1,130000.0
0.0,5.0,10.0,5.0,8.0,1.0,10,10.0,3,1,0,0,0,0,0,0,0,0,0,1,91000.0
7.0,15.0,10.0,6.0,4.0,1.0,10,10.0,1,0,0,0,0,0,0,0,0,0,1,0,45000.0
3.0,11.0,10.0,5.0,2.0,2.0,4,1.0,4,1,1,0,1,0,0,0,0,0,0,1,21534.0
30.0,40.0,10.0,3.0,1.0,0.0,6,0.0,5,0,0,1,1,0,1,0,0,0,0,0,19371.0
6.0,10.0,5.0,5.0,9.0,0.0,10,1.0,5,0,1,1,1,1,0,1,0,0,0,1,107000.0
8.0,14.0,10.0,5.0,1.0,0.0,6,0.0,7,1,0,1,1,0,0,0,1,0,1,0,30404.0
5.0,14.0,15.0,3.0,4.0,0.0,10,0.0,7,1,1,1,0,1,0,0,1,0,0,0,100000.0
12.0,17.0,10.0,6.0,1.0,0.0,4,4.0,8,1,1,1,1,0,0,0,1,0,0,0,29909.0
15.0,18.0,17.0,6.0,7.0,1.0,6,0.0,4,1,1,0,0,0,1,0,0,0,0,1,161905.0
5.0,7.0,10.0,6.0,5.0,1.0,6,1.0,4,0,1,0,1,1,0,0,0,0,0,1,22555.0
10.0,15.0,10.0,6.0,9.0,1.0,4,8.0,4,0,0,0,1,0,1,1,0,0,0,1,28712.0
6.0,10.0,10.0,4.0,4.0,2.0,6,8.0,3,0,0,0,1,0,1,0,0,0,1,1,34370.0
3.0,4.0,3.0,3.0,5.0,0.0,8,7.0,4,0,1,0,0,1,0,0,0,1,0,1,40800.0
16.0,26.0,20.0,3.0,6.0,1.0,3,10.0,3,0,1,0,1,0,1,0,0,0,0,1,98814.0
16.0,20.0,19.0,6.0,7.0,1.0,8,1.0,3,0,0,0,0,0,1,1,0,0,0,0,75184.0
1.0,3.0,1.0,2.0,8.0,2.0,3,3.0,10,1,1,1,1,1,1,1,0,0,0,1,16648.0
5.0,10.0,10.0,6.0,6.0,2.0,6,10.0,3,1,0,0,0,0,1,1,0,0,0,1,44123.0
9.0,13.0,7.0,7.0,7.0,1.0,2,3.0,2,1,0,0,0,0,0,0,0,0,0,1,48333.0
7.0,9.0,9.0,5.0,4.0,1.0,6,1.0,4,0,1,1,1,0,1,0,0,0,0,1,34623.0
14.0,23.0,10.0,3.0,6.0,1.0,10,0.0,12,1,1,1,1,1,1,0,1,1,0,1,150000.0
20.0,25.0,20.0,5.0,7.0,1.0,1,1.0,3,0,0,0,1,0,1,0,0,0,0,1,116309.0
4.0,8.0,10.0,2.0,7.0,1.0,6,2.0,4,0,1,1,0,0,1,0,0,0,0,1,64762.0
10.0,13.0,10.0,3.0,7.0,0.0,9,5.0,4,0,0,0,0,0,1,0,0,0,0,1,71337.0
10.0,14.0,10.0,3.0,8.0,1.0,10,2.0,8,1,1,1,1,0,0,0,1,1,0,1,260000.0
14.0,21.0,16.0,6.0,8.0,1.0,0,0.0,6,0,0,0,1,1,1,0,0,0,0,1,23311.0
7.0,13.0,7.0,3.0,4.0,0.0,6,1.0,2,1,0,0,0,0,0,0,0,0,0,0,74239.0
16.0,27.0,10.0,4.0,5.0,0.0,10,10.0,7,0,1,0,1,1,1,0,0,0,0,1,78000.0
3.0,7.0,3.0,6.0,4.0,0.0,8,1.0,2,0,0,0,1,1,0,0,0,0,0,1,24684.0
4.0,7.0,4.0,5.0,7.0,0.0,6,1.0,5,0,1,1,0,0,1,0,0,0,0,1,26881.0
4.0,8.0,4.0,5.0,4.0,0.0,4,0.0,2,1,1,0,0,0,0,0,0,0,0,1,15553.0
4.0,6.0,4.0,5.0,4.0,0.0,6,0.0,7,0,1,1,1,0,0,0,1,0,0,0,62123.0
12.0,22.0,22.0,5.0,7.0,0.0,10,10.0,6,1,0,0,1,1,0,0,0,1,1,1,435000.0
14.0,34.0,15.0,6.0,4.0,0.0,4,10.0,6,0,1,1,1,0,1,0,0,0,0,1,29909.0
5.0,9.0,5.0,5.0,7.0,1.0,10,0.0,3,0,1,0,1,0,1,0,0,0,0,1,110000.0
5.0,10.0,6.0,7.0,7.0,2.0,10,10.0,3,1,0,0,0,0,0,1,0,0,1,1,140000.0
11.0,14.0,10.0,5.0,5.0,1.0,4,7.0,3,0,0,0,0,1,0,0,0,0,0,1,35890.0
7.0,7.0,7.0,5.0,4.0,0.0,4,2.0,2,0,1,0,0,0,0,0,0,0,0,1,10169.0
0.0,3.0,10.0,3.0,5.0,2.0,1,10.0,5,1,1,0,0,1,0,0,0,0,0,1,39981.0
17.0,21.0,10.0,6.0,8.0,0.0,6,1.0,8,1,1,1,1,1,0,0,0,0,0,1,40814.0
4.0,12.0,4.0,5.0,6.0,1.0,6,7.0,5,0,1,0,1,1,1,0,0,0,0,1,19118.0
8.0,14.0,5.0,7.0,4.0,1.0,9,10.0,1,1,0,0,0,0,0,0,0,0,0,1,48407.0
17.0,33.0,17.0,6.0,2.0,1.0,6,0.0,3,1,1,1,0,0,0,0,0,0,0,0,45784.0
6.0,15.0,6.0,6.0,6.0,1.0,9,10.0,2,0,0,0,0,0,0,1,0,1,0,1,63694.0
11.0,17.0,11.0,6.0,4.0,1.0,2,10.0,2,0,1,0,0,0,0,0,0,0,0,1,66592.0
9.0,12.0,9.0,6.0,9.0,1.0,1,0.0,4,1,0,1,1,1,0,0,0,0,0,1,181732.0
7.0,12.0,11.0,5.0,8.0,0.0,10,0.0,4,0,1,0,1,0,1,0,0,0,0,0,90000.0
24.0,27.0,22.0,6.0,9.0,0.0,10,1.0,8,1,1,0,1,1,1,0,0,1,0,1,175500.0
18.0,25.0,25.0,6.0,4.0,1.0,3,0.0,8,1,1,0,1,1,1,0,0,0,1,1,128887.0
7.0,10.0,10.0,5.0,4.0,0.0,10,0.0,5,0,1,0,1,0,0,0,0,0,0,1,149315.0
4.0,12.0,14.0,3.0,2.0,1.0,3,0.0,11,1,0,1,0,0,0,0,0,1,1,0,64444.0
3.0,6.0,5.0,5.0,5.0,2.0,3,0.0,6,0,1,1,1,0,0,0,1,0,0,1,53703.0
6.0,10.0,10.0,7.0,7.0,2.0,6,10.0,4,1,1,0,0,0,0,0,0,0,0,1,28588.0
6.0,25.0,20.0,4.0,7.0,0.0,1,5.0,4,1,1,0,0,1,0,0,0,0,0,1,79962.0
2.0,4.0,10.0,2.0,5.0,1.0,6,2.0,7,0,1,1,1,0,1,0,0,1,0,1,15037.0
14.0,19.0,10.0,5.0,7.0,1.0,6,1.0,2,0,0,0,0,1,0,0,0,0,0,1,43116.0
8.0,11.0,8.0,4.0,4.0,1.0,6,2.0,3,0,1,1,0,0,0,0,0,0,0,1,54351.0
14.0,16.0,10.0,3.0,2.0,0.0,2,0.0,6,1,1,1,1,0,0,0,0,0,1,1,48333.0
23.0,25.0,25.0,3.0,5.0,0.0,3,10.0,7,1,1,0,0,1,0,0,0,1,0,1,102036.0
28.0,35.0,10.0,5.0,1.0,0.0,10,10.0,5,0,1,0,1,0,0,0,0,0,0,0,210000.0
4.0,4.0,10.0,5.0,9.0,1.0,6,10.0,5,1,1,0,0,1,0,1,0,0,0,1,25777.0
5.0,7.0,10.0,6.0,1.0,0.0,3,4.0,7,1,1,1,1,0,1,0,0,0,1,0,204072.0
6.0,6.0,20.0,3.0,5.0,1.0,6,10.0,4,1,1,1,0,0,1,0,0,0,0,1,55438.0
8.0,8.0,6.0,2.0,4.0,1.0,6,0.0,5,1,1,1,1,0,0,0,0,0,0,1,100381.0
9.0,10.0,10.0,2.0,4.0,0.0,6,5.0,3,0,1,1,0,0,0,0,0,1,0,1,145000.0
7.0,15.0,7.0,6.0,4.0,0.0,6,1.0,4,1,0,0,0,0,0,1,0,0,0,1,44544.0
28.0,30.0,34.0,6.0,4.0,2.0,9,9.0,6,0,1,0,0,1,0,1,0,0,0,1,63694.0
7.0,11.0,10.0,5.0,6.0,1.0,6,5.0,15,1,1,0,1,1,1,1,1,0,0,1,85925.0
12.0,23.0,23.0,5.0,5.0,1.0,6,0.0,6,0,1,1,1,0,1,0,1,0,0,1,70193.0
9.0,45.0,37.0,3.0,5.0,0.0,10,0.0,4,0,1,1,0,0,1,0,0,0,0,1,95000.0
8.0,20.0,7.0,6.0,9.0,1.0,3,7.0,8,1,0,0,1,1,1,1,0,0,1,1,73036.0
32.0,41.0,10.0,7.0,1.0,0.0,10,10.0,6,1,1,1,1,0,0,0,0,0,0,0,250000.0
6.0,6.0,11.0,6.0,7.0,0.0,9,3.0,2,1,0,0,1,0,0,0,0,0,0,1,146496.0
5.0,10.0,5.0,5.0,3.0,1.0,10,0.0,7,1,1,0,1,0,0,0,0,1,1,1,118000.0
15.0,21.0,20.0,6.0,4.0,0.0,0,0.0,12,1,1,1,1,1,0,0,1,0,0,1,11189.0
14.0,20.0,14.0,6.0,2.0,1.0,6,10.0,5,1,1,1,1,0,0,0,0,0,0,1,22079.0
18.0,35.0,24.0,6.0,9.0,1.0,6,3.0,6,1,1,0,1,1,0,0,0,0,0,1,112777.0
5.0,10.0,10.0,6.0,5.0,1.0,7,10.0,2,1,0,0,1,0,0,0,0,0,0,1,42962.0
0.0,3.0,20.0,3.0,3.0,0.0,1,10.0,2,0,1,0,0,0,0,0,0,0,0,1,37800.0
6.0,12.0,7.0,3.0,5.0,0.0,0,0.0,5,0,1,1,1,0,0,0,1,0,0,1,15982.0
10.0,15.0,15.0,6.0,5.0,0.0,3,0.0,1,0,0,0,0,0,0,0,1,0,0,1,75184.0
12.0,15.0,13.0,5.0,6.0,0.0,8,0.0,5,0,1,1,1,0,0,0,1,0,0,1,123419.0
18.0,28.0,18.0,6.0,3.0,1.0,3,6.0,10,0,1,1,1,0,1,1,0,1,1,1,118147.0
4.0,16.0,10.0,3.0,1.0,1.0,6,1.0,9,0,1,1,1,0,0,0,1,1,0,0,32576.0
8.0,9.0,8.0,3.0,7.0,0.0,9,0.0,8,1,1,1,1,1,0,0,0,1,0,1,76433.0
34.0,40.0,10.0,6.0,1.0,1.0,2,1.0,3,1,0,1,0,1,0,0,0,0,0,0,53703.0
12.0,16.0,10.0,6.0,1.0,0.0,3,0.0,7,1,1,1,1,0,0,0,0,0,0,0,171850.0
13.0,13.0,10.0,1.0,2.0,2.0,0,0.0,6,1,1,0,1,0,0,0,1,0,0,1,13987.0
3.0,8.0,3.0,7.0,4.0,0.0,6,0.0,6,1,1,1,1,0,0,0,0,0,1,1,49675.0
7.0,11.0,10.0,6.0,4.0,0.0,7,1.0,3,1,0,0,1,0,1,0,0,0,0,1,51555.0
6.0,18.0,6.0,7.0,7.0,1.0,6,10.0,9,1,1,0,0,0,0,0,1,0,0,1,48333.0
14.0,20.0,10.0,5.0,5.0,1.0,6,0.0,9,1,1,1,1,1,0,0,0,0,0,1,155984.0
24.0,30.0,24.0,2.0,5.0,1.0,6,0.0,17,1,1,1,1,0,0,0,0,1,1,1,122559.0
3.0,5.0,10.0,6.0,6.0,0.0,8,10.0,3,0,0,0,1,0,1,0,0,0,0,1,44431.0
12.0,12.0,12.0,5.0,9.0,1.0,10,7.0,4,1,0,1,0,1,0,0,0,0,0,1,300000.0
5.0,8.0,5.0,4.0,4.0,0.0,6,2.0,4,1,1,1,0,0,0,0,0,0,0,1,32222.0
7.0,11.0,8.0,6.0,9.0,0.0,6,10.0,2,1,0,0,1,0,0,0,0,0,0,1,37736.0
4.0,14.0,10.0,6.0,4.0,2.0,2,0.0,2,0,0,1,0,0,0,0,0,0,1,1,102036.0
10.0,2.0,10.0,7.0,2.0,2.0,6,0.0,5,0,1,0,1,0,0,0,1,0,0,1,10741.0
2.0,5.0,2.0,5.0,8.0,1.0,6,0.0,7,0,1,1,0,0,1,1,0,0,1,1,27719.0
17.0,20.0,15.0,2.0,9.0,0.0,10,10.0,3,0,1,1,0,0,0,0,0,0,0,0,200000.0
23.0,27.0,23.0,5.0,7.0,0.0,10,7.0,11,0,1,1,1,1,0,0,0,0,0,1,226000.0
6.0,14.0,10.0,5.0,7.0,1.0,3,4.0,2,1,0,0,1,0,0,0,0,0,0,1,71962.0
7.0,8.0,7.0,6.0,6.0,1.0,3,1.0,6,1,1,0,1,0,0,0,0,1,0,1,73036.0
4.0,7.0,4.0,5.0,3.0,0.0,10,0.0,4,1,1,1,1,0,0,0,0,0,0,1,180000.0
13.0,17.0,17.0,3.0,4.0,0.0,6,5.0,3,1,0,0,0,0,0,0,0,1,0,1,82500.0
12.0,25.0,12.0,3.0,5.0,0.0,10,0.0,13,1,1,1,1,1,1,1,0,1,0,1,160000.0
12.0,14.0,12.0,3.0,2.0,0.0,6,10.0,6,1,0,0,1,0,0,0,0,1,0,0,254425.0
16.0,30.0,16.0,6.0,5.0,0.0,7,1.0,2,1,1,0,0,0,0,0,0,0,0,1,66592.0
5.0,5.0,10.0,5.0,4.0,0.0,10,10.0,1,0,0,0,0,0,0,0,0,0,0,1,150000.0
8.0,10.0,10.0,5.0,9.0,1.0,5,2.0,6,1,1,1,0,0,0,1,0,1,0,1,83777.0
12.0,17.0,10.0,6.0,1.0,1.0,6,0.0,3,0,1,0,1,1,0,0,0,0,0,0,72821.0
6.0,12.0,10.0,2.0,1.0,0.0,6,10.0,2,0,0,1,0,0,0,0,0,0,0,0,91295.0
37.0,42.0,43.0,5.0,4.0,1.0,9,10.0,10,1,1,0,1,0,1,1,0,0,0,1,99999.0
10.0,22.0,25.0,5.0,5.0,1.0,3,0.0,13,1,1,1,1,1,0,1,1,0,0,0,69814.0
9.0,11.0,10.0,5.0,5.0,1.0,10,0.0,5,0,1,0,1,0,0,0,1,0,0,1,70000.0
7.0,16.0,17.0,5.0,1.0,1.0,5,0.0,6,1,1,0,1,0,0,0,0,1,0,1,128887.0
6.0,15.0,6.0,3.0,5.0,0.0,6,1.0,2,0,0,0,0,0,1,0,0,0,0,1,53703.0
13.0,20.0,10.0,6.0,7.0,1.0,10,10.0,7,1,1,0,0,0,0,1,0,0,0,1,134000.0
16.0,16.0,10.0,5.0,5.0,1.0,6,0.0,5,0,1,1,1,0,0,0,1,1,0,1,88035.0
2.0,5.0,2.0,4.0,4.0,1.0,6,0.0,6,1,0,1,1,0,1,0,0,0,0,1,44640.0
6.0,8.0,8.0,6.0,7.0,1.0,6,0.0,3,1,0,1,0,1,0,0,0,0,0,0,143076.0
3.0,12.0,3.0,6.0,4.0,2.0,6,8.0,2,0,0,0,0,0,0,1,0,0,1,1,29696.0
7.0,14.0,7.0,3.0,4.0,1.0,3,1.0,7,1,1,1,1,0,0,0,0,1,1,1,73036.0
20.0,25.0,10.0,5.0,9.0,1.0,3,6.0,8,1,1,1,1,1,1,1,0,0,0,1,97740.0
9.0,9.0,10.0,5.0,1.0,1.0,6,0.0,4,0,0,0,1,0,0,0,0,0,0,1,125525.0
20.0,20.0,16.0,5.0,4.0,0.0,10,10.0,6,1,1,1,1,0,1,0,0,0,0,1,168000.0
9.0,14.0,9.0,7.0,8.0,0.0,9,1.0,3,1,0,0,0,1,0,0,0,0,0,1,63694.0
20.0,22.0,20.0,5.0,5.0,0.0,6,1.0,4,1,0,0,1,0,0,0,1,0,0,1,89087.0
27.0,27.0,10.0,5.0,1.0,0.0,10,2.0,3,0,1,0,0,0,0,0,1,0,0,0,140000.0
9.0,22.0,9.0,3.0,2.0,0.0,6,1.0,8,1,1,1,0,0,0,0,0,1,1,0,17817.0
15.0,25.0,5.0,5.0,4.0,0.0,7,10.0,9,1,1,1,1,0,0,0,1,1,0,0,55851.0
30.0,43.0,33.0,5.0,6.0,0.0,6,1.0,2,0,0,0,0,1,0,0,0,0,0,1,61222.0
27.0,40.0,10.0,5.0,4.0,2.0,9,9.0,5,0,1,1,0,0,0,0,0,0,0,1,80254.0
2.0,9.0,10.0,6.0,3.0,2.0,6,8.0,0,0,0,0,0,0,0,0,0,0,0,1,32222.0
19.0,27.0,10.0,3.0,4.0,0.0,0,0.0,6,0,1,1,1,0,0,0,1,0,0,1,27973.0
30.0,35.0,35.0,5.0,9.0,0.0,10,0.0,2,0,0,1,0,0,1,0,0,0,0,1,165000.0
13.0,18.0,10.0,7.0,7.0,2.0,6,10.0,5,1,1,0,0,0,0,0,0,0,1,1,151984.0
6.0,8.0,6.0,5.0,4.0,1.0,6,1.0,4,1,1,0,0,0,0,0,0,1,0,1,50481.0
29.0,40.0,10.0,5.0,4.0,2.0,9,9.0,4,1,0,0,0,0,0,1,0,0,0,1,81528.0
15.0,20.0,18.0,5.0,8.0,0.0,10,2.0,2,0,1,0,0,0,0,0,0,0,0,1,138000.0
11.0,16.0,12.0,5.0,5.0,1.0,10,0.0,4,0,1,0,1,0,1,0,0,0,0,1,140000.0
3.0,3.0,10.0,3.0,1.0,0.0,6,0.0,15,1,1,1,1,0,0,1,0,1,1,0,21481.0
6.0,11.0,10.0,5.0,3.0,1.0,9,0.0,8,1,1,1,1,0,1,0,0,1,0,1,63694.0
5.0,10.0,5.0,6.0,7.0,1.0,6,10.0,6,1,0,0,1,0,0,1,0,0,1,1,45744.0
4.0,7.0,4.0,3.0,4.0,1.0,6,8.0,8,1,1,1,0,1,0,0,0,0,0,1,53231.0
11.0,17.0,10.0,6.0,4.0,1.0,6,0.0,2,0,0,0,0,0,1,0,0,0,0,1,26852.0
16.0,23.0,16.0,5.0,7.0,0.0,8,1.0,6,0,1,0,1,0,0,0,1,1,0,1,86394.0
4.0,7.0,7.0,5.0,4.0,2.0,6,0.0,8,0,1,1,0,1,0,0,1,1,1,1,18531.0
47.0,51.0,50.0,5.0,5.0,2.0,5,9.0,6,1,0,0,0,0,1,1,0,0,0,1,42962.0
6.0,10.0,7.0,5.0,5.0,0.0,10,0.0,2,0,0,1,0,0,1,0,0,0,0,1,120000.0
22.0,26.0,22.0,5.0,5.0,0.0,1,10.0,4,1,0,0,0,0,0,0,0,0,0,1,152655.0
15.0,23.0,15.0,6.0,5.0,1.0,2,0.0,5,1,0,1,0,0,1,0,0,0,1,1,96666.0
3.0,4.0,3.0,5.0,7.0,2.0,8,10.0,2,1,0,0,0,0,0,0,0,0,0,1,14400.0
4.0,8.0,10.0,6.0,7.0,1.0,7,10.0,6,1,0,0,0,1,0,1,0,0,0,1,23629.0
5.0,7.0,10.0,6.0,3.0,1.0,6,3.0,3,1,0,0,1,0,0,0,0,0,0,1,45111.0
13.0,20.0,12.0,5.0,4.0,0.0,10,0.0,4,0,0,0,1,0,1,0,0,0,0,1,110000.0
8.0,14.0,8.0,5.0,4.0,0.0,8,1.0,3,0,1,1,1,0,0,0,0,0,0,1,40000.0
4.0,5.0,10.0,6.0,7.0,0.0,8,10.0,2,1,0,0,0,0,0,0,0,0,0,1,35000.0
4.0,8.0,10.0,6.0,7.0,0.0,8,5.0,3,0,0,0,0,0,1,0,0,0,0,1,62400.0
5.0,12.0,10.0,2.0,2.0,1.0,6,9.0,2,1,1,0,0,0,0,0,0,0,0,1,54283.0
6.0,10.0,6.0,5.0,3.0,2.0,6,0.0,6,0,0,0,1,1,0,0,0,0,0,1,26852.0
3.0,6.0,3.0,6.0,4.0,1.0,8,3.0,3,1,0,0,1,0,0,0,0,0,0,1,36014.0
0.0,6.0,1.0,2.0,2.0,0.0,6,0.0,5,0,1,1,1,0,0,0,0,1,0,1,11845.0
25.0,30.0,24.0,5.0,9.0,1.0,10,4.0,3,1,0,0,0,1,0,0,0,0,0,1,184000.0
21.0,33.0,24.0,5.0,4.0,0.0,10,10.0,6,1,1,1,1,0,0,0,0,0,0,1,200000.0
2.0,8.0,2.0,2.0,2.0,0.0,10,0.0,7,1,1,1,0,1,0,0,1,0,0,1,36000.0
27.0,30.0,10.0,5.0,9.0,1.0,10,7.0,9,0,1,1,0,1,0,0,0,0,0,1,130000.0
4.0,10.0,9.0,5.0,9.0,1.0,3,1.0,11,0,1,1,1,1,0,0,1,1,0,1,59073.0
18.0,25.0,18.0,6.0,6.0,1.0,6,1.0,15,1,1,1,1,1,1,1,0,0,0,1,71962.0
9.0,10.0,9.0,6.0,3.0,0.0,8,0.0,9,0,1,1,1,0,0,0,1,0,0,1,32954.0
6.0,18.0,6.0,6.0,8.0,1.0,5,10.0,6,1,1,0,0,1,0,1,0,0,0,1,38666.0
19.0,25.0,10.0,4.0,5.0,1.0,6,0.0,4,0,1,0,1,0,1,0,0,0,0,1,38666.0
24.0,30.0,28.0,5.0,9.0,0.0,10,0.0,4,0,1,1,1,1,0,0,0,0,0,1,152000.0
15.0,22.0,10.0,3.0,9.0,0.0,6,10.0,6,1,0,0,0,0,1,0,0,0,1,1,33036.0
26.0,33.0,26.0,6.0,7.0,1.0,6,6.0,6,1,1,0,1,1,0,0,0,0,1,1,161109.0
5.0,10.0,5.0,5.0,5.0,0.0,6,0.0,4,0,1,0,1,0,1,0,0,0,0,1,29488.0
5.0,10.0,10.0,5.0,9.0,0.0,10,1.0,1,0,0,0,0,1,0,0,0,0,0,1,165000.0
16.0,31.0,30.0,6.0,6.0,2.0,10,0.0,4,1,1,0,1,0,1,0,0,0,0,1,67000.0
2.0,5.0,2.0,5.0,2.0,2.0,6,0.0,8,1,0,0,1,1,1,0,0,0,0,1,10854.0
15.0,20.0,10.0,4.0,9.0,0.0,10,0.0,4,0,1,0,1,0,1,0,0,0,0,1,150000.0
17.0,23.0,17.0,5.0,4.0,0.0,6,0.0,4,0,1,0,1,0,1,0,0,0,0,1,64919.0
4.0,6.0,4.0,2.0,4.0,0.0,0,0.0,8,1,1,1,1,0,0,0,0,0,1,1,37297.0
10.0,16.0,10.0,5.0,6.0,2.0,6,9.0,5,1,0,0,0,0,0,1,0,0,1,1,103681.0
4.0,11.0,10.0,6.0,5.0,0.0,6,10.0,1,1,0,0,0,0,0,0,0,0,0,1,21481.0
6.0,9.0,10.0,4.0,4.0,0.0,5,0.0,10,0,1,1,0,0,1,1,0,1,1,1,110628.0
19.0,20.0,10.0,6.0,5.0,2.0,6,0.0,4,0,1,1,1,1,0,0,0,0,0,1,70648.0
5.0,7.0,10.0,5.0,1.0,1.0,2,0.0,5,1,1,1,1,1,0,0,0,0,0,0,50481.0
24.0,30.0,24.0,5.0,9.0,0.0,1,5.0,1,0,0,0,0,0,0,0,0,1,0,1,167194.0
1.0,5.0,10.0,5.0,9.0,1.0,3,0.0,7,0,1,1,1,0,1,0,1,0,0,0,64444.0
2.0,2.0,2.0,3.0,2.0,1.0,6,2.0,6,0,1,1,1,1,0,0,0,0,0,1,23735.0
7.0,12.0,10.0,3.0,2.0,2.0,6,0.0,6,1,0,1,0,0,0,0,0,0,0,1,72673.0
12.0,20.0,12.0,6.0,4.0,0.0,6,1.0,7,0,0,1,1,1,0,0,0,1,0,1,74239.0
6.0,9.0,6.0,6.0,2.0,0.0,2,4.0,1,1,0,0,0,0,0,0,0,0,0,1,53703.0
10.0,14.0,14.0,4.0,2.0,0.0,6,0.0,5,0,1,1,1,0,1,0,0,0,0,1,100275.0
2.0,5.0,2.0,5.0,9.0,0.0,10,2.0,5,0,1,1,0,1,0,0,0,0,0,1,115000.0
8.0,11.0,8.0,6.0,7.0,1.0,6,10.0,8,1,1,1,1,1,0,0,0,0,0,1,52992.0
9.0,11.0,9.0,5.0,6.0,1.0,5,0.0,5,0,1,0,1,1,0,0,0,0,0,1,64444.0
2.0,5.0,2.0,5.0,5.0,1.0,6,4.0,2,1,0,0,1,0,0,0,0,0,0,1,28806.0
6.0,12.0,6.0,6.0,7.0,1.0,2,1.0,1,1,0,0,0,0,0,0,0,0,0,1,61651.0
10.0,15.0,10.0,6.0,7.0,0.0,2,1.0,4,0,0,0,0,1,0,0,0,0,1,0,128887.0
27.0,40.0,30.0,6.0,7.0,0.0,10,1.0,3,1,0,0,1,0,1,0,0,0,0,1,200000.0
12.0,17.0,10.0,4.0,7.0,1.0,6,1.0,3,0,0,1,1,1,0,0,0,0,0,0,171850.0
7.0,13.0,7.0,2.0,5.0,1.0,6,7.0,1,0,0,0,0,0,0,0,0,0,0,1,62296.0
16.0,19.0,16.0,5.0,6.0,0.0,6,7.0,3,0,0,0,0,0,0,0,0,0,0,0,135000.0
20.0,22.0,10.0,6.0,8.0,1.0,6,10.0,5,0,1,0,1,0,0,0,1,0,0,1,155984.0
3.0,6.0,3.0,5.0,5.0,2.0,8,1.0,15,1,1,1,1,1,1,1,1,1,0,1,27251.0
2.0,15.0,15.0,6.0,7.0,1.0,9,0.0,5,0,1,0,1,0,1,0,0,0,0,1,39490.0
12.0,20.0,12.0,5.0,2.0,1.0,10,10.0,5,0,0,0,0,0,1,1,0,1,1,1,160000.0
6.0,8.0,11.0,5.0,4.0,2.0,10,10.0,4,1,0,0,0,0,0,0,0,1,0,1,170000.0
17.0,21.0,14.0,5.0,4.0,0.0,6,0.0,4,0,1,0,1,0,1,0,0,0,0,1,190080.0
10.0,12.0,10.0,6.0,5.0,1.0,2,1.0,4,1,0,0,0,1,0,0,0,1,1,1,167125.0
28.0,40.0,30.0,3.0,6.0,0.0,6,10.0,2,1,0,0,0,0,0,0,0,1,0,1,80000.0
3.0,6.0,2.0,5.0,4.0,0.0,10,0.0,5,1,1,0,0,0,0,1,0,0,1,1,100000.0
4.0,9.0,4.0,5.0,6.0,2.0,5,10.0,2,1,0,0,0,0,1,0,0,0,0,1,45111.0
4.0,9.0,4.0,7.0,4.0,1.0,10,0.0,4,1,1,1,0,0,0,0,0,0,0,1,130000.0
35.0,45.0,35.0,3.0,6.0,1.0,6,1.0,5,1,0,1,1,1,1,0,0,0,0,1,70584.0
10.0,12.0,10.0,3.0,2.0,0.0,6,6.0,4,0,1,1,1,0,0,0,0,0,0,1,83467.0
0.0,6.0,10.0,5.0,9.0,1.0,10,9.0,12,1,0,1,0,1,1,1,0,0,1,1,65000.0
29.0,46.0,28.0,6.0,8.0,0.0,10,10.0,5,1,1,0,1,0,1,0,0,0,0,1,90000.0
2.0,4.0,10.0,5.0,4.0,2.0,9,10.0,5,1,1,1,0,0,0,0,0,0,0,0,44586.0
5.0,9.0,6.0,2.0,9.0,1.0,2,1.0,4,1,0,0,0,1,0,0,0,0,0,1,51555.0
28.0,30.0,10.0,2.0,6.0,0.0,6,2.0,7,0,1,1,1,1,0,0,0,0,0,1,54294.0
13.0,16.0,13.0,6.0,3.0,0.0,9,2.0,9,0,1,1,1,1,1,0,1,0,0,1,60191.0
3.0,7.0,6.0,5.0,4.0,0.0,10,0.0,8,0,1,1,1,0,1,0,0,1,1,1,128563.0
10.0,19.0,10.0,5.0,8.0,0.0,6,0.0,9,0,1,1,1,1,0,0,0,0,0,1,89727.0
14.0,21.0,10.0,5.0,1.0,0.0,0,0.0,6,0,1,1,0,1,0,0,1,0,0,0,25735.0
13.0,15.0,10.0,5.0,4.0,0.0,6,0.0,3,0,0,1,0,0,0,0,0,0,1,1,107406.0
6.0,10.0,6.0,5.0,7.0,2.0,6,4.0,3,0,1,0,1,0,0,0,0,0,0,1,55708.0
16.0,21.0,16.0,5.0,8.0,2.0,10,8.0,4,0,0,0,1,0,0,1,0,0,0,1,165000.0
8.0,13.0,10.0,6.0,4.0,0.0,7,1.0,3,0,1,0,1,0,0,0,1,0,0,1,77332.0
3.0,11.0,3.0,6.0,5.0,2.0,6,10.0,10,1,1,1,0,1,0,1,0,1,1,1,72001.0
8.0,12.0,7.0,6.0,4.0,1.0,2,1.0,5,1,1,1,0,0,0,0,0,0,0,1,61222.0
4.0,4.0,4.0,3.0,3.0,0.0,10,7.0,5,0,1,1,0,1,0,0,0,1,0,1,156000.0
5.0,10.0,10.0,7.0,5.0,1.0,6,2.0,4,1,1,1,0,0,0,1,0,0,0,1,102504.0
11.0,16.0,11.0,7.0,9.0,1.0,7,0.0,3,0,1,1,0,1,0,0,0,0,0,1,48333.0
8.0,11.0,10.0,6.0,6.0,1.0,8,0.0,7,0,1,1,1,1,1,1,0,0,0,1,57000.0
10.0,10.0,17.0,5.0,9.0,0.0,10,0.0,5,1,1,1,0,0,0,0,0,0,0,1,186190.0
37.0,40.0,37.0,5.0,5.0,1.0,9,10.0,8,0,1,1,1,0,1,0,0,0,1,1,133757.0
4.0,9.0,6.0,6.0,9.0,0.0,6,10.0,14,1,1,1,0,1,1,1,0,0,1,0,12889.0
6.0,18.0,6.0,5.0,5.0,0.0,6,10.0,7,1,1,0,0,1,1,1,0,0,1,0,125464.0
5.0,12.0,4.0,3.0,7.0,1.0,6,3.0,6,1,0,0,1,0,1,0,0,1,0,1,85886.0
1.0,6.0,1.0,5.0,2.0,1.0,1,10.0,6,1,1,0,0,0,1,1,0,0,1,1,50885.0
7.0,12.0,7.0,5.0,5.0,0.0,1,1.0,2,0,0,0,1,0,0,0,0,1,0,1,151201.0
3.0,13.0,3.0,6.0,4.0,0.0,8,1.0,3,0,0,1,1,0,1,0,0,0,0,1,40951.0
7.0,12.0,7.0,6.0,6.0,0.0,7,10.0,2,0,0,0,0,0,1,1,0,0,0,1,42962.0
6.0,10.0,10.0,6.0,8.0,1.0,9,10.0,6,1,0,0,0,1,0,1,0,0,0,1,57325.0
2.0,6.0,2.0,6.0,4.0,1.0,6,8.0,2,0,0,0,0,0,0,1,0,0,0,1,44544.0
6.0,11.0,7.0,5.0,7.0,0.0,1,1.0,9,1,0,1,1,0,1,0,0,1,1,1,261694.0
7.0,12.0,7.0,6.0,4.0,0.0,6,0.0,4,1,1,0,1,0,0,0,0,0,0,1,19963.0
3.0,8.0,3.0,5.0,9.0,2.0,6,4.0,2,1,0,1,0,0,0,0,0,0,0,1,12577.0
5.0,7.0,10.0,5.0,4.0,1.0,6,0.0,6,1,1,1,1,0,1,0,0,0,0,1,16951.0
8.0,8.0,10.0,6.0,7.0,1.0,5,1.0,1,1,0,0,0,0,0,0,0,0,0,0,42962.0
5.0,7.0,5.0,5.0,9.0,0.0,10,7.0,1,0,0,0,0,0,0,0,0,0,0,1,106000.0
17.0,22.0,17.0,5.0,4.0,0.0,6,1.0,7,1,1,1,1,0,0,0,0,0,1,1,155984.0
10.0,10.0,10.0,3.0,1.0,0.0,10,0.0,6,1,0,1,1,0,0,0,0,1,0,0,200000.0
1.0,5.0,1.0,5.0,6.0,1.0,3,10.0,3,1,1,0,0,0,1,0,0,0,0,1,50481.0
20.0,27.0,10.0,5.0,5.0,0.0,9,2.0,12,0,1,1,0,1,0,0,1,0,0,1,99363.0
6.0,11.0,10.0,6.0,2.0,0.0,8,0.0,4,1,1,0,1,0,0,0,0,0,0,1,60000.0
7.0,12.0,6.0,6.0,9.0,1.0,4,1.0,6,1,0,1,1,0,0,1,0,0,0,1,38283.0
4.0,10.0,4.0,5.0,5.0,1.0,6,0.0,8,1,0,1,1,0,0,0,0,1,1,1,34370.0
10.0,15.0,15.0,3.0,2.0,1.0,10,10.0,4,0,1,1,1,0,1,0,0,0,0,1,85000.0
10.0,20.0,10.0,5.0,5.0,1.0,6,10.0,15,1,1,1,1,1,1,0,0,1,0,0,152022.0
18.0,25.0,18.0,3.0,2.0,0.0,6,0.0,5,0,1,1,0,1,1,0,0,0,0,0,37592.0
3.0,10.0,10.0,3.0,4.0,1.0,6,0.0,7,1,1,1,1,0,1,0,1,0,0,1,26061.0
37.0,42.0,37.0,6.0,7.0,0.0,10,0.0,10,1,1,1,1,0,1,1,1,0,0,1,180000.0
14.0,18.0,15.0,3.0,5.0,0.0,3,5.0,5,1,1,0,0,0,0,0,0,1,0,1,155739.0
8.0,9.0,8.0,3.0,9.0,0.0,6,10.0,9,1,1,1,1,1,0,0,0,1,0,0,145084.0
19.0,23.0,19.0,6.0,4.0,0.0,6,5.0,4,0,0,0,1,1,0,0,0,0,0,1,76962.0
10.0,12.0,10.0,1.0,1.0,0.0,3,3.0,8,1,0,0,1,0,0,0,1,0,0,0,10741.0
5.0,8.0,5.0,5.0,5.0,0.0,0,1.0,8,0,1,0,1,0,0,1,1,1,1,1,24243.0
15.0,18.0,17.0,5.0,4.0,0.0,0,2.0,5,0,1,1,0,0,1,0,0,0,0,1,103000.0
6.0,8.0,10.0,7.0,4.0,0.0,9,1.0,2,1,0,0,0,0,0,0,0,0,1,1,86624.0
17.0,30.0,20.0,5.0,3.0,1.0,9,10.0,15,1,1,1,1,1,1,0,0,1,1,1,63694.0
5.0,7.0,10.0,6.0,4.0,0.0,8,1.0,4,0,0,1,1,1,0,0,0,1,0,1,78000.0
6.0,10.0,10.0,5.0,9.0,0.0,8,10.0,3,0,1,0,0,1,0,0,0,0,0,1,37026.0
4.0,10.0,4.0,3.0,8.0,1.0,6,1.0,4,0,0,0,0,1,0,0,0,0,1,1,57143.0
16.0,20.0,16.0,3.0,3.0,2.0,5,1.0,2,0,0,0,1,0,1,0,0,0,0,1,96666.0
10.0,20.0,15.0,7.0,4.0,0.0,1,10.0,14,1,1,0,1,1,0,1,0,0,1,1,276233.0
12.0,19.0,12.0,5.0,9.0,1.0,6,9.0,6,1,0,0,0,0,0,1,0,1,1,1,64444.0
24.0,28.0,24.0,5.0,3.0,1.0,1,1.0,2,0,1,0,1,0,0,0,0,0,0,1,90866.0
7.0,11.0,7.0,5.0,9.0,1.0,10,10.0,5,1,0,0,1,1,0,0,0,0,0,1,170000.0
27.0,35.0,27.0,5.0,6.0,0.0,6,0.0,3,0,1,1,0,0,0,0,0,0,0,1,112312.0
15.0,17.0,17.0,5.0,7.0,1.0,6,2.0,3,0,1,1,0,0,0,0,0,0,0,1,138157.0
8.0,9.0,10.0,5.0,8.0,2.0,10,9.0,4,0,0,0,0,0,0,0,0,0,1,1,130000.0
2.0,4.0,1.0,5.0,3.0,2.0,4,1.0,8,1,1,1,1,1,0,0,0,0,1,1,11963.0
6.0,7.0,7.0,5.0,4.0,1.0,6,0.0,3,0,1,1,0,0,0,0,1,0,0,1,51555.0
13.0,20.0,13.0,6.0,4.0,1.0,6,7.0,4,0,0,0,1,1,0,0,0,0,0,1,92884.0
6.0,9.0,10.0,2.0,2.0,1.0,3,8.0,7,1,1,0,1,1,1,1,1,0,0,1,34907.0
8.0,12.0,9.0,5.0,9.0,2.0,9,0.0,8,1,1,1,1,0,0,0,1,0,0,1,96815.0
3.0,5.0,10.0,2.0,4.0,1.0,9,0.0,5,1,1,1,0,0,0,0,0,0,0,1,70063.0
8.0,7.0,10.0,6.0,2.0,0.0,6,0.0,10,1,1,1,1,1,1,0,0,0,0,1,64444.0
13.0,16.0,13.0,5.0,4.0,0.0,3,1.0,2,0,0,0,0,0,0,0,0,0,0,0,81629.0
9.0,19.0,9.0,6.0,6.0,1.0,6,1.0,7,1,1,1,0,1,0,0,0,0,0,1,160440.0
1.0,8.0,1.0,2.0,7.0,1.0,6,10.0,2,1,0,0,0,0,0,0,0,0,0,0,11278.0
42.0,44.0,50.0,6.0,9.0,2.0,10,0.0,5,0,1,0,1,0,0,0,0,0,0,1,136000.0
2.0,4.0,10.0,3.0,1.0,1.0,6,2.0,6,0,1,1,1,0,0,0,0,0,0,0,34748.0
11.0,14.0,11.0,6.0,6.0,1.0,6,1.0,5,1,1,0,1,1,0,0,0,0,0,1,61222.0
7.0,11.0,7.0,3.0,4.0,0.0,4,10.0,8,1,1,0,1,0,0,0,1,1,0,1,23927.0
4.0,4.0,10.0,6.0,7.0,1.0,6,0.0,14,1,1,1,1,1,0,0,1,0,0,1,32222.0
5.0,11.0,10.0,6.0,8.0,2.0,10,10.0,1,0,0,0,0,0,0,0,0,0,0,1,72000.0
12.0,15.0,10.0,5.0,7.0,1.0,0,5.0,5,1,0,0,0,0,0,0,0,0,0,1,20514.0
30.0,35.0,45.0,5.0,7.0,2.0,3,0.0,6,0,1,1,1,0,1,0,0,0,0,1,75184.0
15.0,20.0,10.0,5.0,7.0,0.0,10,0.0,8,1,1,1,0,1,0,0,1,0,0,1,200000.0
16.0,19.0,18.0,5.0,4.0,1.0,6,0.0,5,0,1,1,0,0,0,0,0,1,0,1,75353.0
10.0,15.0,10.0,6.0,4.0,1.0,7,3.0,5,1,0,0,1,0,0,1,0,0,0,1,37592.0
10.0,15.0,10.0,5.0,4.0,1.0,10,2.0,3,0,1,0,0,0,0,0,1,0,0,1,100000.0
9.0,14.0,9.0,3.0,4.0,2.0,5,0.0,4,0,1,0,1,0,1,0,0,0,0,1,45072.0
1.0,5.0,10.0,5.0,9.0,1.0,4,9.0,12,0,1,1,1,0,0,1,1,1,1,1,33498.0
10.0,10.0,10.0,5.0,2.0,0.0,6,0.0,1,0,0,0,0,0,0,0,0,0,0,1,90000.0
11.0,17.0,8.0,6.0,5.0,2.0,10,3.0,9,1,1,0,1,1,0,1,0,0,0,1,126047.0
1.0,3.0,10.0,5.0,2.0,1.0,6,0.0,3,0,1,1,0,0,0,0,0,0,0,1,13985.0
14.0,15.0,10.0,6.0,4.0,1.0,8,10.0,1,0,0,0,0,0,1,0,0,0,0,1,32583.0
12.0,20.0,15.0,6.0,9.0,1.0,7,10.0,3,1,0,0,0,1,0,1,0,0,0,1,139628.0
16.0,23.0,15.0,3.0,2.0,0.0,3,10.0,11,0,1,1,1,1,0,1,0,0,1,0,161109.0
8.0,12.0,8.0,5.0,6.0,1.0,6,1.0,3,0,1,0,1,1,0,0,0,0,0,1,17945.0
7.0,11.0,10.0,5.0,8.0,1.0,10,0.0,5,1,1,0,1,1,0,0,0,0,0,1,350000.0
18.0,20.0,20.0,3.0,4.0,1.0,6,6.0,6,0,1,0,0,0,0,1,1,1,0,1,59073.0
18.0,25.0,10.0,5.0,7.0,1.0,7,2.0,4,0,1,1,0,0,0,0,0,0,0,1,71962.0
4.0,10.0,4.0,5.0,9.0,1.0,4,0.0,9,1,1,1,0,1,0,1,1,0,0,1,40676.0
5.0,10.0,10.0,6.0,7.0,1.0,6,4.0,4,1,0,0,0,0,0,1,0,0,1,1,122559.0
15.0,20.0,20.0,5.0,5.0,0.0,8,8.0,11,0,1,1,1,0,1,0,1,0,0,0,120000.0
20.0,25.0,22.0,5.0,9.0,1.0,4,1.0,8,0,1,1,1,1,0,0,0,1,0,1,112457.0
0.0,9.0,0.0,5.0,8.0,1.0,6,3.0,6,1,0,0,0,1,0,1,0,0,0,1,47470.0
23.0,25.0,23.0,3.0,4.0,1.0,6,9.0,3,0,1,0,0,0,0,1,0,0,0,1,87429.0
7.0,10.0,7.0,5.0,9.0,1.0,9,9.0,2,0,0,0,0,0,1,0,0,0,0,1,70063.0
5.0,5.0,12.0,6.0,4.0,0.0,6,10.0,2,1,0,0,0,0,0,0,0,1,0,1,69814.0
28.0,40.0,10.0,5.0,5.0,0.0,10,0.0,10,1,1,1,1,0,1,0,0,0,0,1,180000.0
16.0,22.0,16.0,5.0,3.0,0.0,6,1.0,2,1,0,0,1,0,0,0,0,0,0,1,64732.0
4.0,7.0,4.0,5.0,4.0,2.0,6,1.0,4,1,1,0,0,1,0,0,0,1,0,1,35541.0
9.0,12.0,12.0,5.0,3.0,1.0,5,0.0,6,0,1,1,1,0,0,0,1,0,0,0,29043.0
45.0,51.0,44.0,5.0,6.0,0.0,9,0.0,11,1,1,1,1,1,1,1,0,1,0,1,53503.0
20.0,25.0,30.0,5.0,2.0,0.0,9,1.0,2,0,0,0,0,0,0,0,0,0,0,1,50955.0
12.0,14.0,12.0,6.0,7.0,1.0,4,0.0,6,1,1,1,1,0,1,0,0,1,0,1,101689.0
12.0,14.0,12.0,5.0,4.0,0.0,10,0.0,8,1,1,1,1,0,0,1,0,0,1,1,160000.0
10.0,17.0,10.0,7.0,6.0,1.0,10,10.0,1,0,0,0,0,0,0,0,0,0,0,1,180350.0
14.0,20.0,10.0,6.0,9.0,0.0,8,9.0,2,1,0,0,0,0,0,0,0,0,0,1,54000.0
5.0,7.0,7.0,6.0,5.0,1.0,0,10.0,4,1,1,0,0,0,1,1,0,0,0,1,17903.0
7.0,9.0,10.0,5.0,9.0,0.0,10,4.0,7,1,1,0,1,0,0,1,0,0,0,1,100000.0
12.0,15.0,12.0,6.0,4.0,0.0,6,8.0,3,1,0,0,0,0,0,1,0,0,1,1,108587.0
2.0,5.0,10.0,5.0,4.0,2.0,6,1.0,7,1,1,1,1,1,0,0,0,0,0,1,56248.0
14.0,25.0,14.0,6.0,1.0,1.0,6,0.0,8,0,1,1,1,1,1,0,0,0,0,1,85846.0
9.0,18.0,15.0,7.0,5.0,2.0,6,0.0,1,0,0,0,0,1,0,0,0,0,0,0,72177.0
13.0,15.0,15.0,5.0,4.0,1.0,3,0.0,5,0,1,1,0,1,0,0,0,0,1,1,75184.0
9.0,14.0,9.0,5.0,7.0,1.0,6,10.0,1,1,0,0,0,0,0,0,0,0,0,1,70008.0
8.0,14.0,10.0,6.0,7.0,1.0,6,10.0,3,1,0,1,0,0,0,0,0,0,0,1,42962.0
10.0,14.0,10.0,4.0,2.0,1.0,6,0.0,5,0,1,1,0,0,0,0,0,0,0,1,89134.0
6.0,11.0,6.0,5.0,7.0,0.0,8,1.0,7,0,1,1,1,0,1,0,0,0,0,1,48578.0
10.0,15.0,10.0,6.0,8.0,0.0,9,0.0,4,0,1,1,0,1,0,0,0,1,0,1,254776.0
4.0,8.0,10.0,5.0,7.0,0.0,10,0.0,7,1,1,0,1,0,1,0,0,0,0,1,115000.0
2.0,9.0,2.0,5.0,3.0,1.0,6,0.0,12,1,1,1,1,1,1,1,0,0,0,1,29566.0
5.0,12.0,5.0,5.0,5.0,1.0,6,0.0,6,1,1,1,0,1,0,0,1,0,0,1,65514.0
9.0,10.0,9.0,6.0,8.0,0.0,6,0.0,5,0,1,1,0,0,0,0,0,1,0,1,102036.0
6.0,7.0,10.0,7.0,3.0,2.0,3,10.0,4,0,0,0,1,0,0,0,0,0,0,1,64444.0
28.0,39.0,10.0,5.0,9.0,0.0,2,10.0,9,1,1,0,0,1,0,1,0,1,0,1,236294.0
15.0,19.0,17.0,3.0,7.0,1.0,9,1.0,5,1,0,0,1,0,0,0,1,1,0,1,178343.0
19.0,22.0,19.0,6.0,9.0,1.0,10,0.0,8,1,1,1,1,1,0,0,0,0,1,1,400000.0
2.0,4.0,2.0,5.0,7.0,1.0,7,0.0,2,0,1,0,0,1,0,0,0,0,0,1,30074.0
6.0,10.0,6.0,3.0,5.0,1.0,6,1.0,5,0,1,1,1,0,0,0,0,1,0,1,46586.0
3.0,5.0,3.0,3.0,4.0,2.0,6,2.0,2,0,1,0,0,0,0,0,1,0,0,1,29000.0
8.0,13.0,8.0,5.0,9.0,1.0,6,2.0,6,0,1,1,0,0,1,0,0,1,0,1,82801.0
34.0,38.0,37.0,4.0,5.0,2.0,1,9.0,4,1,0,0,0,0,0,1,0,0,0,1,116309.0
4.0,5.0,10.0,6.0,8.0,0.0,8,10.0,5,1,0,0,1,0,0,0,1,0,0,1,48000.0
6.0,20.0,10.0,5.0,7.0,1.0,7,10.0,3,0,0,0,1,0,0,0,0,0,0,1,42962.0
8.0,15.0,8.0,5.0,9.0,0.0,10,0.0,7,0,1,1,0,1,1,0,0,1,0,1,220000.0
7.0,12.0,7.0,6.0,3.0,2.0,3,1.0,12,1,1,1,0,0,1,1,1,0,0,1,69814.0
5.0,9.0,9.0,3.0,3.0,0.0,6,6.0,5,0,1,0,0,0,0,0,0,0,1,1,120000.0
2.0,7.0,10.0,2.0,7.0,1.0,6,10.0,4,1,0,0,0,0,0,1,0,0,0,0,18824.0
0.0,4.0,10.0,5.0,7.0,2.0,10,0.0,9,1,1,0,1,1,1,1,0,0,0,1,76000.0
5.0,10.0,7.0,6.0,4.0,1.0,6,3.0,12,1,1,0,1,1,1,1,0,0,0,1,80555.0
17.0,24.0,10.0,5.0,5.0,0.0,7,1.0,3,1,0,0,0,1,0,0,0,0,0,1,64444.0
9.0,13.0,9.0,6.0,2.0,2.0,6,2.0,3,0,1,1,0,0,0,0,0,0,0,1,22700.0
1.0,3.0,10.0,6.0,4.0,2.0,9,0.0,4,0,1,0,1,0,0,0,0,0,1,1,33121.0
10.0,10.0,11.0,5.0,5.0,1.0,3,1.0,6,1,1,1,0,1,1,0,0,1,0,1,80555.0
5.0,9.0,10.0,3.0,3.0,1.0,4,10.0,3,1,0,0,0,0,0,1,0,0,0,1,32301.0
2.0,6.0,2.0,2.0,7.0,0.0,6,1.0,5,0,1,0,1,0,0,1,1,0,0,1,36518.0
22.0,25.0,10.0,3.0,3.0,2.0,3,9.0,3,1,0,0,0,1,0,0,0,0,0,1,53703.0
24.0,35.0,37.0,2.0,8.0,0.0,10,10.0,5,1,1,0,1,0,0,0,0,1,0,1,192000.0
4.0,8.0,4.0,5.0,8.0,0.0,6,10.0,5,1,0,0,1,0,1,0,0,0,0,1,45029.0
8.0,11.0,8.0,5.0,4.0,1.0,2,0.0,10,1,1,1,0,1,1,0,0,1,0,1,55851.0
6.0,6.0,10.0,5.0,7.0,1.0,6,2.0,2,0,1,0,0,0,0,0,0,0,0,1,27525.0
12.0,18.0,10.0,6.0,2.0,0.0,6,8.0,4,0,1,0,0,0,1,0,0,0,0,1,64444.0
17.0,24.0,19.0,6.0,5.0,0.0,3,1.0,5,0,1,0,1,1,0,0,0,0,0,1,85925.0
5.0,11.0,10.0,6.0,5.0,2.0,3,10.0,6,1,0,0,0,0,0,1,0,0,0,1,53703.0
10.0,15.0,10.0,7.0,6.0,2.0,6,10.0,2,1,0,0,0,0,0,0,0,0,0,1,54158.0
15.0,25.0,10.0,6.0,7.0,0.0,10,10.0,4,1,1,0,0,0,0,0,0,0,0,1,180000.0
6.0,10.0,6.0,6.0,8.0,1.0,10,10.0,1,0,0,0,0,0,0,1,0,0,0,1,114400.0
3.0,5.0,10.0,6.0,2.0,2.0,2,0.0,5,1,1,0,1,0,0,0,1,0,0,1,37592.0
4.0,6.0,4.0,5.0,5.0,1.0,6,0.0,8,0,1,1,1,1,1,0,1,0,0,0,15637.0
6.0,6.0,6.0,6.0,6.0,1.0,5,1.0,12,1,0,0,1,1,1,0,0,1,1,1,75184.0
12.0,14.0,12.0,6.0,9.0,0.0,8,1.0,4,0,1,0,1,0,1,0,0,0,0,1,78000.0
6.0,8.0,15.0,7.0,4.0,2.0,2,10.0,2,1,0,0,0,0,0,0,0,0,0,1,128887.0
39.0,40.0,10.0,6.0,1.0,1.0,10,1.0,9,0,1,1,1,1,1,1,0,0,0,0,190000.0
1.0,4.0,10.0,5.0,6.0,1.0,3,10.0,6,1,1,0,1,0,1,0,0,0,0,0,16111.0
15.0,15.0,20.0,5.0,7.0,2.0,10,10.0,6,1,1,0,1,0,0,0,1,0,0,1,68000.0
3.0,5.0,3.0,4.0,3.0,2.0,10,0.0,4,0,1,0,0,0,0,0,1,0,0,1,52500.0
4.0,7.0,4.0,6.0,4.0,1.0,2,1.0,8,0,1,0,1,1,0,1,0,0,0,1,42962.0
6.0,8.0,6.0,5.0,5.0,0.0,9,1.0,4,1,0,0,1,0,0,0,0,0,0,1,114649.0
7.0,6.0,7.0,6.0,9.0,1.0,10,10.0,6,1,0,0,0,0,0,1,0,0,0,1,330000.0
30.0,40.0,10.0,6.0,5.0,2.0,10,10.0,8,0,1,0,1,0,1,1,0,0,0,1,180000.0
5.0,9.0,5.0,5.0,7.0,1.0,6,0.0,9,1,1,1,1,1,0,1,1,0,0,1,17778.0
12.0,14.0,14.0,4.0,4.0,1.0,6,0.0,6,0,1,1,1,0,1,0,0,0,0,0,99099.0
7.0,9.0,7.0,1.0,7.0,2.0,6,1.0,2,0,0,0,1,1,0,0,0,0,0,1,51051.0
17.0,40.0,17.0,6.0,5.0,2.0,3,10.0,6,0,0,0,1,1,0,0,1,0,0,1,53703.0
6.0,7.0,6.0,4.0,4.0,1.0,0,1.0,6,1,1,1,0,0,1,0,0,0,1,1,26854.0
5.0,9.0,10.0,5.0,7.0,1.0,10,0.0,6,1,1,0,1,0,0,0,0,1,0,1,173000.0
7.0,17.0,7.0,6.0,8.0,0.0,10,0.0,4,1,1,1,0,0,0,0,0,0,0,1,155000.0
9.0,19.0,9.0,6.0,5.0,0.0,3,1.0,6,1,0,0,1,0,0,1,0,0,1,1,96666.0
9.0,13.0,9.0,5.0,9.0,1.0,4,0.0,5,0,1,0,1,1,0,0,0,0,0,1,29909.0
4.0,6.0,10.0,6.0,6.0,0.0,3,3.0,4,1,0,0,1,0,0,0,0,0,0,1,53703.0
10.0,26.0,15.0,3.0,4.0,2.0,10,0.0,9,1,1,0,1,0,1,0,0,0,0,1,102000.0
34.0,38.0,34.0,5.0,7.0,1.0,6,0.0,4,0,0,1,1,0,1,0,0,1,0,1,118379.0
18.0,22.0,20.0,6.0,7.0,1.0,6,0.0,5,0,1,0,1,0,1,0,0,0,0,1,58146.0
33.0,35.0,10.0,5.0,1.0,0.0,6,9.0,8,1,0,0,1,0,1,1,0,0,0,0,37120.0
1.0,5.0,1.0,5.0,5.0,2.0,10,0.0,5,0,1,1,1,0,0,0,0,0,0,1,62500.0
24.0,40.0,25.0,7.0,7.0,1.0,10,10.0,5,0,0,0,0,0,0,0,0,0,1,1,117000.0
19.0,25.0,19.0,5.0,4.0,1.0,6,1.0,2,1,0,0,1,0,0,0,0,0,0,1,116032.0
1.0,8.0,10.0,5.0,2.0,2.0,6,0.0,9,1,1,1,1,1,0,0,0,0,0,1,43607.0
7.0,8.0,7.0,4.0,4.0,1.0,1,0.0,6,0,1,1,1,0,0,0,0,1,0,1,65424.0
46.0,51.0,50.0,5.0,4.0,1.0,10,1.0,4,1,0,0,1,0,0,0,0,0,0,1,168000.0
7.0,14.0,10.0,5.0,2.0,1.0,6,2.0,3,0,1,1,0,0,0,0,0,0,0,1,22942.0
2.0,4.0,2.0,5.0,4.0,0.0,6,1.0,5,1,0,0,1,0,0,0,0,0,1,1,60000.0
12.0,14.0,12.0,4.0,4.0,0.0,3,8.0,4,0,1,0,1,1,0,0,0,0,0,1,47796.0
9.0,14.0,9.0,6.0,3.0,0.0,6,1.0,3,1,0,0,1,0,1,0,0,0,0,1,35676.0
2.0,10.0,10.0,5.0,4.0,2.0,6,10.0,3,0,1,0,0,1,1,0,0,0,0,1,42962.0
20.0,28.0,10.0,5.0,9.0,0.0,10,0.0,5,0,0,1,1,0,0,0,0,1,0,1,385000.0
27.0,38.0,28.0,3.0,5.0,0.0,6,0.0,3,0,0,0,1,1,0,0,0,0,0,1,84851.0
38.0,43.0,10.0,3.0,1.0,0.0,6,0.0,5,1,1,0,1,0,0,0,1,0,0,0,107406.0
4.0,9.0,4.0,5.0,5.0,0.0,10,2.0,6,0,1,1,0,1,0,0,0,0,0,1,110000.0
6.0,11.0,6.0,3.0,4.0,1.0,6,0.0,11,0,1,1,0,0,1,0,1,1,0,1,44831.0
9.0,9.0,9.0,6.0,4.0,0.0,6,1.0,6,0,1,0,1,0,0,0,1,0,0,1,59391.0
29.0,43.0,29.0,5.0,9.0,0.0,10,10.0,1,0,0,0,0,1,0,0,0,0,0,1,178000.0
24.0,35.0,25.0,6.0,3.0,1.0,6,8.0,5,1,0,1,0,0,1,0,0,0,0,0,53703.0
3.0,4.0,3.0,6.0,2.0,0.0,9,0.0,6,1,1,0,1,0,0,0,0,0,0,1,54140.0
35.0,45.0,35.0,5.0,7.0,0.0,10,5.0,20,1,1,1,1,0,1,1,0,1,1,1,225000.0
2.0,4.0,2.0,5.0,4.0,1.0,8,1.0,5,1,1,0,1,1,0,0,0,0,0,1,35545.0
17.0,17.0,12.0,3.0,4.0,1.0,6,0.0,10,1,1,1,1,1,0,1,1,0,0,1,29000.0
11.0,17.0,11.0,3.0,5.0,0.0,3,0.0,8,1,0,0,1,0,0,0,1,0,1,1,76258.0
9.0,14.0,8.0,6.0,5.0,2.0,6,1.0,10,1,0,0,1,1,1,1,0,0,0,1,39960.0
10.0,15.0,10.0,5.0,5.0,1.0,6,1.0,6,0,1,0,0,0,1,0,0,0,0,0,97996.0
4.0,7.0,4.0,6.0,9.0,0.0,8,9.0,7,0,1,0,0,0,1,1,0,0,0,1,37056.0
17.0,23.0,20.0,6.0,4.0,1.0,3,10.0,6,0,0,1,1,0,1,0,1,0,0,0,44122.0
10.0,10.0,10.0,5.0,1.0,0.0,6,0.0,3,0,1,0,0,0,0,0,1,0,0,0,37592.0
18.0,25.0,10.0,5.0,5.0,2.0,6,10.0,4,0,1,0,0,0,1,0,1,0,0,1,133700.0
33.0,39.0,39.0,5.0,8.0,1.0,10,0.0,2,0,0,0,1,0,0,0,0,0,0,1,115000.0
2.0,11.0,3.0,2.0,6.0,2.0,6,10.0,10,1,0,1,1,0,1,0,1,1,1,1,49549.0
24.0,32.0,24.0,5.0,2.0,2.0,6,0.0,4,0,1,0,1,0,0,0,0,0,0,1,86401.0
13.0,15.0,16.0,5.0,7.0,1.0,6,10.0,6,0,1,1,0,0,1,0,0,0,0,1,120962.0
3.0,9.0,3.0,3.0,7.0,1.0,6,7.0,1,0,0,0,0,0,0,0,0,0,0,1,30404.0
20.0,30.0,20.0,3.0,2.0,1.0,6,0.0,4,0,0,1,0,0,0,0,0,0,0,1,111417.0
12.0,12.0,12.0,5.0,4.0,2.0,4,10.0,3,0,1,0,1,0,1,0,0,0,0,1,23927.0
9.0,11.0,9.0,5.0,5.0,1.0,7,1.0,9,1,1,0,1,0,0,0,0,0,0,1,57999.0
0.0,3.0,10.0,2.0,6.0,1.0,6,1.0,4,1,0,0,1,0,1,0,0,0,0,1,23629.0
4.0,6.0,9.0,6.0,5.0,1.0,9,3.0,6,1,1,1,1,1,0,0,0,0,0,1,63694.0
16.0,21.0,16.0,5.0,3.0,2.0,6,0.0,2,0,0,0,1,0,1,0,0,0,0,1,67758.0
35.0,40.0,40.0,6.0,4.0,1.0,6,0.0,3,0,0,0,1,0,0,0,1,0,0,1,28821.0
2.0,7.0,2.0,5.0,4.0,0.0,8,1.0,5,1,1,1,0,0,0,0,0,1,0,1,12000.0
24.0,39.0,10.0,3.0,2.0,1.0,6,0.0,5,0,1,0,1,1,0,0,0,0,0,1,35444.0
20.0,25.0,21.0,6.0,4.0,1.0,3,1.0,3,1,0,0,1,0,0,1,0,0,0,1,75184.0
13.0,15.0,10.0,6.0,1.0,0.0,10,10.0,9,1,1,1,1,0,0,0,0,1,1,0,280000.0
10.0,15.0,10.0,5.0,9.0,0.0,6,10.0,6,1,1,1,1,0,0,0,0,0,0,1,79481.0
3.0,6.0,10.0,4.0,4.0,2.0,7,10.0,5,0,1,1,1,0,0,1,0,0,0,1,33296.0
0.0,14.0,1.0,6.0,3.0,1.0,6,0.0,10,1,1,1,1,1,1,1,0,0,1,1,67180.0
16.0,18.0,10.0,5.0,4.0,0.0,3,7.0,4,0,0,0,0,1,0,0,0,0,0,1,74110.0
7.0,11.0,7.0,5.0,9.0,0.0,10,1.0,11,1,1,1,0,1,1,0,0,0,0,1,128000.0
19.0,21.0,22.0,6.0,5.0,1.0,8,1.0,4,0,1,0,1,1,1,0,0,0,0,1,12515.0
1.0,6.0,1.0,5.0,3.0,0.0,6,0.0,5,1,1,0,1,1,0,0,0,0,0,1,29644.0
12.0,18.0,12.0,5.0,2.0,0.0,1,10.0,8,1,0,0,1,0,1,1,0,0,0,1,247156.0
7.0,15.0,15.0,5.0,2.0,2.0,6,10.0,6,1,0,0,1,0,1,0,0,0,0,1,46246.0
30.0,40.0,10.0,5.0,1.0,1.0,2,10.0,5,0,1,0,1,0,0,0,1,0,0,0,25777.0
30.0,36.0,10.0,6.0,9.0,1.0,6,9.0,2,1,0,0,0,0,0,1,0,0,0,1,61866.0
9.0,12.0,10.0,6.0,4.0,2.0,2,1.0,2,0,1,1,0,0,0,0,0,0,0,1,51555.0
5.0,8.0,5.0,5.0,7.0,2.0,6,1.0,8,1,1,1,0,1,0,0,0,1,1,1,198198.0
20.0,23.0,23.0,6.0,9.0,0.0,10,0.0,6,1,1,0,0,0,1,0,0,0,1,1,500000.0
2.0,8.0,2.0,5.0,9.0,0.0,6,9.0,4,1,0,0,0,0,0,1,0,0,0,1,32170.0
6.0,8.0,6.0,3.0,2.0,2.0,1,0.0,2,0,1,0,0,0,0,0,0,0,0,1,116309.0
0.0,3.0,1.0,5.0,5.0,0.0,8,0.0,4,1,1,1,0,0,0,0,0,0,0,1,15000.0
7.0,12.0,7.0,4.0,4.0,0.0,9,0.0,6,1,1,1,0,0,1,0,0,0,0,1,101910.0
25.0,40.0,10.0,3.0,5.0,0.0,10,10.0,17,1,1,0,1,1,1,1,0,0,0,1,120000.0
9.0,13.0,9.0,7.0,6.0,1.0,10,10.0,10,1,1,0,0,1,0,0,0,0,0,1,100000.0
16.0,27.0,16.0,2.0,3.0,0.0,3,0.0,10,1,1,1,1,0,0,0,1,0,0,1,54133.0
1.0,5.0,1.0,3.0,3.0,2.0,6,0.0,8,1,1,0,1,0,0,1,1,0,0,0,19876.0
1.0,5.0,10.0,5.0,1.0,0.0,6,1.0,4,1,1,1,0,0,0,0,0,0,1,0,28512.0
2.0,4.0,2.0,6.0,4.0,1.0,6,10.0,4,1,0,0,0,0,0,0,0,0,0,1,86905.0
8.0,8.0,10.0,4.0,5.0,0.0,10,2.0,8,1,1,1,1,0,1,0,0,0,0,1,107000.0
5.0,7.0,10.0,5.0,4.0,1.0,6,0.0,6,0,1,1,1,1,0,0,0,0,0,1,14298.0
6.0,9.0,10.0,5.0,5.0,0.0,6,1.0,6,0,1,0,1,1,0,0,1,1,0,1,56496.0
8.0,11.0,8.0,6.0,6.0,0.0,8,8.0,1,0,0,0,0,0,1,0,0,0,0,1,59241.0
10.0,15.0,10.0,6.0,4.0,2.0,6,2.0,3,0,1,1,0,0,0,0,0,0,0,1,61866.0
21.0,21.0,10.0,5.0,5.0,0.0,6,1.0,6,0,1,0,1,1,1,0,0,0,0,1,46370.0
6.0,7.0,6.0,5.0,7.0,1.0,6,1.0,3,0,1,0,0,0,1,0,0,0,0,1,57999.0
14.0,20.0,14.0,6.0,7.0,1.0,6,6.0,12,1,1,1,1,1,1,0,1,0,0,1,214812.0
10.0,13.0,10.0,6.0,8.0,1.0,9,0.0,4,0,1,1,0,0,1,1,0,0,0,1,72611.0
12.0,15.0,10.0,6.0,8.0,0.0,8,6.0,3,1,1,0,0,1,0,0,0,0,0,1,114000.0
6.0,7.0,10.0,6.0,3.0,1.0,6,0.0,7,0,0,0,1,0,0,0,1,0,1,1,54375.0
4.0,10.0,7.0,5.0,7.0,1.0,3,1.0,3,1,0,0,1,1,0,0,0,0,0,0,48333.0
10.0,15.0,10.0,5.0,4.0,1.0,6,10.0,10,1,0,0,0,0,0,1,0,1,1,1,70082.0
7.0,15.0,7.0,5.0,7.0,1.0,10,0.0,6,1,1,0,0,0,0,0,0,0,1,1,150000.0
17.0,17.0,10.0,5.0,6.0,1.0,9,2.0,6,1,1,1,0,0,0,0,0,0,1,1,89172.0
12.0,15.0,15.0,6.0,5.0,1.0,6,1.0,2,0,0,1,1,0,0,0,0,0,0,1,30000.0
5.0,10.0,10.0,5.0,4.0,1.0,4,2.0,7,1,1,1,1,1,0,0,0,0,0,1,26320.0
3.0,7.0,3.0,6.0,5.0,2.0,2,0.0,2,0,0,0,0,1,0,0,0,0,0,1,37592.0
2.0,8.0,2.0,5.0,5.0,2.0,5,2.0,4,0,0,0,0,0,1,0,0,0,0,1,38666.0
26.0,32.0,10.0,6.0,2.0,1.0,6,3.0,5,1,1,0,0,0,0,0,0,0,0,1,85925.0
10.0,13.0,13.0,2.0,4.0,1.0,3,0.0,6,1,0,1,1,0,1,0,0,0,0,1,84851.0
4.0,10.0,10.0,5.0,4.0,1.0,6,1.0,7,0,1,1,1,0,0,0,1,1,0,1,33384.0
2.0,10.0,5.0,2.0,3.0,0.0,6,1.0,6,0,0,0,1,0,0,0,0,1,1,1,106960.0
8.0,10.0,8.0,4.0,4.0,2.0,6,0.0,6,0,1,0,1,0,1,1,0,0,0,1,14298.0
5.0,7.0,7.0,5.0,4.0,1.0,6,0.0,6,0,1,0,1,1,1,0,1,0,0,1,11472.0
3.0,4.0,10.0,2.0,5.0,0.0,8,1.0,4,0,1,0,1,0,0,0,0,1,0,1,53317.0
17.0,27.0,17.0,7.0,9.0,0.0,10,3.0,5,1,0,0,1,0,0,0,0,0,0,1,170000.0
16.0,25.0,16.0,6.0,7.0,1.0,6,0.0,5,0,1,1,1,0,1,0,0,0,0,1,53703.0
4.0,9.0,4.0,6.0,7.0,1.0,6,0.0,5,0,1,1,1,0,1,0,0,0,0,0,76321.0
10.0,11.0,10.0,2.0,3.0,0.0,6,2.0,5,0,1,1,0,0,0,0,0,0,0,1,112290.0
13.0,20.0,13.0,6.0,4.0,0.0,3,6.0,5,0,1,1,1,1,0,0,0,0,0,1,112777.0
2.0,10.0,2.0,5.0,3.0,1.0,3,0.0,8,1,1,1,0,0,0,0,0,1,1,1,69814.0
8.0,14.0,10.0,6.0,7.0,1.0,6,0.0,3,0,0,1,0,0,1,0,0,0,0,1,89281.0
3.0,3.0,3.0,6.0,6.0,0.0,8,2.0,4,0,1,1,0,0,0,0,0,0,0,1,23697.0
20.0,22.0,10.0,5.0,1.0,0.0,10,4.0,8,1,1,0,1,1,1,0,0,0,0,0,200000.0
7.0,10.0,35.0,3.0,9.0,1.0,6,10.0,4,0,1,0,1,0,1,0,0,0,0,1,90721.0
7.0,9.0,10.0,6.0,7.0,1.0,8,2.0,3,0,1,1,0,0,0,0,0,0,0,1,60700.0
3.0,8.0,4.0,7.0,2.0,0.0,10,10.0,2,0,0,0,1,0,0,0,0,0,0,1,90000.0
1.0,4.0,2.0,5.0,4.0,0.0,3,10.0,9,1,1,0,1,1,0,1,0,0,0,0,12889.0
5.0,12.0,10.0,6.0,4.0,2.0,10,1.0,3,1,0,0,0,0,0,1,0,1,0,1,150000.0
25.0,30.0,10.0,7.0,1.0,0.0,3,0.0,6,1,0,0,0,1,1,0,0,0,1,0,268515.0
5.0,6.0,10.0,4.0,2.0,1.0,6,1.0,5,1,0,1,1,0,1,0,0,0,0,1,96722.0
9.0,14.0,9.0,3.0,6.0,1.0,6,9.0,5,1,0,0,0,0,1,0,0,0,0,1,70888.0
24.0,30.0,24.0,6.0,4.0,1.0,3,0.0,5,0,1,0,1,0,0,0,0,0,0,1,85925.0
30.0,30.0,30.0,5.0,6.0,0.0,10,0.0,4,1,1,0,1,0,0,0,0,0,0,1,180000.0
2.0,4.0,6.0,6.0,3.0,0.0,8,1.0,11,1,1,0,1,1,1,0,0,0,0,1,17772.0
10.0,18.0,18.0,6.0,3.0,1.0,6,5.0,10,0,1,1,1,0,0,1,0,0,1,1,89134.0
9.0,20.0,9.0,5.0,4.0,0.0,10,1.0,6,1,1,1,1,1,0,0,0,0,1,1,120125.0
0.0,5.0,1.0,3.0,2.0,2.0,6,0.0,11,1,1,1,1,1,0,1,1,0,0,1,22018.0
10.0,13.0,10.0,5.0,4.0,1.0,3,1.0,6,0,1,0,1,1,1,0,0,0,0,1,66592.0
8.0,10.0,16.0,5.0,4.0,0.0,10,1.0,5,0,1,0,1,0,1,0,0,0,0,1,159691.0
22.0,28.0,22.0,6.0,5.0,1.0,0,10.0,3,1,0,0,0,0,1,0,0,0,0,1,186487.0
2.0,2.0,10.0,5.0,6.0,1.0,10,2.0,4,0,1,0,1,0,1,0,0,0,0,1,90000.0
11.0,16.0,10.0,6.0,6.0,0.0,9,5.0,10,1,1,0,0,1,1,1,0,1,0,1,114649.0
3.0,8.0,8.0,3.0,4.0,1.0,3,1.0,3,0,1,1,0,0,0,0,1,0,0,1,21481.0
4.0,8.0,5.0,5.0,5.0,0.0,6,1.0,4,0,1,0,1,0,1,0,0,0,0,1,27175.0
15.0,20.0,15.0,7.0,6.0,0.0,6,7.0,1,0,0,0,0,0,0,0,0,0,0,1,47059.0
9.0,14.0,10.0,6.0,8.0,1.0,10,1.0,7,1,0,0,1,1,0,0,0,0,0,1,114000.0
10.0,15.0,10.0,5.0,7.0,1.0,6,1.0,5,1,0,0,0,1,1,1,0,0,0,1,48333.0
3.0,15.0,3.0,5.0,5.0,0.0,6,0.0,10,1,1,0,0,1,0,1,0,0,1,1,38666.0
11.0,14.0,11.0,5.0,6.0,1.0,3,10.0,6,0,1,1,1,0,1,0,0,0,0,1,107406.0
6.0,10.0,6.0,5.0,5.0,1.0,10,0.0,3,1,0,1,0,0,1,0,0,0,0,1,132000.0
5.0,12.0,5.0,5.0,4.0,1.0,6,0.0,6,1,1,0,1,0,1,0,0,0,0,1,19357.0
6.0,25.0,6.0,7.0,6.0,0.0,3,0.0,9,1,1,1,0,1,0,0,0,0,1,1,105258.0
3.0,8.0,3.0,5.0,5.0,2.0,6,0.0,11,1,1,1,1,1,1,0,0,0,0,1,13757.0
10.0,29.0,10.0,6.0,7.0,0.0,7,8.0,16,1,1,0,1,1,1,1,1,0,0,1,37592.0
9.0,11.0,12.0,5.0,4.0,0.0,1,6.0,5,1,1,1,1,0,0,0,0,0,0,1,138117.0
8.0,18.0,10.0,5.0,9.0,1.0,10,1.0,7,0,0,1,0,0,0,1,0,1,1,1,300000.0
12.0,14.0,11.0,5.0,4.0,1.0,0,1.0,3,0,0,0,0,0,0,0,0,0,0,1,67881.0
8.0,14.0,8.0,7.0,5.0,1.0,10,10.0,7,1,1,0,1,0,0,0,0,0,0,1,150000.0
8.0,9.0,10.0,2.0,5.0,1.0,6,10.0,2,1,0,0,0,0,0,0,0,0,0,1,59940.0
10.0,16.0,10.0,7.0,9.0,1.0,10,10.0,1,1,0,0,0,0,0,0,0,0,0,1,200000.0
3.0,8.0,7.0,2.0,5.0,0.0,10,10.0,1,0,0,0,0,0,0,0,0,0,0,1,105000.0
8.0,14.0,8.0,5.0,7.0,1.0,6,4.0,6,1,1,1,1,0,0,0,0,0,0,0,47259.0
5.0,9.0,10.0,5.0,4.0,2.0,6,7.0,6,1,1,1,0,1,0,0,0,0,0,1,29738.0
6.0,7.0,6.0,6.0,6.0,0.0,8,1.0,5,0,1,1,0,0,1,0,0,0,0,1,96000.0
20.0,25.0,20.0,5.0,3.0,0.0,6,10.0,7,0,1,1,1,1,0,0,1,0,0,1,32222.0
14.0,25.0,16.0,5.0,6.0,0.0,10,1.0,5,1,0,0,1,1,0,0,0,0,0,1,240000.0
9.0,16.0,9.0,3.0,5.0,0.0,6,0.0,6,0,1,1,1,1,0,0,1,0,0,1,76714.0
4.0,8.0,10.0,5.0,6.0,0.0,8,1.0,4,0,0,0,1,0,0,0,0,1,0,1,37026.0
5.0,7.0,5.0,3.0,8.0,1.0,6,2.0,12,0,1,1,1,1,1,1,0,0,1,1,107937.0
9.0,20.0,9.0,3.0,7.0,0.0,10,10.0,7,1,1,0,1,0,1,0,0,1,0,1,230000.0
10.0,12.0,10.0,6.0,9.0,1.0,6,1.0,5,1,1,0,0,0,0,0,0,1,0,1,91295.0
14.0,14.0,10.0,7.0,9.0,0.0,3,0.0,6,0,0,1,1,0,1,0,0,1,1,1,107406.0
36.0,38.0,36.0,5.0,5.0,0.0,10,0.0,6,0,1,1,1,0,1,0,0,0,0,1,153000.0
10.0,11.0,10.0,5.0,7.0,1.0,4,0.0,6,0,1,1,1,0,1,0,0,0,0,1,39479.0
38.0,40.0,10.0,5.0,1.0,0.0,6,8.0,7,0,0,0,1,0,1,1,1,0,0,0,53703.0
2.0,4.0,10.0,2.0,5.0,2.0,6,1.0,13,1,1,0,1,1,1,0,1,0,1,0,14707.0
6.0,7.0,6.0,5.0,2.0,0.0,6,0.0,4,0,1,1,0,0,0,0,0,0,1,1,108000.0
0.0,2.0,7.0,5.0,5.0,1.0,10,10.0,8,0,1,1,1,1,1,1,0,1,0,1,60000.0
7.0,12.0,10.0,6.0,5.0,1.0,6,2.0,5,0,1,1,1,0,0,0,1,0,0,0,75184.0
15.0,30.0,20.0,5.0,5.0,1.0,6,4.0,4,1,0,0,1,0,0,0,0,0,0,1,85886.0
19.0,39.0,24.0,5.0,2.0,0.0,6,10.0,5,1,0,0,1,0,0,0,0,0,0,0,12613.0
6.0,13.0,6.0,6.0,4.0,1.0,2,10.0,6,0,1,0,1,0,0,0,1,0,0,1,53703.0
19.0,17.0,19.0,5.0,7.0,0.0,0,7.0,4,0,0,0,0,1,0,1,0,0,0,1,27973.0
6.0,15.0,6.0,6.0,9.0,1.0,6,0.0,11,1,1,1,0,1,1,0,0,1,0,1,171850.0
16.0,22.0,16.0,5.0,6.0,0.0,4,0.0,5,1,0,0,1,0,0,1,0,0,0,1,44265.0
24.0,36.0,25.0,6.0,5.0,1.0,6,0.0,7,0,1,1,1,0,1,0,1,0,0,1,82802.0
6.0,10.0,6.0,4.0,4.0,2.0,6,8.0,9,1,1,0,1,0,0,1,1,0,0,1,100275.0
4.0,4.0,4.0,5.0,5.0,1.0,4,1.0,5,0,1,0,1,0,0,0,0,0,0,1,17945.0
7.0,10.0,8.0,5.0,5.0,0.0,10,0.0,4,0,1,0,0,0,0,0,0,0,1,1,160000.0
2.0,14.0,10.0,6.0,7.0,2.0,5,10.0,9,1,1,1,0,0,0,1,0,0,1,1,50803.0
8.0,19.0,8.0,3.0,9.0,1.0,6,8.0,2,0,0,0,0,1,0,0,0,0,1,1,58375.0
29.0,35.0,10.0,5.0,4.0,1.0,6,8.0,1,0,0,0,0,0,0,0,0,0,0,1,85846.0
12.0,14.0,12.0,3.0,4.0,0.0,10,0.0,10,0,1,1,1,0,0,0,0,0,0,1,160000.0
8.0,13.0,10.0,5.0,3.0,2.0,10,10.0,2,1,0,1,0,0,0,0,0,0,0,1,180000.0
15.0,20.0,10.0,5.0,5.0,0.0,8,1.0,7,0,1,1,1,1,0,0,1,0,0,1,98736.0
23.0,36.0,27.0,6.0,2.0,1.0,6,1.0,8,0,1,0,1,1,1,1,0,0,0,0,86870.0
3.0,6.0,5.0,2.0,2.0,2.0,6,1.0,3,0,0,0,0,0,0,0,0,1,0,1,69121.0
14.0,18.0,14.0,5.0,2.0,1.0,6,0.0,5,0,0,1,1,0,1,0,0,0,0,1,72117.0
19.0,26.0,21.0,5.0,5.0,0.0,9,10.0,1,0,0,0,0,0,1,0,0,0,0,1,242037.0
7.0,12.0,7.0,5.0,6.0,0.0,6,0.0,4,0,1,0,0,1,0,0,1,0,0,0,25777.0
2.0,3.0,2.0,2.0,5.0,1.0,6,1.0,4,1,1,0,1,0,0,0,0,1,0,1,28011.0
1.0,6.0,3.0,3.0,5.0,1.0,3,2.0,3,0,1,1,0,1,0,0,0,0,0,1,50481.0
9.0,15.0,8.0,5.0,7.0,1.0,6,0.0,5,1,1,0,1,0,0,0,0,0,0,1,47778.0
10.0,15.0,10.0,5.0,5.0,0.0,8,1.0,2,1,0,0,0,0,0,0,1,0,0,1,77332.0
4.0,10.0,5.0,3.0,2.0,1.0,3,10.0,6,0,1,1,0,1,1,0,0,0,0,0,375922.0
4.0,9.0,4.0,2.0,2.0,0.0,6,10.0,9,0,1,1,0,0,0,1,0,0,1,1,107563.0
2.0,7.0,2.0,6.0,5.0,1.0,10,10.0,6,1,0,0,0,0,0,0,0,0,0,1,62000.0
7.0,10.0,10.0,6.0,4.0,1.0,10,5.0,12,1,1,1,1,1,0,0,1,1,0,1,110000.0
5.0,7.0,5.0,6.0,4.0,1.0,6,0.0,3,0,1,1,0,0,0,0,0,0,0,1,122559.0
18.0,22.0,20.0,3.0,4.0,1.0,6,6.0,6,0,1,1,1,0,1,0,0,0,0,1,85846.0
26.0,30.0,26.0,6.0,5.0,0.0,6,8.0,3,0,0,0,1,0,1,0,0,0,0,1,39091.0
3.0,10.0,10.0,3.0,9.0,1.0,9,10.0,6,1,1,1,0,1,0,0,0,1,0,1,26751.0
11.0,15.0,10.0,5.0,4.0,1.0,6,0.0,6,1,1,0,1,1,0,0,0,0,0,1,92492.0
7.0,9.0,25.0,6.0,4.0,2.0,10,1.0,3,1,0,0,1,0,0,0,0,0,0,1,200000.0
10.0,13.0,15.0,3.0,2.0,0.0,10,10.0,8,1,1,0,1,0,1,1,0,0,0,1,113000.0
14.0,20.0,10.0,5.0,4.0,0.0,1,0.0,1,0,0,1,0,0,0,0,0,0,0,1,105405.0
40.0,50.0,46.0,6.0,4.0,2.0,10,0.0,8,0,1,1,1,0,1,1,0,0,0,1,100000.0
15.0,20.0,20.0,5.0,5.0,0.0,10,0.0,7,1,1,0,1,0,0,0,1,1,0,0,175000.0
20.0,40.0,24.0,7.0,4.0,0.0,9,10.0,10,1,1,1,0,0,1,1,0,0,1,1,121018.0
4.0,5.0,10.0,5.0,2.0,2.0,6,0.0,6,1,1,1,1,0,0,0,1,0,0,1,72673.0
8.0,15.0,8.0,5.0,4.0,2.0,6,0.0,8,0,1,1,1,0,0,0,1,1,0,1,33991.0
2.0,5.0,10.0,5.0,2.0,0.0,6,1.0,3,0,0,0,0,1,0,0,0,1,0,1,21419.0
2.0,6.0,2.0,5.0,4.0,0.0,10,0.0,8,1,1,1,0,0,1,1,0,0,0,1,57000.0
5.0,20.0,10.0,5.0,4.0,1.0,3,5.0,6,1,1,1,0,1,0,0,0,0,0,1,112777.0
5.0,6.0,5.0,6.0,7.0,1.0,6,2.0,3,1,0,0,1,0,0,0,0,0,0,1,71962.0
14.0,15.0,15.0,4.0,7.0,0.0,3,0.0,6,0,1,1,0,1,0,0,0,1,0,1,107406.0
7.0,8.0,10.0,6.0,4.0,0.0,10,3.0,6,1,1,0,1,0,0,0,0,0,0,1,150000.0
29.0,29.0,29.0,3.0,7.0,1.0,10,0.0,9,1,1,1,1,0,1,0,0,0,0,1,120000.0
3.0,15.0,5.0,3.0,5.0,1.0,10,0.0,10,1,1,1,1,0,1,1,0,0,0,1,125000.0
15.0,25.0,10.0,6.0,2.0,0.0,6,1.0,6,0,1,1,1,0,0,0,1,0,0,1,120000.0
20.0,25.0,10.0,3.0,4.0,0.0,10,4.0,5,0,1,0,1,0,0,1,0,0,0,1,115000.0
16.0,20.0,17.0,5.0,4.0,1.0,6,0.0,11,0,1,1,1,1,1,1,0,0,0,1,27765.0
19.0,24.0,20.0,4.0,6.0,1.0,3,1.0,6,1,1,0,0,1,0,0,0,0,0,1,80555.0
4.0,5.0,4.0,3.0,7.0,0.0,7,10.0,5,1,1,1,0,0,0,0,0,1,0,1,75184.0
4.0,7.0,4.0,5.0,9.0,1.0,10,8.0,7,1,0,0,0,1,0,0,0,0,1,1,120000.0
18.0,25.0,20.0,6.0,8.0,1.0,4,6.0,5,1,1,0,0,0,1,0,0,0,0,1,107671.0
40.0,45.0,36.0,6.0,2.0,1.0,2,10.0,3,1,0,0,0,0,0,0,0,0,0,0,48333.0
10.0,14.0,8.0,6.0,9.0,1.0,10,1.0,3,0,0,0,0,0,0,1,0,1,0,1,300000.0
6.0,15.0,6.0,6.0,7.0,1.0,6,1.0,6,1,1,1,0,0,1,0,0,0,0,1,48916.0
16.0,21.0,15.0,5.0,7.0,0.0,6,7.0,5,0,0,0,0,0,0,0,0,0,0,1,132132.0
3.0,7.0,3.0,5.0,8.0,1.0,10,4.0,3,1,0,0,1,0,1,0,0,0,0,1,160000.0
12.0,17.0,12.0,6.0,6.0,1.0,7,0.0,3,1,1,0,0,0,0,0,0,0,0,1,73036.0
9.0,15.0,10.0,5.0,8.0,0.0,10,10.0,8,1,1,0,0,0,0,1,0,0,1,1,200000.0
36.0,44.0,40.0,5.0,4.0,0.0,10,0.0,9,1,1,0,0,0,1,1,0,0,0,1,400000.0
3.0,6.0,3.0,3.0,4.0,1.0,4,10.0,11,1,1,1,1,0,0,0,1,1,0,1,10169.0
0.0,4.0,10.0,5.0,9.0,1.0,3,10.0,5,1,1,0,0,1,0,0,0,0,0,1,75184.0
4.0,10.0,7.0,5.0,6.0,1.0,6,10.0,6,1,0,0,1,0,1,1,0,0,0,0,42962.0
4.0,8.0,4.0,6.0,2.0,2.0,2,0.0,13,1,1,1,1,1,1,1,0,1,0,1,52629.0
12.0,20.0,12.0,6.0,4.0,1.0,6,0.0,4,0,1,0,0,0,0,0,1,0,0,1,85886.0
7.0,17.0,10.0,6.0,7.0,0.0,6,1.0,5,0,0,0,1,0,0,1,0,1,0,1,107406.0
6.0,10.0,7.0,5.0,6.0,0.0,6,0.0,4,0,1,1,0,0,1,0,0,0,0,1,64444.0
15.0,20.0,15.0,5.0,2.0,1.0,6,0.0,12,1,1,1,1,1,0,0,0,0,0,1,133700.0
20.0,20.0,20.0,3.0,4.0,1.0,2,0.0,2,0,0,1,0,0,0,0,0,0,0,1,80555.0
4.0,6.0,4.0,7.0,4.0,1.0,10,10.0,3,1,0,0,0,0,0,0,0,0,0,1,130000.0
7.0,12.0,5.0,6.0,7.0,0.0,8,1.0,5,0,1,0,1,0,0,0,1,0,0,1,17279.0
2.0,6.0,6.0,6.0,7.0,1.0,2,10.0,8,1,0,0,0,0,0,1,0,0,1,1,31148.0
15.0,15.0,10.0,5.0,9.0,1.0,6,7.0,6,1,0,0,0,1,0,0,0,0,0,1,61768.0
1.0,15.0,1.0,6.0,5.0,1.0,6,1.0,18,1,1,1,1,1,1,1,0,0,0,1,25359.0
8.0,12.0,10.0,7.0,6.0,1.0,10,6.0,2,0,0,0,0,0,0,1,0,0,1,1,320000.0
8.0,12.0,8.0,5.0,5.0,0.0,9,2.0,4,0,1,1,0,0,0,0,0,0,0,1,86472.0
4.0,5.0,10.0,6.0,4.0,1.0,10,10.0,4,1,0,0,1,0,0,0,0,0,0,1,38000.0
6.0,14.0,8.0,3.0,7.0,2.0,10,0.0,12,0,1,1,1,1,0,1,1,1,0,1,75000.0
3.0,17.0,10.0,5.0,6.0,0.0,0,0.0,3,0,1,1,0,0,0,0,0,0,0,1,16187.0
7.0,8.0,7.0,5.0,5.0,0.0,6,1.0,5,1,1,0,1,0,0,0,0,1,0,1,123732.0
9.0,15.0,10.0,6.0,1.0,0.0,6,0.0,4,0,0,1,0,1,0,0,0,1,0,0,27079.0
12.0,15.0,8.0,7.0,7.0,1.0,10,10.0,2,1,0,0,0,0,0,0,0,0,0,1,110000.0
4.0,5.0,4.0,5.0,9.0,1.0,6,1.0,1,0,0,0,0,0,1,0,0,0,0,1,48303.0
7.0,9.0,7.0,6.0,9.0,0.0,0,1.0,2,0,0,0,0,1,0,0,0,0,0,1,34873.0
14.0,17.0,10.0,5.0,5.0,0.0,10,5.0,3,1,0,0,0,0,0,0,0,0,1,1,215000.0
3.0,8.0,3.0,6.0,9.0,1.0,6,1.0,4,1,0,0,1,1,0,0,0,0,0,1,16807.0
2.0,6.0,10.0,5.0,5.0,0.0,4,0.0,7,1,1,1,0,0,0,1,0,1,0,1,13160.0
14.0,17.0,14.0,5.0,4.0,2.0,6,10.0,4,1,1,0,1,0,0,0,1,0,0,1,72532.0
3.0,7.0,3.0,6.0,6.0,1.0,3,1.0,12,1,1,0,0,1,0,1,0,0,1,1,68740.0
20.0,20.0,25.0,2.0,2.0,0.0,1,5.0,7,1,1,1,0,0,0,1,0,1,1,0,90866.0
12.0,20.0,12.0,6.0,9.0,0.0,6,1.0,3,0,1,0,1,1,0,0,0,0,0,1,73363.0
4.0,4.0,15.0,5.0,2.0,0.0,10,0.0,8,0,1,1,1,0,1,0,0,1,1,1,105000.0
2.0,13.0,10.0,5.0,2.0,2.0,10,10.0,3,1,0,1,0,0,0,0,0,0,0,1,150000.0
12.0,15.0,12.0,4.0,7.0,1.0,9,6.0,3,1,0,0,0,1,0,0,0,1,0,1,152865.0
10.0,14.0,10.0,5.0,4.0,0.0,10,1.0,3,1,0,0,1,0,0,0,0,0,0,1,181500.0
12.0,17.0,10.0,6.0,4.0,0.0,8,6.0,6,1,1,0,1,0,0,1,0,0,0,1,74052.0
26.0,31.0,10.0,5.0,4.0,0.0,6,0.0,2,0,1,0,0,0,0,0,0,1,0,1,81123.0
11.0,14.0,11.0,5.0,3.0,0.0,10,0.0,5,0,1,1,1,0,1,0,0,0,0,1,130000.0
17.0,23.0,10.0,2.0,5.0,0.0,1,2.0,3,0,1,1,0,0,0,0,0,0,0,1,101770.0
8.0,11.0,11.0,6.0,9.0,1.0,5,0.0,7,0,1,1,1,1,0,0,0,0,0,1,102036.0
35.0,40.0,10.0,6.0,2.0,1.0,10,3.0,5,1,0,0,0,0,0,0,0,0,0,1,85000.0
6.0,10.0,7.0,6.0,9.0,1.0,10,10.0,6,1,1,0,1,0,0,0,0,0,0,1,173500.0
25.0,25.0,25.0,3.0,2.0,0.0,10,0.0,9,0,1,0,1,0,1,1,1,0,0,1,150000.0
21.0,25.0,21.0,6.0,2.0,0.0,10,0.0,5,1,0,1,1,0,1,0,0,0,0,1,200000.0
12.0,20.0,10.0,3.0,5.0,0.0,10,0.0,4,1,1,1,1,0,0,0,0,0,0,1,140000.0
9.0,12.0,10.0,6.0,4.0,1.0,8,10.0,7,1,0,0,1,0,0,0,0,0,0,1,22216.0
12.0,16.0,12.0,7.0,5.0,2.0,6,10.0,4,1,0,0,0,0,0,1,0,0,0,1,111417.0
3.0,24.0,10.0,6.0,9.0,0.0,10,10.0,4,1,0,0,1,1,0,0,0,0,0,1,135000.0
9.0,15.0,9.0,3.0,7.0,0.0,10,10.0,8,1,1,0,0,0,0,0,0,1,1,1,160000.0
12.0,16.0,12.0,5.0,6.0,2.0,6,1.0,3,0,0,0,1,1,0,0,0,0,0,1,69865.0
3.0,6.0,3.0,5.0,9.0,1.0,4,0.0,7,1,1,1,1,1,0,0,0,0,0,1,11724.0
5.0,14.0,5.0,7.0,9.0,2.0,7,10.0,5,1,0,0,1,0,0,0,0,0,0,1,64444.0
18.0,21.0,18.0,6.0,4.0,0.0,10,0.0,5,1,1,1,0,0,0,0,0,0,0,1,140000.0
21.0,24.0,23.0,5.0,4.0,0.0,9,2.0,3,0,1,1,0,0,0,0,0,0,0,1,127388.0
9.0,13.0,9.0,6.0,2.0,0.0,9,0.0,5,1,0,1,0,0,0,0,0,1,0,1,101910.0
20.0,25.0,10.0,3.0,7.0,0.0,6,4.0,11,1,1,1,1,0,0,0,0,1,1,1,134454.0
5.0,19.0,25.0,6.0,4.0,2.0,6,0.0,5,0,1,1,1,0,0,0,1,0,0,0,133700.0
25.0,40.0,10.0,7.0,1.0,0.0,3,10.0,7,1,1,0,1,0,0,1,1,0,0,0,214812.0
4.0,10.0,4.0,5.0,2.0,2.0,3,0.0,10,1,1,1,1,0,0,0,1,0,1,1,53703.0
1.0,5.0,1.0,6.0,5.0,1.0,3,1.0,2,0,0,0,1,0,0,0,0,1,0,1,53703.0
5.0,7.0,5.0,5.0,5.0,2.0,6,0.0,5,1,1,0,1,0,0,0,1,0,0,1,11264.0
4.0,5.0,10.0,3.0,4.0,1.0,6,0.0,4,0,1,0,1,0,0,0,1,0,0,1,22600.0
29.0,35.0,29.0,6.0,4.0,0.0,0,0.0,16,1,1,1,1,1,1,1,0,0,0,1,33941.0
8.0,10.0,9.0,3.0,4.0,1.0,6,2.0,3,1,1,0,0,0,0,0,0,0,0,0,53703.0
19.0,24.0,19.0,5.0,5.0,1.0,10,10.0,2,1,0,0,0,1,0,0,0,0,0,1,243000.0
25.0,38.0,25.0,3.0,4.0,2.0,9,0.0,7,0,1,1,1,0,1,0,1,0,0,1,44586.0
13.0,13.0,13.0,5.0,5.0,0.0,6,2.0,3,0,1,1,0,0,0,0,0,0,0,1,74655.0
17.0,20.0,10.0,3.0,4.0,1.0,3,2.0,4,0,1,1,0,0,0,0,0,0,0,1,52629.0
17.0,20.0,10.0,5.0,5.0,1.0,6,1.0,4,0,1,0,0,0,0,0,1,0,0,1,14832.0
8.0,15.0,8.0,5.0,7.0,1.0,6,8.0,2,1,0,0,0,0,0,1,0,0,0,1,44544.0
15.0,32.0,10.0,5.0,7.0,0.0,10,1.0,6,1,1,1,0,0,0,0,0,0,1,1,180000.0
4.0,5.0,10.0,2.0,4.0,0.0,10,10.0,8,1,1,1,1,0,0,0,0,1,0,1,80000.0
2.0,5.0,4.0,5.0,4.0,0.0,4,10.0,5,0,0,0,0,1,1,1,0,0,0,1,29909.0
6.0,18.0,6.0,6.0,3.0,0.0,2,0.0,3,1,1,0,0,0,0,0,0,0,0,1,64444.0
3.0,8.0,2.0,3.0,5.0,0.0,6,10.0,8,1,1,1,0,0,0,0,0,0,0,0,61441.0
6.0,14.0,6.0,6.0,5.0,0.0,8,8.0,6,1,1,0,1,0,1,1,0,0,0,1,37026.0
23.0,27.0,23.0,4.0,5.0,0.0,1,1.0,3,1,0,1,1,0,0,0,0,0,0,1,152655.0
4.0,11.0,4.0,2.0,4.0,1.0,10,0.0,5,0,1,1,0,0,0,0,0,0,0,1,68000.0
12.0,15.0,12.0,5.0,3.0,1.0,3,0.0,6,0,1,1,1,0,0,0,1,0,0,1,79910.0
6.0,9.0,6.0,2.0,9.0,1.0,6,0.0,7,1,0,1,1,1,0,0,0,0,1,1,71538.0
13.0,16.0,13.0,5.0,7.0,0.0,6,10.0,3,1,0,0,0,0,0,1,0,0,0,1,29696.0
9.0,12.0,9.0,2.0,2.0,0.0,6,0.0,6,0,1,0,1,0,0,0,1,1,0,1,171850.0
0.0,10.0,10.0,6.0,4.0,1.0,2,0.0,6,1,1,1,1,0,0,0,0,0,0,1,46185.0
2.0,16.0,2.0,6.0,5.0,1.0,3,1.0,9,1,1,1,1,0,0,1,0,0,1,1,75184.0
3.0,8.0,10.0,2.0,4.0,2.0,6,8.0,9,1,1,0,1,1,1,1,0,0,0,1,32222.0
1.0,10.0,10.0,5.0,9.0,1.0,6,1.0,9,0,1,1,1,1,0,0,0,0,0,1,43155.0
4.0,10.0,10.0,5.0,4.0,0.0,10,0.0,4,0,1,1,1,0,0,0,0,0,0,1,130000.0
18.0,22.0,10.0,6.0,5.0,0.0,7,1.0,5,1,1,0,1,0,0,0,0,0,0,1,80555.0
10.0,15.0,10.0,6.0,5.0,0.0,6,1.0,3,0,0,0,0,0,0,0,0,0,0,1,91295.0
20.0,24.0,25.0,6.0,7.0,2.0,6,0.0,5,0,1,0,0,0,1,0,0,0,0,1,50507.0
3.0,14.0,10.0,5.0,4.0,1.0,10,0.0,5,0,1,0,1,0,0,0,1,0,0,1,120000.0
10.0,16.0,10.0,3.0,4.0,0.0,6,0.0,1,0,0,0,0,0,1,0,0,0,0,1,50689.0
43.0,44.0,10.0,5.0,4.0,1.0,10,1.0,4,1,0,0,1,1,0,0,0,0,0,1,145000.0
1.0,4.0,1.0,6.0,7.0,1.0,10,10.0,4,1,0,0,1,1,0,0,0,0,0,1,140000.0
22.0,24.0,10.0,3.0,5.0,0.0,10,10.0,5,0,1,1,0,0,0,0,0,1,0,1,185000.0
15.0,20.0,15.0,6.0,9.0,0.0,6,10.0,5,0,0,0,0,1,0,1,0,0,0,0,71765.0
23.0,27.0,23.0,5.0,4.0,1.0,6,0.0,14,1,1,1,1,1,0,1,1,1,1,1,92492.0
10.0,12.0,11.0,5.0,9.0,1.0,4,0.0,5,0,0,1,1,1,0,0,0,0,0,1,35890.0
2.0,7.0,10.0,6.0,7.0,2.0,3,10.0,5,1,1,0,1,0,0,0,0,0,0,1,67476.0
5.0,8.0,5.0,5.0,4.0,2.0,6,0.0,5,0,1,0,1,0,1,0,0,0,0,1,22096.0
11.0,11.0,11.0,6.0,4.0,1.0,5,0.0,1,0,0,0,0,0,0,0,0,0,0,1,77332.0
3.0,6.0,3.0,5.0,8.0,2.0,10,9.0,3,1,0,0,0,0,0,1,0,0,0,1,150000.0
4.0,8.0,4.0,5.0,7.0,2.0,6,5.0,6,1,0,0,0,1,0,0,0,1,0,1,18548.0
10.0,13.0,10.0,6.0,2.0,0.0,2,0.0,7,0,1,1,1,1,0,0,1,0,0,1,51018.0
7.0,10.0,7.0,5.0,9.0,0.0,10,4.0,5,1,0,0,1,0,0,0,0,0,0,1,180000.0
0.0,5.0,10.0,3.0,3.0,0.0,1,0.0,11,1,1,1,1,1,0,0,0,0,0,1,22677.0
6.0,14.0,7.0,5.0,9.0,0.0,10,1.0,7,1,1,1,1,1,0,0,0,1,0,1,180000.0
10.0,15.0,10.0,5.0,9.0,1.0,10,0.0,6,0,1,1,0,1,0,0,0,1,0,1,209000.0
10.0,15.0,10.0,5.0,2.0,1.0,10,0.0,5,1,1,1,0,0,0,0,0,0,0,1,200000.0
20.0,30.0,25.0,5.0,6.0,1.0,6,9.0,7,1,1,0,0,1,1,1,0,0,0,0,111417.0
1.0,3.0,1.0,4.0,2.0,2.0,6,0.0,6,0,1,1,1,0,1,0,1,0,0,1,12984.0
18.0,25.0,18.0,5.0,5.0,0.0,9,6.0,4,0,1,1,0,0,0,0,0,1,0,1,159235.0
30.0,43.0,30.0,3.0,5.0,1.0,3,0.0,6,0,1,1,1,1,0,0,0,0,0,1,71962.0
35.0,37.0,35.0,6.0,5.0,1.0,10,9.0,6,1,1,0,0,0,0,0,0,0,1,1,180000.0
5.0,16.0,12.0,4.0,9.0,0.0,1,8.0,11,1,1,1,1,0,1,1,1,1,0,1,90866.0
6.0,9.0,6.0,6.0,6.0,0.0,8,1.0,3,1,0,0,0,1,0,0,0,1,0,1,57999.0
5.0,15.0,5.0,6.0,3.0,1.0,2,10.0,6,0,0,0,1,0,0,1,0,0,1,1,118147.0
19.0,23.0,19.0,5.0,9.0,0.0,10,0.0,8,0,1,1,1,0,0,0,0,1,0,1,202000.0
18.0,28.0,25.0,3.0,2.0,0.0,1,0.0,4,0,1,0,1,0,0,0,1,0,0,1,43616.0
8.0,11.0,10.0,5.0,7.0,1.0,6,7.0,0,0,0,0,0,0,0,0,0,0,0,1,71082.0
17.0,23.0,23.0,6.0,4.0,2.0,3,10.0,13,1,1,0,1,1,0,1,1,1,1,0,48333.0
1.0,5.0,10.0,6.0,9.0,1.0,2,10.0,4,1,0,0,0,1,0,0,0,0,1,1,38666.0
13.0,18.0,13.0,5.0,6.0,1.0,6,9.0,3,1,0,0,0,0,0,1,0,0,0,1,84851.0
6.0,8.0,6.0,5.0,3.0,1.0,0,0.0,6,1,1,0,1,0,0,0,1,0,0,1,18649.0
17.0,24.0,20.0,3.0,7.0,0.0,9,0.0,5,0,1,1,1,0,1,0,0,0,0,1,101910.0
20.0,27.0,24.0,7.0,5.0,1.0,2,10.0,6,1,1,1,1,0,0,0,0,1,1,1,91295.0
4.0,6.0,4.0,5.0,4.0,2.0,6,0.0,4,0,1,1,1,1,0,0,0,0,0,1,55933.0
5.0,15.0,10.0,6.0,8.0,2.0,3,10.0,6,1,0,0,0,0,0,1,0,0,0,1,118147.0
15.0,20.0,24.0,5.0,5.0,0.0,10,0.0,5,0,1,1,0,0,1,0,0,0,1,1,400000.0
8.0,11.0,10.0,5.0,7.0,1.0,3,0.0,6,0,1,1,1,1,0,0,0,0,1,1,66592.0
7.0,20.0,8.0,5.0,6.0,0.0,6,10.0,14,1,1,0,1,1,1,1,0,0,0,0,104000.0
2.0,6.0,2.0,3.0,4.0,2.0,6,8.0,3,1,1,0,0,0,0,0,0,0,0,1,10000.0
3.0,7.0,10.0,3.0,3.0,2.0,10,10.0,7,1,1,1,1,0,1,0,0,1,0,1,48000.0
27.0,25.0,10.0,7.0,9.0,2.0,10,5.0,2,1,0,0,0,0,0,0,0,0,0,1,177000.0
12.0,15.0,15.0,6.0,4.0,0.0,3,6.0,5,0,1,1,1,0,0,0,0,0,0,1,128887.0
11.0,22.0,13.0,7.0,7.0,2.0,6,0.0,3,0,0,0,0,0,1,1,0,0,0,1,27451.0
9.0,20.0,10.0,5.0,3.0,0.0,10,0.0,9,1,1,1,1,0,1,0,0,0,0,1,85000.0
2.0,3.0,10.0,5.0,2.0,1.0,6,2.0,3,0,1,0,1,0,0,0,0,0,0,1,71280.0
39.0,45.0,40.0,6.0,4.0,0.0,10,9.0,4,0,0,0,0,0,0,1,0,0,1,1,175000.0
2.0,6.0,10.0,5.0,7.0,2.0,10,10.0,4,1,0,0,0,1,0,0,0,0,0,1,77000.0
28.0,34.0,27.0,6.0,6.0,1.0,6,9.0,4,1,0,0,0,0,0,1,0,0,0,1,48333.0
6.0,9.0,6.0,4.0,5.0,2.0,2,5.0,12,1,1,1,1,1,1,0,1,1,0,1,48333.0
3.0,7.0,3.0,5.0,7.0,1.0,4,0.0,4,0,0,0,1,1,0,0,0,0,0,1,10767.0
36.0,36.0,10.0,5.0,4.0,2.0,6,10.0,3,0,0,0,1,0,1,0,0,0,0,1,52503.0
2.0,10.0,10.0,6.0,7.0,1.0,6,10.0,3,1,1,0,1,0,0,0,0,0,0,1,144002.0
0.0,6.0,1.0,6.0,9.0,1.0,9,9.0,11,1,1,1,0,1,0,1,1,0,1,1,44586.0
15.0,15.0,15.0,6.0,3.0,1.0,6,10.0,7,1,1,1,1,0,0,0,1,0,0,1,175397.0
2.0,7.0,10.0,5.0,4.0,1.0,6,5.0,4,1,0,0,0,1,0,0,0,0,0,1,73333.0
5.0,8.0,10.0,5.0,1.0,1.0,5,4.0,6,1,0,0,1,0,0,0,0,0,0,0,39740.0
3.0,7.0,3.0,6.0,5.0,1.0,3,3.0,2,1,0,0,1,0,0,0,0,0,0,1,128887.0
13.0,15.0,13.0,5.0,4.0,1.0,10,1.0,4,0,1,1,1,0,1,0,0,0,0,1,125000.0
3.0,6.0,10.0,5.0,9.0,1.0,6,1.0,2,0,0,1,0,0,1,0,0,0,0,1,29102.0
4.0,6.0,10.0,6.0,5.0,2.0,2,10.0,4,0,0,0,1,0,0,0,0,0,0,1,48333.0
13.0,17.0,13.0,5.0,6.0,0.0,10,10.0,3,1,0,0,0,0,0,0,0,0,0,1,210000.0
11.0,14.0,14.0,4.0,7.0,0.0,10,5.0,9,1,0,1,1,0,1,0,1,1,0,1,140000.0
9.0,13.0,10.0,6.0,4.0,2.0,1,1.0,3,0,0,0,1,1,0,0,0,0,0,1,87231.0
10.0,12.0,10.0,6.0,5.0,1.0,6,0.0,4,0,1,1,0,0,0,0,0,1,0,1,67461.0
9.0,15.0,9.0,5.0,9.0,2.0,10,8.0,5,1,0,0,0,0,1,1,0,0,0,1,146000.0
8.0,12.0,10.0,5.0,3.0,0.0,1,0.0,5,1,1,0,1,0,0,0,0,0,0,1,76328.0
6.0,18.0,6.0,5.0,4.0,0.0,6,1.0,7,0,1,1,1,0,0,0,0,0,1,1,96000.0
18.0,25.0,10.0,7.0,4.0,1.0,2,10.0,3,0,1,0,0,0,0,0,0,0,0,1,268515.0
15.0,25.0,10.0,5.0,9.0,0.0,6,10.0,2,0,1,0,0,0,0,0,0,0,0,1,61457.0
16.0,19.0,16.0,2.0,5.0,1.0,6,10.0,4,0,0,0,1,0,0,0,1,1,0,1,78729.0
8.0,12.0,9.0,6.0,5.0,0.0,10,0.0,6,1,1,1,0,0,1,0,0,0,0,1,160000.0
18.0,18.0,10.0,2.0,1.0,0.0,6,0.0,6,0,1,1,1,0,0,0,1,0,0,0,85925.0
16.0,28.0,10.0,6.0,1.0,0.0,10,10.0,8,1,1,1,1,0,1,0,0,0,0,0,364000.0
12.0,22.0,12.0,3.0,4.0,0.0,10,0.0,6,1,1,1,1,0,0,0,0,0,1,1,158000.0
8.0,14.0,15.0,5.0,9.0,1.0,10,1.0,8,1,1,1,1,1,0,0,0,0,0,1,305000.0
6.0,9.0,10.0,5.0,9.0,0.0,10,10.0,6,1,1,0,1,0,1,0,0,0,0,1,115000.0
7.0,12.0,10.0,5.0,5.0,1.0,6,4.0,4,1,0,0,0,1,0,0,0,0,0,1,33296.0
2.0,4.0,2.0,3.0,4.0,2.0,6,0.0,5,1,1,1,0,0,0,0,0,0,0,1,58286.0
0.0,7.0,35.0,5.0,4.0,1.0,6,10.0,6,0,1,0,0,0,1,0,0,0,0,0,79663.0
24.0,30.0,10.0,5.0,9.0,0.0,10,1.0,7,0,0,0,1,1,1,0,1,0,0,1,200000.0
2.0,3.0,2.0,3.0,5.0,1.0,6,0.0,3,0,1,1,0,0,0,0,0,0,0,1,13302.0
5.0,10.0,10.0,6.0,1.0,0.0,2,2.0,1,0,0,0,0,0,0,0,0,0,0,0,150369.0
12.0,22.0,12.0,2.0,4.0,0.0,6,0.0,12,1,1,1,1,1,0,1,0,1,1,1,96666.0
0.0,13.0,1.0,3.0,3.0,0.0,10,0.0,3,0,1,1,1,0,0,0,0,0,0,1,75000.0
20.0,29.0,20.0,5.0,3.0,0.0,0,1.0,7,1,1,0,1,0,0,1,1,0,0,0,33568.0
8.0,10.0,10.0,6.0,5.0,1.0,6,6.0,3,1,0,0,0,0,0,0,0,0,0,1,96666.0
1.0,6.0,10.0,5.0,9.0,1.0,10,0.0,2,0,0,0,1,0,0,1,0,0,0,1,180000.0
22.0,24.0,24.0,4.0,3.0,0.0,6,10.0,10,1,1,1,1,0,0,1,1,0,0,1,35691.0
9.0,15.0,9.0,5.0,3.0,0.0,6,0.0,4,0,1,0,1,0,0,0,1,0,0,1,15818.0
5.0,7.0,5.0,6.0,5.0,1.0,6,0.0,9,1,1,1,0,0,1,1,0,1,0,1,49493.0
4.0,6.0,4.0,5.0,4.0,0.0,6,1.0,3,0,1,1,1,0,0,0,0,0,0,1,70000.0
16.0,20.0,16.0,4.0,2.0,0.0,10,0.0,7,1,1,1,1,0,0,0,1,0,1,1,175000.0
35.0,37.0,35.0,3.0,3.0,1.0,10,8.0,4,0,1,0,1,0,0,0,0,0,0,1,150000.0
16.0,20.0,16.0,5.0,7.0,1.0,2,1.0,6,1,1,1,0,1,1,0,0,0,1,1,88073.0
13.0,13.0,10.0,5.0,3.0,0.0,10,2.0,6,0,1,1,0,0,0,0,0,0,1,1,175000.0
0.0,4.0,1.0,5.0,9.0,0.0,6,1.0,11,1,1,0,1,1,1,1,0,0,0,0,19797.0
3.0,9.0,3.0,2.0,4.0,1.0,6,0.0,6,0,1,0,1,0,1,0,1,1,0,1,26852.0
8.0,11.0,10.0,2.0,5.0,1.0,3,1.0,1,0,0,0,0,1,0,0,0,0,0,1,75184.0
20.0,30.0,20.0,3.0,6.0,1.0,7,1.0,2,0,1,0,0,0,1,0,0,0,0,1,85925.0
3.0,13.0,3.0,5.0,3.0,1.0,5,1.0,11,1,1,0,1,1,1,0,1,0,1,1,38280.0
4.0,8.0,10.0,5.0,5.0,1.0,5,2.0,3,0,1,1,0,0,0,0,1,0,0,1,69814.0
15.0,20.0,15.0,5.0,4.0,1.0,6,0.0,5,0,1,0,1,1,0,0,0,0,0,1,52906.0
7.0,12.0,15.0,4.0,9.0,0.0,6,8.0,6,0,1,0,1,0,1,0,0,0,0,1,57230.0
7.0,11.0,7.0,5.0,4.0,1.0,3,1.0,11,1,1,1,1,0,0,1,1,0,0,1,48333.0
10.0,14.0,10.0,6.0,3.0,0.0,6,0.0,5,0,1,1,0,1,0,0,0,0,0,0,59073.0
12.0,15.0,12.0,5.0,5.0,0.0,6,1.0,6,0,1,1,1,0,1,0,0,0,0,1,107406.0
1.0,6.0,1.0,6.0,5.0,2.0,4,3.0,2,1,0,0,0,0,0,0,0,0,0,1,19142.0
10.0,10.0,10.0,5.0,1.0,0.0,10,4.0,4,0,1,1,1,0,0,0,0,0,0,0,100000.0
17.0,20.0,17.0,5.0,5.0,1.0,6,10.0,1,0,0,0,0,0,0,0,0,0,1,1,96666.0
29.0,37.0,29.0,3.0,4.0,0.0,6,0.0,10,1,1,1,1,1,1,1,0,0,0,1,268515.0
10.0,12.0,10.0,2.0,7.0,1.0,6,0.0,6,0,1,1,1,1,1,0,0,0,0,1,128129.0
22.0,22.0,10.0,6.0,9.0,1.0,6,0.0,6,0,1,1,1,0,1,0,0,0,0,1,86093.0
7.0,11.0,7.0,4.0,5.0,2.0,10,2.0,4,0,0,0,1,0,0,0,1,0,0,1,64000.0
17.0,21.0,10.0,5.0,9.0,1.0,5,1.0,1,0,0,0,0,0,0,0,0,0,0,0,144998.0
28.0,35.0,10.0,6.0,2.0,0.0,3,7.0,5,1,0,0,1,1,0,0,0,0,0,1,82703.0
15.0,20.0,15.0,2.0,3.0,1.0,6,0.0,7,1,1,1,1,0,0,0,0,0,1,1,133700.0
18.0,24.0,18.0,6.0,8.0,1.0,10,8.0,3,0,0,0,0,0,1,1,0,0,0,1,150000.0
9.0,12.0,9.0,2.0,4.0,0.0,6,1.0,8,1,1,0,1,0,1,0,0,1,0,1,37592.0
3.0,5.0,3.0,5.0,5.0,0.0,8,1.0,5,1,1,0,1,0,0,0,1,0,0,1,24000.0
2.0,3.0,3.0,4.0,2.0,0.0,6,7.0,8,1,1,1,0,0,1,1,0,0,0,1,11129.0
40.0,39.0,10.0,6.0,3.0,2.0,10,0.0,8,1,1,0,0,0,0,0,0,0,1,1,180000.0
25.0,30.0,25.0,4.0,7.0,0.0,10,0.0,8,1,1,1,1,0,1,0,1,0,0,1,155000.0
30.0,37.0,30.0,5.0,9.0,1.0,9,1.0,3,0,0,0,0,0,1,1,0,1,0,0,254776.0
7.0,15.0,7.0,5.0,7.0,0.0,6,0.0,4,0,1,1,0,0,1,0,0,0,0,1,34010.0
3.0,12.0,3.0,6.0,3.0,1.0,9,10.0,6,1,1,1,1,0,0,0,0,0,0,1,126114.0
23.0,33.0,23.0,3.0,7.0,2.0,6,1.0,2,0,0,0,1,1,0,0,0,0,0,1,26993.0
8.0,9.0,8.0,5.0,5.0,1.0,10,0.0,5,0,1,0,1,0,1,0,0,0,0,1,78000.0
40.0,42.0,40.0,5.0,5.0,0.0,10,0.0,3,0,0,1,0,1,0,0,0,0,0,1,170000.0
14.0,15.0,10.0,2.0,3.0,0.0,10,2.0,8,1,1,1,1,0,0,0,0,1,0,1,180000.0
10.0,15.0,10.0,6.0,5.0,1.0,6,1.0,2,1,0,0,0,1,0,0,0,0,0,0,57230.0
3.0,4.0,3.0,5.0,4.0,0.0,9,2.0,2,0,1,0,0,0,0,0,0,0,0,1,57325.0
14.0,19.0,10.0,6.0,2.0,1.0,3,1.0,5,0,1,1,1,1,0,0,0,0,0,1,64444.0
17.0,24.0,10.0,6.0,9.0,1.0,6,8.0,2,0,1,0,0,0,0,0,0,0,0,1,85925.0
5.0,15.0,5.0,6.0,4.0,1.0,6,10.0,8,1,0,0,0,1,0,1,0,0,1,1,55708.0
24.0,25.0,25.0,6.0,2.0,0.0,9,0.0,5,0,1,1,1,0,0,0,0,0,0,1,57325.0
20.0,27.0,10.0,6.0,4.0,0.0,3,1.0,3,0,0,0,1,0,0,0,0,0,0,1,66055.0
4.0,6.0,6.0,2.0,5.0,0.0,3,0.0,12,1,1,1,1,1,1,0,0,1,1,1,50481.0
13.0,15.0,16.0,5.0,4.0,1.0,6,1.0,2,0,0,1,0,0,0,0,0,1,0,1,103063.0
3.0,6.0,3.0,3.0,7.0,1.0,10,0.0,4,0,1,1,0,0,1,0,0,0,0,1,98000.0
5.0,10.0,10.0,6.0,6.0,1.0,3,0.0,5,0,1,1,0,1,0,0,0,0,0,1,109554.0
20.0,22.0,22.0,6.0,5.0,0.0,1,0.0,4,0,1,1,1,0,1,0,0,0,0,1,87231.0
14.0,28.0,14.0,5.0,5.0,1.0,6,0.0,4,0,1,0,1,0,0,0,0,1,0,1,96129.0
12.0,15.0,12.0,6.0,7.0,1.0,6,1.0,8,1,1,1,1,0,1,0,0,0,1,1,76307.0
8.0,12.0,7.0,5.0,4.0,1.0,1,0.0,10,1,1,0,1,0,1,0,1,0,1,1,72693.0
30.0,40.0,30.0,6.0,2.0,2.0,3,8.0,15,1,1,1,1,0,1,1,0,0,0,1,107406.0
32.0,44.0,10.0,5.0,1.0,0.0,1,0.0,7,0,1,1,1,1,0,0,1,0,0,0,101770.0
6.0,8.0,6.0,5.0,7.0,0.0,10,4.0,4,1,0,0,1,0,0,0,0,1,0,1,121000.0
12.0,14.0,13.0,7.0,7.0,1.0,4,7.0,6,0,1,1,0,0,0,1,0,0,0,1,41872.0
10.0,20.0,25.0,7.0,9.0,0.0,6,5.0,15,1,1,0,1,0,1,0,1,1,0,1,52122.0
3.0,5.0,10.0,2.0,4.0,1.0,6,2.0,3,0,1,1,0,0,0,0,0,0,0,0,21481.0
12.0,21.0,12.0,5.0,5.0,0.0,9,1.0,5,0,0,0,1,0,1,0,0,0,0,1,63694.0
9.0,12.0,9.0,5.0,7.0,0.0,1,1.0,8,1,1,0,1,1,0,0,0,1,0,1,141751.0
2.0,4.0,10.0,5.0,4.0,2.0,3,0.0,5,0,1,1,0,1,0,0,0,0,0,1,60147.0
12.0,16.0,10.0,5.0,4.0,0.0,6,10.0,4,0,1,0,0,0,0,0,0,1,0,1,211000.0
32.0,36.0,10.0,5.0,1.0,1.0,6,10.0,10,1,1,1,0,0,0,0,1,1,1,0,32285.0
7.0,12.0,6.0,6.0,4.0,0.0,9,9.0,6,1,1,0,0,0,0,0,0,0,1,1,66242.0
8.0,12.0,10.0,3.0,5.0,1.0,6,1.0,2,0,0,0,0,1,1,0,0,0,0,1,55418.0
11.0,18.0,10.0,6.0,6.0,0.0,6,1.0,4,1,0,0,0,1,0,0,0,0,0,1,75184.0
14.0,25.0,14.0,3.0,9.0,1.0,6,5.0,6,0,1,1,1,0,1,0,0,0,0,1,54937.0
6.0,10.0,6.0,5.0,4.0,0.0,6,10.0,5,0,1,1,1,0,0,0,0,1,0,1,53782.0
5.0,10.0,5.0,4.0,5.0,1.0,6,0.0,7,1,1,1,1,0,1,0,0,0,0,1,61921.0
30.0,40.0,10.0,5.0,1.0,0.0,9,0.0,6,0,1,1,1,0,1,0,0,0,0,0,22930.0
26.0,32.0,10.0,5.0,2.0,0.0,6,0.0,6,0,1,1,1,0,0,0,0,0,0,0,79279.0
3.0,1.0,2.0,5.0,9.0,1.0,0,4.0,9,0,1,0,1,0,1,0,0,0,1,1,10294.0
23.0,24.0,10.0,5.0,6.0,1.0,2,0.0,4,0,1,0,1,0,0,0,0,0,0,1,48333.0
3.0,9.0,3.0,6.0,6.0,1.0,6,8.0,6,1,0,0,1,0,0,1,0,0,0,1,27926.0
10.0,10.0,10.0,6.0,7.0,1.0,10,10.0,6,1,1,1,1,0,0,0,0,0,0,1,140000.0
4.0,11.0,5.0,5.0,4.0,0.0,6,2.0,7,0,1,1,0,0,1,1,0,0,0,0,90000.0
2.0,8.0,2.0,5.0,9.0,1.0,10,1.0,8,1,1,1,0,1,0,0,0,0,0,1,245000.0
14.0,20.0,10.0,4.0,3.0,0.0,10,0.0,6,0,1,0,1,0,1,0,0,0,0,1,110000.0
20.0,20.0,10.0,3.0,6.0,0.0,6,2.0,4,0,1,0,1,0,0,0,1,0,0,1,59073.0
4.0,10.0,4.0,5.0,5.0,1.0,10,0.0,5,1,1,1,1,0,0,0,0,0,0,1,90000.0
1.0,3.0,3.0,6.0,4.0,2.0,3,3.0,2,1,1,0,0,0,0,0,0,0,0,1,59073.0
5.0,9.0,5.0,6.0,4.0,1.0,6,5.0,4,0,1,1,0,0,0,0,0,1,0,1,39893.0
7.0,9.0,8.0,6.0,7.0,0.0,8,1.0,5,1,1,0,0,1,0,0,0,0,0,1,70600.0
2.0,0.0,10.0,6.0,5.0,1.0,3,10.0,3,0,1,1,0,0,0,0,0,0,0,1,70888.0
8.0,10.0,8.0,5.0,4.0,2.0,5,2.0,3,0,1,1,0,0,0,0,0,0,0,1,49016.0
2.0,5.0,3.0,6.0,3.0,2.0,7,1.0,4,0,0,0,0,1,1,0,0,0,0,1,32222.0
4.0,7.0,3.0,5.0,4.0,1.0,4,2.0,3,0,1,1,0,0,0,0,0,0,0,1,16749.0
40.0,40.0,40.0,7.0,3.0,2.0,10,0.0,9,1,1,0,1,0,0,0,0,0,1,1,165000.0
13.0,13.0,13.0,5.0,4.0,2.0,0,0.0,5,0,1,1,1,1,0,0,0,0,0,1,30211.0
12.0,12.0,12.0,3.0,4.0,0.0,6,1.0,2,0,0,0,1,0,0,0,0,0,0,1,35890.0
10.0,15.0,10.0,5.0,4.0,2.0,6,0.0,5,0,1,1,1,1,0,0,0,0,0,1,34370.0
12.0,20.0,10.0,6.0,4.0,0.0,6,10.0,5,1,1,1,1,0,0,0,0,0,0,1,79189.0
4.0,7.0,5.0,6.0,8.0,1.0,6,0.0,3,0,0,1,1,1,0,0,0,0,0,1,133700.0
7.0,12.0,7.0,6.0,2.0,1.0,3,10.0,5,1,1,0,1,0,0,0,1,0,0,1,74110.0
17.0,35.0,17.0,5.0,2.0,1.0,10,10.0,9,0,1,1,1,1,1,1,1,0,0,1,121000.0
3.0,3.0,3.0,3.0,5.0,0.0,6,1.0,3,0,1,0,0,0,0,0,0,0,0,1,59391.0
5.0,7.0,10.0,6.0,5.0,1.0,8,7.0,1,0,0,0,0,0,0,0,0,0,0,1,60000.0
3.0,10.0,3.0,6.0,4.0,2.0,10,9.0,4,1,0,0,0,0,0,0,0,0,1,1,145000.0
5.0,10.0,5.0,6.0,4.0,2.0,2,9.0,5,1,0,0,1,0,0,0,0,0,1,1,51555.0
40.0,45.0,10.0,3.0,6.0,1.0,6,10.0,0,0,0,0,0,0,0,0,0,0,0,1,69814.0
8.0,8.0,8.0,5.0,4.0,0.0,6,0.0,4,0,1,1,1,0,0,0,1,0,0,1,20187.0
4.0,7.0,10.0,3.0,4.0,0.0,2,5.0,6,1,1,1,1,0,0,0,0,1,0,1,59073.0
35.0,46.0,37.0,2.0,9.0,0.0,6,5.0,11,1,1,0,1,0,0,0,1,1,0,0,128887.0
10.0,15.0,10.0,6.0,4.0,0.0,6,8.0,4,0,0,1,0,0,0,0,0,1,1,1,147831.0
14.0,25.0,15.0,6.0,5.0,1.0,6,9.0,4,1,0,0,0,0,0,1,0,0,1,1,54941.0
21.0,32.0,21.0,6.0,4.0,1.0,6,0.0,10,1,1,1,1,0,0,1,0,0,0,1,76307.0
1.0,6.0,1.0,5.0,5.0,1.0,6,4.0,8,1,1,1,1,0,0,0,0,1,0,1,77611.0
6.0,15.0,6.0,6.0,4.0,1.0,2,10.0,12,1,1,1,1,1,1,1,0,0,1,1,36840.0
27.0,28.0,27.0,6.0,4.0,0.0,9,1.0,3,0,0,1,0,0,1,0,0,0,0,1,81528.0
6.0,14.0,6.0,5.0,5.0,1.0,6,1.0,4,0,1,1,0,0,0,0,0,0,0,1,58552.0
7.0,10.0,4.0,6.0,7.0,0.0,1,0.0,10,0,1,1,1,0,1,1,0,0,0,1,43616.0
20.0,23.0,20.0,2.0,5.0,1.0,6,8.0,5,1,1,0,0,0,1,1,0,0,0,1,40975.0
2.0,3.0,10.0,6.0,7.0,1.0,6,2.0,2,0,1,0,0,0,0,0,0,0,0,1,72673.0
4.0,11.0,4.0,5.0,9.0,1.0,10,5.0,6,1,1,1,0,0,0,0,0,0,0,1,107000.0
5.0,8.0,5.0,6.0,7.0,1.0,6,0.0,3,0,1,1,0,1,0,0,0,0,0,1,16921.0
15.0,20.0,15.0,7.0,2.0,0.0,10,3.0,2,0,0,0,1,0,0,0,0,0,0,1,100000.0
40.0,49.0,40.0,6.0,5.0,0.0,6,9.0,4,0,0,0,1,0,0,1,0,0,0,1,67602.0
7.0,9.0,7.0,4.0,5.0,0.0,6,10.0,9,1,1,1,1,0,0,0,1,1,0,1,20124.0
9.0,11.0,10.0,3.0,4.0,1.0,6,0.0,8,0,1,0,1,1,0,0,1,0,0,1,32222.0
8.0,23.0,8.0,6.0,3.0,1.0,3,0.0,6,0,0,1,1,0,1,0,0,0,0,1,91295.0
8.0,10.0,8.0,3.0,4.0,0.0,6,1.0,2,1,1,0,0,0,0,0,0,0,0,1,29696.0
3.0,10.0,5.0,5.0,8.0,0.0,10,1.0,10,0,1,1,0,1,0,0,0,0,0,1,91522.0
13.0,16.0,13.0,5.0,6.0,0.0,1,10.0,10,1,1,1,1,1,1,0,1,0,0,1,101043.0
7.0,12.0,7.0,3.0,4.0,0.0,0,0.0,5,1,1,1,1,0,0,0,0,0,0,1,27078.0
3.0,4.0,3.0,5.0,4.0,0.0,6,2.0,3,0,1,1,0,0,0,0,0,0,0,1,35000.0
27.0,30.0,25.0,5.0,5.0,0.0,10,1.0,8,1,1,0,1,1,0,0,0,0,0,1,280000.0
17.0,18.0,17.0,6.0,7.0,1.0,3,1.0,4,0,1,1,0,0,0,0,0,0,0,1,112777.0
3.0,6.0,10.0,5.0,7.0,1.0,10,10.0,7,1,1,1,1,0,0,0,0,0,1,1,88000.0
11.0,17.0,11.0,6.0,3.0,0.0,10,10.0,5,1,1,1,0,0,0,0,0,0,0,1,70000.0
9.0,16.0,10.0,3.0,3.0,1.0,10,0.0,7,0,1,1,1,0,0,0,1,0,1,1,130000.0
28.0,30.0,30.0,5.0,5.0,0.0,10,6.0,4,0,0,0,0,0,0,0,1,1,0,1,150000.0
13.0,14.0,13.0,5.0,9.0,0.0,6,1.0,6,1,1,0,0,1,0,0,0,0,0,1,40763.0
24.0,34.0,24.0,3.0,5.0,1.0,6,0.0,9,1,1,1,1,0,0,0,0,1,0,1,107887.0
8.0,11.0,9.0,6.0,3.0,0.0,6,0.0,3,0,1,0,0,0,0,0,0,0,0,0,52339.0
7.0,12.0,10.0,3.0,5.0,0.0,8,7.0,2,0,0,0,0,0,0,0,0,0,0,1,39494.0
10.0,20.0,10.0,3.0,3.0,1.0,6,0.0,8,1,1,1,1,0,1,0,0,0,0,1,24537.0
7.0,8.0,10.0,5.0,7.0,1.0,6,4.0,4,1,0,0,1,0,0,0,0,0,0,1,95796.0
11.0,16.0,10.0,3.0,4.0,1.0,6,0.0,8,1,1,0,1,0,1,0,1,0,0,1,75184.0
13.0,16.0,13.0,6.0,5.0,1.0,10,1.0,7,1,1,1,1,0,0,0,0,1,0,1,163000.0
17.0,32.0,10.0,4.0,9.0,1.0,6,10.0,13,1,1,1,0,1,0,0,0,1,1,1,112309.0
16.0,22.0,17.0,5.0,7.0,1.0,10,1.0,5,0,0,1,0,1,0,0,0,0,1,1,190000.0
11.0,22.0,16.0,6.0,7.0,1.0,3,1.0,1,1,0,0,0,0,0,0,0,0,0,1,74110.0
1.0,5.0,1.0,5.0,4.0,2.0,6,1.0,9,1,1,1,0,0,0,1,0,0,1,1,58465.0
25.0,25.0,25.0,5.0,4.0,0.0,10,0.0,3,0,1,0,1,0,1,0,0,0,0,1,164000.0
2.0,5.0,2.0,5.0,4.0,1.0,6,0.0,5,0,1,1,1,0,1,0,0,0,0,1,25777.0
6.0,8.0,6.0,2.0,5.0,0.0,9,0.0,5,0,1,1,1,0,1,0,0,0,0,1,57325.0
34.0,43.0,35.0,6.0,5.0,0.0,10,6.0,9,1,1,1,1,0,0,0,1,1,0,1,285000.0
23.0,30.0,10.0,5.0,4.0,0.0,7,1.0,2,0,0,0,0,0,0,0,0,1,1,1,139628.0
6.0,8.0,8.0,5.0,6.0,0.0,10,0.0,5,0,1,0,1,0,1,0,0,0,0,1,96000.0
19.0,25.0,19.0,5.0,3.0,1.0,10,0.0,5,0,0,1,1,0,1,1,0,0,0,1,160000.0
3.0,5.0,3.0,5.0,6.0,1.0,8,1.0,7,1,1,0,1,1,1,0,0,0,0,1,46899.0
12.0,13.0,18.0,3.0,3.0,0.0,8,10.0,3,0,1,1,0,0,0,0,0,0,0,1,56000.0
5.0,10.0,10.0,5.0,3.0,1.0,1,0.0,6,0,1,1,1,0,0,0,0,0,0,1,74874.0
12.0,12.0,35.0,6.0,7.0,0.0,10,10.0,5,1,0,0,1,0,0,0,0,0,0,1,180000.0
9.0,10.0,9.0,3.0,5.0,0.0,3,0.0,8,0,1,1,0,0,0,0,0,0,0,1,102036.0
6.0,13.0,13.0,5.0,3.0,0.0,6,10.0,16,1,1,1,0,0,0,1,0,1,1,1,18000.0
8.0,8.0,8.0,6.0,4.0,1.0,6,1.0,3,1,0,0,0,1,0,0,0,0,0,0,59073.0
13.0,20.0,13.0,5.0,2.0,0.0,6,0.0,6,1,1,1,0,0,0,0,0,1,0,1,50000.0
8.0,15.0,8.0,5.0,4.0,2.0,5,0.0,11,1,1,1,1,1,0,1,0,0,1,0,48719.0
4.0,12.0,4.0,6.0,9.0,1.0,3,10.0,12,1,1,0,1,1,1,1,1,0,0,1,63573.0
3.0,4.0,3.0,5.0,7.0,1.0,8,2.0,8,1,1,1,0,1,0,1,0,1,0,1,19200.0
4.0,8.0,10.0,5.0,7.0,0.0,8,7.0,1,0,0,0,0,0,0,0,0,0,0,1,31102.0
17.0,27.0,20.0,7.0,4.0,0.0,10,10.0,7,1,1,0,1,0,0,1,0,0,0,1,375000.0
4.0,10.0,10.0,5.0,8.0,1.0,6,0.0,8,1,1,1,1,0,1,0,0,0,0,1,62686.0
12.0,14.0,10.0,7.0,5.0,1.0,7,10.0,7,0,1,0,1,1,0,0,1,1,0,1,52361.0
10.0,10.0,10.0,7.0,5.0,2.0,6,10.0,1,1,0,0,0,0,0,0,0,0,0,1,59073.0
4.0,9.0,4.0,6.0,6.0,1.0,4,1.0,4,1,0,0,1,0,0,0,0,0,0,1,47854.0
25.0,26.0,25.0,5.0,5.0,1.0,6,1.0,5,0,1,1,1,0,0,0,0,0,0,1,100381.0
5.0,9.0,4.0,5.0,4.0,2.0,3,0.0,8,0,1,1,1,1,0,0,0,0,1,1,69814.0
15.0,20.0,15.0,5.0,4.0,0.0,6,0.0,5,0,1,1,1,0,0,0,1,0,0,1,99099.0
20.0,20.0,10.0,5.0,4.0,0.0,10,1.0,4,0,1,1,0,0,0,0,0,1,0,1,150000.0
17.0,17.0,17.0,3.0,2.0,0.0,6,10.0,3,0,1,1,0,0,0,0,0,0,0,1,118147.0
3.0,7.0,10.0,3.0,8.0,1.0,10,0.0,4,1,1,0,1,0,0,0,0,0,0,1,73145.0
0.0,3.0,1.0,5.0,5.0,2.0,2,2.0,7,0,1,1,1,1,0,0,1,0,1,1,20407.0
4.0,11.0,4.0,6.0,4.0,2.0,6,1.0,11,1,1,1,1,1,1,1,1,1,0,1,32120.0
24.0,36.0,10.0,6.0,5.0,0.0,3,1.0,8,1,1,1,1,0,0,0,0,0,1,0,214812.0
26.0,29.0,29.0,5.0,3.0,2.0,10,0.0,3,0,1,0,0,0,1,0,0,0,0,1,105000.0
6.0,7.0,6.0,5.0,9.0,1.0,4,0.0,7,1,1,1,1,1,0,0,0,0,0,1,89726.0
18.0,26.0,18.0,5.0,6.0,0.0,10,10.0,10,1,1,1,1,0,1,0,0,0,0,1,112000.0
7.0,13.0,7.0,3.0,4.0,1.0,2,5.0,4,0,0,0,1,0,1,0,0,0,1,1,41888.0
26.0,26.0,10.0,6.0,4.0,0.0,9,0.0,4,0,1,0,1,0,0,0,0,0,0,1,50955.0
21.0,23.0,23.0,2.0,5.0,1.0,3,8.0,11,1,0,0,0,0,1,1,0,0,1,1,51555.0
9.0,14.0,9.0,3.0,5.0,0.0,6,2.0,10,0,1,1,1,1,1,1,0,0,0,1,30074.0
8.0,10.0,5.0,5.0,9.0,2.0,4,1.0,3,0,0,0,1,1,0,1,0,0,0,1,17945.0
13.0,17.0,18.0,5.0,2.0,2.0,6,0.0,2,0,0,0,0,0,0,0,0,1,0,1,23375.0
7.0,12.0,10.0,6.0,9.0,1.0,3,1.0,7,1,0,1,1,0,0,0,0,1,1,1,91295.0
40.0,42.0,10.0,6.0,2.0,0.0,10,0.0,4,0,1,0,1,0,0,0,0,0,0,1,350000.0
32.0,36.0,10.0,6.0,6.0,0.0,0,7.0,1,0,0,0,0,0,0,0,0,0,0,0,36365.0
7.0,13.0,10.0,5.0,1.0,1.0,6,1.0,9,0,1,0,1,1,1,1,0,0,0,0,17374.0
35.0,37.0,10.0,3.0,4.0,0.0,6,1.0,3,1,0,0,1,0,0,0,0,0,0,1,50000.0
11.0,15.0,11.0,4.0,2.0,0.0,3,0.0,5,1,1,1,0,0,0,0,0,0,0,1,85925.0
10.0,18.0,10.0,5.0,9.0,1.0,6,8.0,4,1,0,0,0,1,1,0,0,0,0,1,61222.0
3.0,9.0,3.0,5.0,9.0,1.0,6,1.0,4,1,0,0,0,1,0,0,0,0,0,1,74285.0
3.0,10.0,10.0,5.0,3.0,0.0,6,1.0,5,0,0,0,1,1,0,0,0,1,0,0,128887.0
12.0,18.0,12.0,6.0,5.0,1.0,6,0.0,7,1,1,1,1,0,0,0,0,1,0,1,61457.0
7.0,10.0,8.0,5.0,3.0,1.0,6,1.0,5,0,0,0,1,0,1,0,0,0,1,1,64098.0
10.0,10.0,10.0,5.0,9.0,0.0,9,10.0,3,0,1,1,0,0,0,0,0,0,0,1,191082.0
6.0,10.0,6.0,5.0,4.0,1.0,6,7.0,7,0,1,0,1,1,0,0,1,0,0,0,49407.0
10.0,16.0,35.0,5.0,7.0,1.0,10,0.0,1,0,0,0,0,0,1,0,0,0,0,1,105000.0
3.0,3.0,4.0,6.0,4.0,0.0,8,10.0,8,1,1,0,1,1,0,0,0,0,0,1,72000.0
6.0,12.0,10.0,5.0,9.0,1.0,3,0.0,4,1,1,0,0,0,0,0,0,0,1,1,73788.0
12.0,12.0,15.0,2.0,5.0,1.0,10,6.0,6,1,1,1,0,0,0,1,0,1,0,1,300000.0
7.0,13.0,20.0,2.0,6.0,1.0,3,10.0,15,1,1,1,1,1,1,0,1,0,1,1,65518.0
2.0,6.0,10.0,3.0,2.0,0.0,8,10.0,5,0,1,1,0,0,1,1,0,0,0,1,100000.0
20.0,25.0,10.0,5.0,9.0,0.0,6,0.0,3,1,0,0,1,0,0,0,0,0,1,1,96666.0
6.0,6.0,10.0,6.0,5.0,1.0,6,0.0,6,1,1,1,1,0,0,0,1,0,0,1,50915.0
0.0,3.0,0.0,2.0,2.0,0.0,8,0.0,10,0,1,1,1,1,1,0,1,1,0,1,12000.0
7.0,12.0,7.0,5.0,5.0,0.0,10,0.0,9,1,1,1,1,0,0,0,0,0,0,1,90000.0
10.0,15.0,10.0,5.0,4.0,1.0,6,6.0,8,1,1,0,1,0,1,1,0,0,0,1,155984.0
44.0,44.0,43.0,6.0,2.0,0.0,6,8.0,6,0,1,1,1,0,1,0,0,0,0,1,79279.0
3.0,10.0,3.0,5.0,9.0,1.0,2,8.0,12,1,1,0,1,1,0,1,1,0,0,1,36518.0
16.0,22.0,10.0,5.0,4.0,0.0,1,0.0,1,0,0,0,0,0,0,0,0,0,0,1,228983.0
3.0,8.0,10.0,6.0,9.0,2.0,6,10.0,3,0,1,0,0,0,0,0,0,0,0,1,54369.0
11.0,17.0,10.0,6.0,6.0,0.0,10,0.0,6,0,1,1,1,0,1,0,0,0,0,1,140000.0
27.0,30.0,10.0,3.0,1.0,1.0,6,0.0,2,0,0,1,0,0,1,0,0,0,0,0,38154.0
9.0,8.0,8.0,5.0,4.0,1.0,9,0.0,3,0,1,1,0,0,0,0,0,0,0,1,101910.0
6.0,11.0,6.0,5.0,4.0,0.0,6,0.0,11,0,1,1,1,1,0,1,1,0,0,1,40000.0
28.0,35.0,10.0,5.0,5.0,2.0,6,10.0,8,0,1,0,1,0,1,1,1,0,0,1,32222.0
15.0,18.0,15.0,6.0,6.0,1.0,4,0.0,4,0,1,0,1,0,0,0,1,0,0,1,26320.0
1.0,5.0,1.0,5.0,5.0,0.0,6,1.0,4,1,1,1,0,0,0,0,0,0,0,1,59073.0
8.0,13.0,10.0,5.0,4.0,0.0,6,10.0,3,0,1,0,1,0,0,0,0,0,0,1,160000.0
4.0,8.0,4.0,5.0,4.0,1.0,7,1.0,3,1,0,0,1,1,0,0,0,0,0,1,51555.0
3.0,4.0,3.0,6.0,2.0,1.0,6,1.0,4,0,1,0,1,0,0,0,1,0,0,1,92476.0
2.0,9.0,10.0,5.0,7.0,2.0,10,1.0,4,1,0,0,0,0,0,1,0,0,0,1,160000.0
1.0,5.0,10.0,5.0,4.0,1.0,6,1.0,4,0,1,0,1,1,0,0,0,0,0,1,42962.0
10.0,18.0,10.0,6.0,3.0,1.0,2,0.0,6,0,1,0,1,0,0,0,1,0,0,1,48977.0
27.0,42.0,10.0,6.0,2.0,0.0,6,0.0,8,1,0,0,0,1,1,1,0,1,1,0,23629.0
10.0,15.0,10.0,6.0,9.0,1.0,2,1.0,8,1,1,1,1,1,0,0,1,0,0,1,41888.0
14.0,24.0,10.0,6.0,5.0,1.0,3,10.0,6,1,1,0,0,1,0,1,0,0,0,0,79481.0
15.0,30.0,15.0,5.0,3.0,2.0,6,0.0,6,1,1,0,1,0,1,0,0,0,0,1,26852.0
15.0,17.0,15.0,6.0,7.0,1.0,4,4.0,2,1,0,0,1,0,0,0,0,0,0,1,75370.0
9.0,14.0,10.0,5.0,3.0,0.0,9,0.0,2,1,1,0,0,0,0,0,0,0,0,1,95541.0
10.0,16.0,9.0,5.0,4.0,1.0,7,6.0,8,1,1,1,1,1,0,0,1,0,0,1,38666.0
15.0,16.0,10.0,7.0,4.0,1.0,1,10.0,5,1,1,0,0,0,0,0,0,0,1,1,101770.0
5.0,10.0,10.0,5.0,4.0,0.0,0,2.0,3,1,1,1,0,0,0,0,0,0,0,1,25777.0
20.0,34.0,25.0,2.0,4.0,0.0,3,1.0,5,0,1,1,1,0,0,0,1,0,0,1,61222.0
1.0,5.0,1.0,2.0,4.0,2.0,6,0.0,4,0,0,0,0,0,1,0,0,0,1,1,26852.0
10.0,13.0,10.0,6.0,4.0,1.0,9,8.0,2,0,1,0,0,0,1,0,0,0,0,1,75159.0
17.0,25.0,10.0,6.0,9.0,2.0,0,0.0,8,1,1,1,1,1,0,0,0,0,0,1,28197.0
7.0,10.0,8.0,5.0,3.0,0.0,6,1.0,3,0,1,0,0,0,0,0,1,1,0,1,46370.0
5.0,14.0,5.0,6.0,7.0,1.0,2,0.0,16,1,1,1,1,1,1,1,0,0,0,1,39740.0
10.0,11.0,10.0,3.0,5.0,0.0,10,6.0,0,0,0,0,0,0,0,0,0,0,0,1,220000.0
24.0,26.0,10.0,5.0,5.0,1.0,5,1.0,3,0,1,1,0,0,1,0,0,0,0,1,68770.0
2.0,10.0,3.0,5.0,5.0,1.0,6,0.0,5,0,1,1,1,0,0,0,0,0,0,1,50481.0
28.0,32.0,10.0,3.0,5.0,0.0,10,1.0,5,0,1,0,1,0,0,0,0,0,0,1,85000.0
2.0,2.0,14.0,6.0,2.0,2.0,6,10.0,3,0,0,0,0,0,0,1,0,0,0,1,68677.0
20.0,27.0,10.0,4.0,1.0,0.0,6,8.0,5,0,1,0,1,0,1,0,0,1,0,0,30914.0
23.0,26.0,23.0,5.0,2.0,0.0,6,0.0,3,1,1,1,0,0,0,0,0,0,0,0,87000.0
10.0,25.0,30.0,3.0,3.0,0.0,6,8.0,2,0,0,0,0,0,0,0,1,0,0,1,25000.0
9.0,13.0,10.0,3.0,4.0,0.0,3,10.0,5,0,1,1,1,0,0,0,0,0,1,1,96666.0
32.0,35.0,35.0,3.0,6.0,1.0,6,0.0,3,0,1,0,1,0,1,0,0,0,0,1,53703.0
3.0,5.0,4.0,5.0,9.0,1.0,10,0.0,10,1,1,1,1,0,1,0,0,0,0,1,115000.0
8.0,11.0,8.0,6.0,2.0,1.0,6,0.0,10,1,1,1,1,1,0,0,1,0,0,1,50481.0
2.0,7.0,2.0,5.0,4.0,2.0,6,1.0,9,1,1,1,1,0,1,0,0,0,1,1,65665.0
5.0,6.0,5.0,5.0,6.0,0.0,6,1.0,1,0,0,0,0,1,0,0,0,0,0,1,17736.0
3.0,7.0,3.0,6.0,4.0,1.0,2,2.0,4,0,1,1,0,0,0,0,0,0,0,1,51555.0
12.0,22.0,10.0,5.0,4.0,0.0,6,5.0,3,1,0,0,0,0,0,0,0,0,0,0,96000.0
2.0,9.0,2.0,4.0,2.0,0.0,2,0.0,6,1,1,1,1,0,0,0,0,1,0,1,37377.0
10.0,14.0,10.0,5.0,2.0,2.0,6,0.0,5,1,1,1,1,1,0,0,0,0,0,1,89134.0
15.0,20.0,15.0,3.0,4.0,0.0,6,1.0,8,1,1,1,1,0,0,0,1,1,0,1,26363.0
4.0,15.0,4.0,5.0,9.0,1.0,4,0.0,6,1,1,0,1,1,0,0,0,0,0,1,16474.0
8.0,11.0,10.0,6.0,7.0,1.0,6,0.0,4,0,1,0,0,0,0,0,0,0,0,1,69814.0
5.0,9.0,5.0,5.0,5.0,0.0,10,4.0,4,1,0,0,1,0,0,0,0,0,0,1,155000.0
3.0,7.0,10.0,5.0,2.0,1.0,6,0.0,4,1,0,1,0,0,0,0,0,0,1,1,14848.0
6.0,12.0,6.0,5.0,4.0,0.0,10,0.0,6,1,1,0,1,0,0,0,0,0,0,1,88000.0
17.0,24.0,10.0,5.0,9.0,0.0,10,1.0,1,0,0,0,0,0,1,0,0,0,0,1,250000.0
5.0,4.0,5.0,6.0,4.0,0.0,10,0.0,7,0,1,1,1,1,0,0,0,0,0,1,80000.0
4.0,5.0,7.0,6.0,5.0,1.0,6,1.0,3,0,1,0,1,0,0,0,0,0,0,1,54442.0
5.0,12.0,10.0,2.0,9.0,2.0,10,1.0,11,1,1,0,0,1,0,0,0,1,1,1,130000.0
3.0,10.0,6.0,5.0,4.0,2.0,6,0.0,4,0,0,0,1,0,1,0,0,0,0,1,19586.0
3.0,5.0,10.0,5.0,3.0,2.0,9,0.0,6,0,1,1,1,0,0,0,1,0,0,1,50955.0
13.0,20.0,13.0,5.0,5.0,0.0,6,10.0,3,0,0,1,1,0,0,0,0,0,1,1,135866.0
3.0,7.0,3.0,2.0,3.0,2.0,10,9.0,2,1,0,0,0,0,1,0,0,0,0,1,60000.0
20.0,25.0,20.0,6.0,6.0,2.0,6,0.0,5,0,1,0,1,0,1,0,0,0,0,1,71538.0
10.0,12.0,12.0,3.0,9.0,1.0,6,2.0,6,0,1,1,0,0,0,0,1,0,0,1,32495.0
4.0,10.0,4.0,3.0,3.0,0.0,6,7.0,10,0,1,1,0,1,0,1,0,0,0,1,34800.0
31.0,38.0,10.0,6.0,4.0,0.0,0,10.0,10,0,1,0,1,1,1,0,1,0,0,0,60000.0
2.0,9.0,2.0,5.0,7.0,1.0,6,1.0,6,1,0,0,0,1,0,1,0,0,0,1,29000.0
4.0,7.0,4.0,6.0,5.0,2.0,7,0.0,6,0,1,1,1,0,0,0,1,1,0,1,27926.0
4.0,6.0,5.0,5.0,9.0,1.0,0,3.0,4,1,0,0,1,0,0,0,0,0,0,1,29838.0
8.0,16.0,10.0,6.0,5.0,1.0,9,0.0,5,1,1,1,0,0,0,0,0,0,0,1,165604.0
10.0,14.0,10.0,5.0,4.0,0.0,5,1.0,6,0,1,0,0,1,0,0,0,1,0,1,137480.0
11.0,15.0,10.0,5.0,5.0,1.0,6,7.0,5,0,1,0,0,1,0,0,0,0,0,1,64444.0
5.0,9.0,5.0,5.0,8.0,2.0,6,1.0,2,0,1,0,0,1,0,0,0,0,0,1,18000.0
38.0,45.0,40.0,7.0,9.0,0.0,9,0.0,4,0,0,1,0,0,0,0,0,0,0,0,203821.0
17.0,37.0,17.0,6.0,3.0,0.0,8,1.0,9,1,1,1,1,0,0,0,0,1,1,1,72000.0
2.0,10.0,10.0,5.0,6.0,1.0,6,0.0,7,0,1,1,1,0,1,0,0,0,1,1,30074.0
7.0,17.0,10.0,2.0,3.0,1.0,3,2.0,5,0,1,0,1,0,0,0,1,0,0,1,27926.0
3.0,4.0,3.0,2.0,4.0,0.0,6,2.0,5,1,1,1,1,0,0,0,0,0,0,1,20300.0
6.0,6.0,6.0,6.0,5.0,0.0,6,1.0,5,0,1,1,1,0,1,0,0,0,0,1,24000.0
10.0,12.0,11.0,5.0,4.0,1.0,3,1.0,4,0,0,1,0,1,0,0,0,1,0,1,107406.0
6.0,6.0,10.0,2.0,2.0,2.0,10,8.0,6,0,0,0,1,1,1,0,0,0,0,1,100000.0
0.0,30.0,10.0,6.0,5.0,1.0,3,10.0,7,1,1,0,0,0,0,0,0,0,0,1,96666.0
10.0,14.0,10.0,6.0,5.0,0.0,2,1.0,8,1,1,1,1,0,0,0,0,1,0,1,73036.0
2.0,7.0,10.0,5.0,5.0,2.0,10,10.0,7,0,0,0,1,1,1,0,0,0,1,1,96000.0
10.0,13.0,10.0,3.0,1.0,0.0,6,0.0,5,0,1,0,1,0,0,0,1,0,0,0,26904.0
3.0,7.0,3.0,5.0,7.0,1.0,6,1.0,4,1,1,0,1,0,0,0,1,0,0,1,29913.0
5.0,9.0,5.0,5.0,8.0,1.0,6,0.0,8,1,1,0,1,1,0,0,0,1,0,1,53703.0
10.0,15.0,10.0,6.0,6.0,2.0,6,7.0,7,1,1,0,1,1,0,0,0,0,0,1,86870.0
6.0,9.0,6.0,6.0,4.0,1.0,3,10.0,6,1,1,0,1,1,0,0,0,0,0,1,80555.0
12.0,17.0,12.0,5.0,7.0,1.0,6,0.0,2,0,1,0,0,0,1,0,0,0,0,1,51935.0
18.0,30.0,18.0,5.0,5.0,0.0,9,6.0,14,1,1,1,0,1,1,1,1,0,0,1,146496.0
15.0,16.0,10.0,6.0,4.0,0.0,8,1.0,3,1,0,0,1,0,0,0,0,0,1,1,53317.0
26.0,41.0,10.0,5.0,3.0,0.0,1,0.0,7,1,1,0,1,0,1,0,0,0,0,1,42162.0
8.0,12.0,10.0,6.0,5.0,1.0,10,10.0,2,1,0,0,0,0,0,0,0,0,0,1,136000.0
4.0,7.0,7.0,6.0,2.0,1.0,2,0.0,9,1,1,1,1,0,0,0,1,1,0,1,23737.0
3.0,5.0,16.0,2.0,2.0,1.0,6,0.0,10,1,1,1,1,0,0,0,0,1,1,1,52411.0
40.0,43.0,40.0,4.0,5.0,0.0,9,7.0,3,0,0,0,0,0,0,0,0,0,0,1,131210.0
2.0,10.0,2.0,3.0,3.0,2.0,10,1.0,4,1,0,0,0,0,0,0,0,0,0,0,43680.0
12.0,16.0,12.0,7.0,5.0,1.0,2,1.0,5,1,0,0,0,0,0,1,0,0,1,1,44037.0
8.0,10.0,10.0,4.0,6.0,1.0,8,10.0,2,1,0,0,0,0,0,0,0,1,0,1,81600.0
5.0,13.0,10.0,5.0,4.0,1.0,3,1.0,6,1,1,0,0,1,0,0,0,0,1,1,72821.0
15.0,38.0,30.0,7.0,2.0,0.0,6,0.0,6,1,1,1,1,0,1,0,0,0,0,1,70691.0
19.0,22.0,17.0,5.0,4.0,1.0,10,0.0,5,0,1,1,0,0,1,0,0,0,0,1,135000.0
8.0,10.0,10.0,5.0,9.0,0.0,0,10.0,5,0,1,1,1,1,0,0,0,0,0,1,35433.0
27.0,30.0,30.0,5.0,9.0,0.0,6,4.0,8,1,1,1,1,1,0,0,0,1,0,0,182591.0
2.0,12.0,2.0,6.0,9.0,1.0,10,1.0,9,1,0,0,0,1,0,1,0,1,1,1,183000.0
5.0,9.0,10.0,5.0,4.0,0.0,10,1.0,3,1,0,0,1,0,1,0,0,0,0,1,100000.0
5.0,6.0,5.0,5.0,4.0,1.0,4,7.0,3,0,0,0,0,1,0,0,0,0,0,1,14356.0
35.0,45.0,10.0,6.0,7.0,1.0,6,1.0,4,1,0,0,0,0,0,1,0,0,0,1,67938.0
3.0,5.0,10.0,7.0,4.0,1.0,10,1.0,2,1,0,0,0,0,1,0,0,0,0,1,83000.0
15.0,24.0,15.0,5.0,3.0,0.0,10,0.0,5,0,1,1,0,0,0,0,0,0,1,1,180000.0
5.0,5.0,10.0,7.0,7.0,2.0,7,1.0,5,0,1,1,1,1,0,0,1,0,0,1,34907.0
10.0,10.0,10.0,5.0,2.0,2.0,6,1.0,2,1,0,0,1,0,0,0,0,0,0,1,32607.0
3.0,8.0,3.0,5.0,4.0,2.0,10,2.0,8,1,1,1,1,0,0,0,0,0,0,1,123000.0
3.0,7.0,3.0,6.0,4.0,0.0,8,3.0,4,1,0,0,1,0,0,0,0,0,0,1,60000.0
9.0,10.0,25.0,5.0,4.0,1.0,9,0.0,9,1,1,1,1,1,0,0,0,0,1,1,114649.0
16.0,20.0,16.0,5.0,9.0,0.0,6,0.0,13,1,1,1,1,1,1,0,0,0,0,1,85886.0
4.0,11.0,5.0,5.0,5.0,1.0,5,0.0,9,0,1,1,1,0,1,0,0,0,0,1,69814.0
2.0,6.0,10.0,5.0,9.0,1.0,3,9.0,7,0,1,0,1,1,1,1,0,0,0,1,85925.0
5.0,13.0,5.0,6.0,9.0,1.0,2,3.0,5,1,0,0,1,0,0,0,0,0,0,1,64444.0
3.0,10.0,3.0,2.0,4.0,1.0,6,10.0,3,1,1,0,0,1,0,0,0,0,0,1,103619.0
14.0,20.0,10.0,6.0,4.0,0.0,8,2.0,2,0,1,0,0,0,0,0,0,0,0,1,18661.0
7.0,11.0,7.0,5.0,5.0,2.0,10,0.0,10,1,1,0,1,0,0,0,1,1,0,1,70000.0
7.0,20.0,10.0,5.0,5.0,1.0,3,8.0,8,1,1,0,0,1,0,0,1,0,1,1,49407.0
5.0,5.0,10.0,5.0,5.0,0.0,3,1.0,3,0,1,1,0,0,0,0,0,0,0,1,88610.0
35.0,35.0,35.0,4.0,7.0,1.0,10,10.0,4,0,1,0,1,0,1,0,0,0,0,1,250000.0
2.0,4.0,10.0,3.0,6.0,1.0,6,0.0,4,0,0,1,1,0,0,0,0,0,0,1,53224.0
1.0,8.0,10.0,6.0,1.0,0.0,5,7.0,3,0,1,0,1,0,0,0,0,0,0,0,33940.0
5.0,6.0,15.0,5.0,8.0,0.0,10,4.0,4,1,0,0,1,0,0,0,0,1,0,1,150000.0
8.0,18.0,8.0,5.0,7.0,0.0,6,1.0,4,1,0,0,1,1,0,0,0,0,0,1,60147.0
15.0,25.0,15.0,5.0,6.0,1.0,5,7.0,2,0,0,0,0,0,0,0,0,0,0,1,80555.0
6.0,12.0,9.0,5.0,5.0,0.0,3,1.0,3,1,1,0,0,1,0,0,0,0,0,1,91295.0
23.0,38.0,23.0,7.0,7.0,2.0,3,6.0,1,0,0,0,0,0,0,0,0,0,0,1,114365.0
6.0,10.0,12.0,6.0,3.0,1.0,10,1.0,4,1,0,0,0,0,0,1,0,1,0,1,260000.0
17.0,17.0,18.0,6.0,3.0,0.0,10,0.0,5,0,1,0,1,0,0,0,1,0,0,1,122564.0
3.0,20.0,3.0,6.0,7.0,1.0,3,10.0,3,1,0,1,0,0,0,0,0,0,1,1,75184.0
22.0,24.0,30.0,6.0,4.0,0.0,10,0.0,3,0,1,0,1,0,0,0,0,0,0,1,120000.0
3.0,6.0,10.0,5.0,6.0,1.0,5,10.0,2,1,0,0,0,0,0,0,0,0,0,1,59073.0
13.0,23.0,10.0,5.0,7.0,1.0,1,1.0,6,1,1,0,1,0,1,0,0,0,0,1,133755.0
7.0,12.0,7.0,5.0,4.0,1.0,2,0.0,4,0,1,0,1,0,0,0,1,0,0,1,39891.0
35.0,40.0,40.0,3.0,9.0,0.0,10,8.0,2,0,0,0,0,0,1,0,0,0,0,1,500000.0
18.0,28.0,18.0,6.0,9.0,1.0,3,0.0,3,0,0,0,0,0,1,1,0,0,0,1,85925.0
22.0,24.0,22.0,5.0,7.0,1.0,10,0.0,7,1,1,0,0,0,1,1,0,1,0,1,150000.0
18.0,22.0,10.0,6.0,5.0,1.0,6,10.0,15,1,1,1,1,1,1,1,1,1,0,1,53703.0
10.0,15.0,10.0,6.0,5.0,0.0,8,0.0,4,0,1,1,1,0,1,0,0,0,0,1,90000.0
11.0,14.0,11.0,5.0,5.0,0.0,0,6.0,8,1,1,1,1,0,1,0,0,0,0,1,39162.0
14.0,20.0,10.0,5.0,4.0,0.0,10,1.0,1,0,0,1,0,0,0,0,0,0,0,1,176000.0
12.0,16.0,12.0,5.0,4.0,1.0,4,10.0,5,1,1,1,0,0,1,0,0,0,0,1,26320.0
12.0,18.0,12.0,6.0,7.0,1.0,3,8.0,5,1,1,0,0,0,0,1,0,0,0,1,80555.0
12.0,12.0,10.0,6.0,8.0,1.0,5,1.0,7,1,1,1,1,0,0,0,0,0,1,1,91295.0
0.0,7.0,0.0,5.0,5.0,2.0,6,10.0,2,1,0,0,0,0,0,0,0,0,0,0,66850.0
22.0,22.0,10.0,3.0,4.0,0.0,3,0.0,3,0,1,0,0,0,0,0,1,0,0,0,32222.0
18.0,26.0,10.0,5.0,5.0,0.0,3,0.0,4,0,1,1,1,0,0,0,0,0,0,0,85925.0
13.0,13.0,13.0,3.0,6.0,1.0,7,1.0,10,1,1,1,1,1,0,0,0,1,0,1,53703.0
21.0,24.0,10.0,5.0,1.0,0.0,9,0.0,3,1,1,0,0,0,1,0,0,0,0,0,152865.0
7.0,7.0,10.0,5.0,2.0,0.0,4,1.0,2,1,0,0,0,0,0,0,0,1,0,1,35890.0
14.0,20.0,14.0,5.0,6.0,0.0,10,0.0,3,0,0,1,0,0,1,0,0,0,0,1,164000.0
6.0,10.0,6.0,6.0,5.0,1.0,3,0.0,13,1,1,1,1,1,0,1,0,1,1,1,60863.0
9.0,13.0,9.0,5.0,6.0,0.0,10,6.0,2,0,0,1,0,0,0,0,0,1,0,1,340000.0
15.0,16.0,23.0,2.0,4.0,1.0,3,5.0,1,1,0,0,0,0,0,0,0,0,0,1,110628.0
20.0,27.0,10.0,6.0,9.0,0.0,10,0.0,7,0,1,1,1,1,0,0,0,0,0,1,250000.0
7.0,9.0,9.0,5.0,8.0,0.0,10,7.0,9,1,1,1,1,1,0,0,0,0,0,1,105000.0
22.0,26.0,22.0,5.0,4.0,0.0,4,0.0,4,1,1,0,0,0,0,1,0,0,0,1,25123.0
20.0,25.0,25.0,6.0,2.0,1.0,3,0.0,5,0,1,1,0,0,0,0,1,0,0,1,322219.0
3.0,4.0,10.0,6.0,5.0,0.0,8,1.0,3,0,0,0,1,0,0,0,0,1,0,1,67387.0
2.0,5.0,2.0,5.0,8.0,1.0,6,0.0,7,1,0,1,1,1,1,1,0,1,0,1,11204.0
12.0,12.0,10.0,5.0,1.0,1.0,5,0.0,4,0,1,1,0,0,1,0,0,0,0,0,214812.0
6.0,10.0,10.0,5.0,5.0,0.0,6,7.0,3,0,0,0,0,1,0,0,0,0,0,1,40406.0
23.0,23.0,10.0,5.0,1.0,0.0,6,10.0,5,0,1,0,0,1,0,0,0,0,0,0,161109.0
10.0,14.0,10.0,5.0,9.0,0.0,10,5.0,7,0,0,1,0,1,0,0,0,1,0,1,150000.0
22.0,25.0,23.0,3.0,5.0,1.0,6,7.0,1,0,0,0,0,0,0,0,0,0,0,1,74400.0
11.0,15.0,13.0,5.0,5.0,1.0,3,0.0,6,0,0,0,1,1,1,0,0,0,0,1,62296.0
17.0,17.0,10.0,6.0,7.0,1.0,2,8.0,8,1,0,0,1,0,1,0,0,0,0,1,53703.0
28.0,39.0,10.0,5.0,9.0,1.0,6,10.0,4,1,0,0,0,0,0,1,0,1,0,1,188890.0
26.0,40.0,26.0,5.0,9.0,1.0,9,10.0,7,1,1,1,0,1,0,0,0,0,0,1,89172.0
6.0,8.0,10.0,5.0,6.0,0.0,2,2.0,2,0,1,1,0,0,0,0,0,0,0,1,69814.0
13.0,18.0,12.0,3.0,4.0,0.0,6,2.0,10,0,1,1,1,0,0,0,1,1,1,0,64341.0
5.0,9.0,10.0,6.0,9.0,1.0,10,10.0,10,1,1,1,1,0,0,0,0,0,1,0,20000.0
4.0,10.0,4.0,5.0,3.0,0.0,6,0.0,12,1,1,1,1,1,1,1,0,1,0,1,15457.0
11.0,17.0,10.0,6.0,7.0,0.0,10,9.0,2,0,0,0,0,0,0,0,0,1,1,1,280000.0
16.0,20.0,17.0,5.0,7.0,1.0,6,10.0,2,1,0,0,0,1,0,0,0,0,0,1,166811.0
3.0,9.0,3.0,5.0,5.0,0.0,6,8.0,6,0,1,1,1,0,1,0,0,1,0,1,11880.0
11.0,15.0,11.0,5.0,1.0,1.0,6,0.0,15,1,1,1,1,1,1,1,1,0,0,1,11129.0
5.0,10.0,5.0,3.0,4.0,2.0,6,1.0,2,0,0,0,1,1,0,0,0,0,0,1,22020.0
14.0,24.0,14.0,6.0,4.0,0.0,6,10.0,3,0,1,0,0,0,0,0,1,0,0,1,85925.0
7.0,14.0,5.0,6.0,5.0,1.0,3,8.0,8,1,1,0,1,1,0,0,0,0,0,1,53703.0
16.0,17.0,16.0,3.0,5.0,1.0,6,2.0,4,0,1,1,0,0,1,0,0,0,0,1,81623.0
5.0,7.0,5.0,5.0,3.0,0.0,1,1.0,2,1,0,0,1,0,0,0,0,0,0,1,76328.0
13.0,15.0,10.0,6.0,5.0,0.0,8,7.0,4,0,0,0,1,1,0,0,0,0,0,1,48000.0
14.0,18.0,14.0,5.0,2.0,0.0,6,10.0,8,1,1,1,1,1,0,0,0,0,0,1,65907.0
28.0,46.0,28.0,3.0,7.0,0.0,9,1.0,12,0,1,0,1,0,1,1,1,0,0,0,51465.0
8.0,12.0,10.0,5.0,6.0,0.0,8,2.0,5,1,1,1,0,1,0,0,0,0,0,1,50136.0
6.0,12.0,6.0,5.0,7.0,1.0,6,10.0,6,1,1,0,1,0,1,0,0,0,1,1,22405.0
2.0,11.0,2.0,3.0,2.0,2.0,3,0.0,14,1,1,1,0,1,0,1,0,1,1,1,10741.0
5.0,11.0,5.0,5.0,4.0,1.0,3,0.0,8,0,1,1,1,1,0,0,0,0,0,1,73036.0
20.0,24.0,20.0,5.0,7.0,0.0,10,0.0,12,1,1,1,1,1,0,0,0,0,1,1,170000.0
10.0,16.0,10.0,6.0,4.0,0.0,6,0.0,5,0,1,1,1,1,0,0,0,1,0,1,49407.0
12.0,16.0,12.0,5.0,5.0,0.0,10,0.0,4,0,1,1,1,0,0,0,0,0,0,1,150000.0
9.0,14.0,8.0,6.0,9.0,1.0,4,1.0,2,0,0,0,1,1,0,0,0,0,0,1,15553.0
1.0,11.0,1.0,6.0,9.0,1.0,5,10.0,2,1,0,0,1,0,0,0,0,0,0,1,53703.0
1.0,13.0,4.0,5.0,5.0,0.0,10,10.0,0,0,0,0,0,0,0,0,0,0,0,1,86500.0
9.0,11.0,20.0,6.0,2.0,2.0,6,10.0,3,0,0,0,0,0,0,0,0,0,1,1,167125.0
20.0,34.0,24.0,5.0,4.0,0.0,9,0.0,4,0,1,0,1,0,1,0,0,0,0,1,114649.0
5.0,7.0,5.0,6.0,5.0,0.0,8,1.0,3,0,1,1,1,0,0,0,0,0,0,1,24684.0
5.0,10.0,10.0,6.0,1.0,0.0,8,0.0,7,0,1,1,1,1,0,0,0,0,0,0,60000.0
6.0,12.0,10.0,5.0,4.0,0.0,1,0.0,6,1,1,1,0,0,0,0,0,0,1,1,61789.0
2.0,3.0,10.0,5.0,4.0,0.0,10,0.0,6,0,1,1,0,0,0,1,0,0,0,1,121000.0
20.0,25.0,10.0,6.0,5.0,0.0,6,0.0,1,0,0,0,0,0,0,0,1,0,0,1,64444.0
2.0,6.0,10.0,5.0,4.0,1.0,6,10.0,9,1,1,1,1,1,0,0,0,1,0,0,19333.0
0.0,6.0,10.0,5.0,9.0,2.0,9,1.0,1,0,0,0,0,1,0,0,0,0,0,1,63694.0
26.0,30.0,25.0,6.0,9.0,1.0,9,10.0,9,1,1,0,0,0,0,0,1,0,0,1,48407.0
23.0,28.0,28.0,3.0,4.0,1.0,6,0.0,7,0,1,1,1,0,0,0,0,0,1,1,75544.0
5.0,15.0,10.0,3.0,1.0,0.0,6,10.0,9,1,1,1,1,1,0,0,0,1,0,0,38864.0
6.0,10.0,7.0,5.0,5.0,0.0,6,10.0,5,1,1,0,0,0,0,0,0,1,0,1,90221.0
9.0,13.0,9.0,5.0,5.0,0.0,6,0.0,3,1,1,1,0,0,0,0,0,0,0,1,66000.0
19.0,30.0,20.0,6.0,6.0,0.0,6,1.0,2,0,0,0,1,1,0,0,0,0,0,1,34958.0
12.0,20.0,12.0,3.0,6.0,0.0,6,1.0,3,1,0,0,0,0,0,1,0,0,0,0,74239.0
14.0,14.0,10.0,5.0,8.0,1.0,5,2.0,5,0,1,1,0,0,0,0,0,0,0,1,55851.0
10.0,16.0,12.0,6.0,9.0,1.0,2,7.0,1,0,0,0,0,0,0,0,0,0,0,1,77332.0
4.0,6.0,10.0,5.0,6.0,1.0,6,0.0,3,0,1,1,0,0,0,0,0,0,0,1,91746.0
11.0,20.0,11.0,5.0,3.0,0.0,3,0.0,6,0,1,1,0,0,0,0,1,0,1,1,128887.0
5.0,6.0,10.0,7.0,3.0,1.0,6,0.0,6,1,1,1,1,0,0,0,0,1,0,1,80123.0
23.0,28.0,10.0,4.0,4.0,0.0,3,8.0,18,1,1,1,1,1,1,1,1,1,1,1,91295.0
6.0,9.0,7.0,5.0,5.0,0.0,1,1.0,5,0,1,0,0,0,0,1,0,0,1,1,122851.0
3.0,16.0,3.0,5.0,5.0,2.0,10,3.0,7,1,1,0,1,1,1,0,0,0,0,1,90000.0
8.0,8.0,2.0,5.0,5.0,1.0,6,3.0,11,1,1,0,1,1,0,1,1,0,0,0,44567.0
4.0,8.0,10.0,5.0,4.0,1.0,6,1.0,9,1,1,1,1,1,0,0,0,1,0,0,64444.0
27.0,27.0,27.0,3.0,7.0,1.0,6,2.0,7,0,1,1,0,0,1,0,0,0,0,1,79552.0
3.0,11.0,3.0,6.0,8.0,1.0,3,10.0,3,1,0,0,1,0,0,1,0,0,0,1,171850.0
23.0,34.0,10.0,5.0,9.0,0.0,10,2.0,3,0,1,1,0,0,0,0,0,0,0,1,440000.0
10.0,15.0,12.0,7.0,5.0,1.0,6,0.0,13,1,1,1,1,1,1,1,1,0,0,1,147831.0
10.0,14.0,10.0,7.0,7.0,1.0,2,10.0,2,0,0,0,0,0,0,0,0,0,0,1,38666.0
2.0,4.0,3.0,6.0,8.0,0.0,6,10.0,5,1,0,0,1,1,0,0,0,1,0,1,42353.0
12.0,12.0,12.0,5.0,6.0,0.0,10,1.0,4,0,0,1,1,0,0,0,0,0,0,1,155000.0
14.0,19.0,14.0,5.0,6.0,0.0,6,0.0,4,0,1,0,0,1,0,0,0,0,0,1,62327.0
6.0,14.0,7.0,6.0,7.0,1.0,5,9.0,3,1,0,0,0,0,0,1,0,0,0,1,80555.0
5.0,9.0,5.0,5.0,9.0,0.0,6,4.0,3,1,0,0,1,0,0,0,0,0,0,1,30884.0
11.0,15.0,11.0,6.0,7.0,0.0,8,4.0,7,1,0,0,1,1,0,0,0,1,0,1,82000.0
34.0,43.0,34.0,7.0,2.0,0.0,10,10.0,8,1,1,0,0,0,0,0,1,0,0,1,150000.0
8.0,10.0,8.0,6.0,5.0,1.0,2,5.0,7,1,1,0,1,0,0,0,1,1,0,1,83777.0
7.0,11.0,10.0,5.0,9.0,1.0,8,10.0,7,1,1,1,1,0,1,0,0,0,0,1,84000.0
16.0,23.0,16.0,5.0,9.0,0.0,10,1.0,6,1,1,0,1,1,0,0,1,0,0,1,260000.0
3.0,10.0,4.0,5.0,5.0,2.0,6,10.0,8,1,1,1,1,0,0,1,0,0,0,1,42962.0
7.0,11.0,10.0,2.0,3.0,2.0,1,0.0,4,1,1,0,0,0,0,0,0,0,0,1,20063.0
8.0,13.0,7.0,5.0,9.0,1.0,0,0.0,4,1,1,1,0,1,0,0,0,0,0,1,38043.0
4.0,10.0,5.0,2.0,2.0,2.0,6,0.0,6,0,1,1,1,0,0,0,1,0,0,0,16111.0
1.0,5.0,10.0,5.0,5.0,0.0,10,0.0,5,0,1,0,1,0,1,0,0,0,0,1,70000.0
18.0,21.0,10.0,3.0,8.0,0.0,6,0.0,5,0,1,1,0,0,0,0,0,1,0,1,130593.0
18.0,24.0,18.0,7.0,9.0,1.0,2,0.0,10,1,1,1,0,0,0,1,0,1,1,1,102036.0
7.0,8.0,7.0,6.0,5.0,1.0,6,0.0,6,0,1,1,1,1,0,0,0,1,0,1,73839.0
9.0,9.0,9.0,4.0,5.0,0.0,10,8.0,15,1,1,1,1,1,1,1,0,0,1,1,90000.0
17.0,19.0,17.0,3.0,9.0,0.0,1,0.0,3,0,0,1,1,0,1,0,0,0,0,1,71239.0
1.0,4.0,1.0,2.0,4.0,2.0,2,5.0,4,1,0,0,0,0,0,1,0,1,1,1,33511.0
10.0,20.0,10.0,3.0,3.0,1.0,3,1.0,9,1,0,0,0,0,1,1,0,1,0,1,80555.0
2.0,10.0,2.0,6.0,7.0,1.0,10,9.0,12,1,1,1,1,1,0,1,0,1,1,1,120000.0
14.0,18.0,17.0,3.0,1.0,0.0,6,0.0,4,1,1,0,0,0,0,1,1,0,0,1,64444.0
20.0,25.0,20.0,5.0,7.0,1.0,4,10.0,5,0,1,0,0,1,0,0,0,0,1,1,47854.0
2.0,2.0,10.0,5.0,5.0,1.0,9,3.0,3,1,0,0,1,0,0,0,0,0,0,1,61146.0
15.0,22.0,22.0,5.0,7.0,0.0,10,0.0,5,0,1,0,1,0,0,0,1,0,0,1,123000.0
3.0,8.0,10.0,5.0,6.0,1.0,10,0.0,7,0,1,1,1,0,1,0,0,0,0,1,100000.0
8.0,13.0,8.0,5.0,9.0,0.0,10,0.0,5,1,0,0,1,1,0,0,0,0,0,1,170000.0
14.0,19.0,15.0,6.0,3.0,0.0,6,2.0,2,0,1,0,0,0,0,0,0,0,0,1,38839.0
7.0,13.0,7.0,6.0,5.0,0.0,6,1.0,8,1,0,0,1,1,0,0,0,0,0,1,85925.0
10.0,17.0,10.0,6.0,4.0,0.0,8,8.0,5,0,1,0,1,0,1,0,0,0,0,0,53400.0
4.0,6.0,10.0,6.0,7.0,1.0,6,1.0,2,0,0,0,0,0,0,0,0,0,0,1,89087.0
15.0,29.0,28.0,5.0,4.0,2.0,6,0.0,3,0,1,0,0,0,0,0,1,0,0,1,106857.0
5.0,20.0,9.0,1.0,2.0,0.0,6,0.0,6,0,1,1,1,0,0,0,1,1,0,1,47692.0
0.0,4.0,10.0,5.0,4.0,1.0,6,0.0,5,0,0,1,1,0,1,0,0,1,0,1,14205.0
20.0,25.0,26.0,5.0,3.0,0.0,10,0.0,6,0,1,1,1,0,0,0,0,0,0,1,200000.0
24.0,40.0,10.0,6.0,9.0,2.0,10,10.0,3,0,0,0,0,0,0,1,0,0,0,1,250000.0
13.0,21.0,12.0,5.0,5.0,0.0,10,0.0,5,0,1,0,1,0,0,0,1,0,0,1,200000.0
4.0,10.0,4.0,5.0,9.0,1.0,10,1.0,4,1,0,0,0,1,0,0,0,0,1,1,120000.0
4.0,5.0,4.0,5.0,9.0,1.0,6,0.0,5,0,1,1,1,1,0,0,0,0,0,1,47259.0
8.0,10.0,10.0,6.0,5.0,0.0,8,0.0,6,0,1,1,1,0,0,0,0,0,0,1,84000.0
15.0,15.0,20.0,6.0,3.0,0.0,1,0.0,9,1,1,0,1,0,1,1,0,0,0,1,72693.0
20.0,25.0,10.0,6.0,4.0,0.0,6,1.0,3,1,0,0,1,0,0,0,0,1,0,1,161109.0
8.0,20.0,8.0,6.0,6.0,1.0,6,1.0,1,0,0,0,0,1,0,0,0,0,0,1,30074.0
25.0,25.0,10.0,6.0,4.0,0.0,9,0.0,6,0,1,1,1,0,1,0,0,0,0,1,115159.0
16.0,22.0,18.0,3.0,4.0,0.0,6,10.0,2,1,0,0,0,0,1,0,0,0,0,1,75000.0
4.0,12.0,4.0,6.0,5.0,1.0,3,9.0,4,1,0,0,0,0,0,1,0,0,0,1,66592.0
35.0,45.0,42.0,5.0,9.0,0.0,6,5.0,8,1,1,1,0,0,0,0,0,1,1,1,138739.0
2.0,8.0,10.0,7.0,5.0,0.0,7,1.0,3,0,0,0,1,1,0,0,0,0,0,1,42962.0
8.0,10.0,10.0,5.0,4.0,1.0,6,0.0,5,0,1,1,1,0,0,0,0,0,0,1,64444.0
2.0,4.0,10.0,1.0,4.0,1.0,6,1.0,7,1,1,0,1,0,0,1,0,1,0,0,17280.0
7.0,12.0,8.0,6.0,4.0,0.0,6,0.0,7,1,1,1,1,0,0,1,0,0,0,1,103935.0
1.0,4.0,10.0,5.0,3.0,1.0,9,9.0,2,0,0,0,0,0,0,1,0,0,0,1,57325.0
2.0,6.0,2.0,5.0,4.0,2.0,6,0.0,6,1,1,1,0,0,1,1,0,0,0,1,15892.0
25.0,25.0,10.0,5.0,2.0,1.0,6,9.0,3,1,0,0,1,0,0,0,0,0,0,1,47059.0
6.0,25.0,6.0,5.0,7.0,0.0,9,0.0,4,0,0,0,1,0,1,0,0,0,1,1,48833.0
26.0,36.0,10.0,2.0,8.0,1.0,6,1.0,7,1,1,0,1,1,1,0,1,0,0,1,90721.0
1.0,7.0,6.0,5.0,6.0,1.0,10,0.0,5,1,0,0,1,0,1,0,0,0,0,1,41000.0
5.0,8.0,5.0,6.0,2.0,2.0,6,0.0,4,1,0,1,0,0,0,0,0,0,1,1,86401.0
10.0,11.0,10.0,5.0,4.0,1.0,10,0.0,9,0,1,1,1,0,1,0,0,0,1,1,93500.0
10.0,15.0,10.0,6.0,5.0,0.0,6,1.0,5,0,1,1,1,0,0,0,0,0,0,0,85925.0
4.0,10.0,4.0,6.0,5.0,2.0,6,9.0,3,1,0,0,0,1,0,0,0,0,0,1,59073.0
2.0,7.0,2.0,3.0,4.0,0.0,6,1.0,3,0,1,0,0,0,1,0,0,0,0,0,17817.0
14.0,14.0,10.0,5.0,4.0,2.0,6,8.0,4,0,1,0,0,1,0,0,0,0,0,1,33114.0
13.0,18.0,10.0,6.0,5.0,1.0,9,1.0,8,1,1,1,1,1,1,0,1,0,0,1,114649.0
5.0,7.0,5.0,5.0,1.0,0.0,10,0.0,7,1,1,1,1,0,1,0,0,0,1,1,70000.0
4.0,11.0,7.0,6.0,9.0,1.0,3,0.0,7,1,1,1,1,1,0,0,0,0,0,1,75184.0
2.0,4.0,2.0,5.0,3.0,2.0,4,7.0,1,0,0,0,0,0,0,0,0,0,0,1,11963.0
6.0,8.0,6.0,4.0,4.0,1.0,0,1.0,6,0,1,1,1,0,0,0,1,0,0,1,20514.0
20.0,26.0,26.0,6.0,6.0,2.0,6,0.0,9,0,1,1,1,0,1,0,0,0,0,1,26986.0
13.0,20.0,14.0,3.0,4.0,0.0,8,8.0,1,0,0,0,0,0,0,1,0,0,0,1,96666.0
14.0,20.0,14.0,5.0,6.0,2.0,10,6.0,6,0,1,1,1,0,1,0,0,0,0,1,231600.0
12.0,18.0,10.0,6.0,3.0,0.0,6,1.0,1,0,0,0,0,0,0,0,0,1,0,1,51555.0
8.0,9.0,9.0,6.0,4.0,2.0,1,10.0,3,1,0,0,0,0,0,0,0,0,0,1,32494.0
7.0,15.0,10.0,3.0,2.0,1.0,9,0.0,2,0,1,0,0,0,0,0,1,0,0,1,50828.0
12.0,17.0,12.0,3.0,7.0,2.0,6,0.0,7,1,1,1,1,0,1,0,0,0,0,1,61071.0
7.0,13.0,10.0,6.0,6.0,1.0,6,3.0,5,1,0,0,1,0,0,0,0,0,0,1,75184.0
2.0,6.0,2.0,5.0,6.0,2.0,6,0.0,4,0,1,0,1,1,0,0,0,0,0,1,16986.0
3.0,8.0,10.0,2.0,5.0,2.0,10,8.0,13,1,1,0,1,1,0,0,1,0,1,1,32000.0
13.0,16.0,13.0,5.0,7.0,1.0,6,0.0,6,0,1,1,1,1,0,0,0,0,0,1,57230.0
18.0,20.0,18.0,5.0,3.0,1.0,6,1.0,6,0,1,0,1,0,0,0,1,0,0,1,95796.0
2.0,9.0,2.0,6.0,6.0,1.0,6,3.0,4,1,1,0,1,0,0,0,0,0,0,1,47568.0
27.0,32.0,10.0,7.0,9.0,0.0,3,10.0,8,0,0,0,0,0,1,0,0,1,1,1,257775.0
13.0,14.0,14.0,3.0,9.0,0.0,6,1.0,7,1,1,1,1,1,0,0,1,1,0,1,49291.0
8.0,19.0,34.0,5.0,5.0,0.0,10,6.0,1,0,0,0,0,0,0,0,0,0,0,1,181243.0
1.0,6.0,1.0,6.0,7.0,1.0,8,8.0,2,0,0,0,1,1,0,0,0,0,0,1,13353.0
2.0,4.0,3.0,5.0,4.0,2.0,6,10.0,5,0,1,1,1,0,0,0,0,1,0,1,22800.0
7.0,9.0,10.0,6.0,4.0,1.0,6,4.0,4,1,1,1,1,0,0,0,0,0,0,1,91295.0
8.0,12.0,8.0,5.0,6.0,0.0,9,0.0,6,0,1,0,1,0,1,0,0,0,0,1,57325.0
20.0,20.0,10.0,3.0,5.0,1.0,1,5.0,7,1,1,1,1,0,0,0,0,0,0,1,66877.0
4.0,7.0,10.0,5.0,5.0,0.0,10,7.0,4,1,1,0,0,0,0,0,0,0,0,1,150000.0
11.0,20.0,11.0,5.0,5.0,1.0,6,0.0,9,1,1,1,1,0,1,0,0,0,0,1,84892.0
12.0,15.0,12.0,3.0,8.0,0.0,10,1.0,6,0,0,0,0,0,0,0,0,0,0,1,170000.0
3.0,6.0,3.0,5.0,2.0,1.0,6,0.0,6,1,1,1,1,1,0,0,0,0,0,1,15311.0
8.0,18.0,10.0,5.0,4.0,0.0,10,0.0,5,0,1,1,1,0,1,0,0,0,0,1,120000.0
15.0,15.0,10.0,5.0,9.0,0.0,10,10.0,5,1,1,1,0,1,0,0,0,0,0,1,350000.0
35.0,40.0,35.0,2.0,2.0,1.0,3,1.0,7,1,1,1,1,0,0,0,0,0,0,0,103110.0
25.0,30.0,25.0,6.0,7.0,0.0,10,0.0,5,1,0,1,1,0,1,0,0,0,0,1,170000.0
2.0,9.0,10.0,6.0,4.0,0.0,2,1.0,9,1,1,1,0,1,0,0,0,0,1,1,45111.0
5.0,5.0,10.0,6.0,4.0,0.0,6,1.0,1,0,0,0,0,0,0,0,0,0,0,1,45111.0
11.0,16.0,11.0,6.0,9.0,1.0,6,1.0,4,1,1,0,1,0,1,0,0,0,0,1,44818.0
20.0,24.0,10.0,5.0,7.0,1.0,9,0.0,7,1,1,1,1,0,0,0,1,0,0,1,71814.0
10.0,22.0,10.0,5.0,5.0,0.0,6,0.0,7,0,0,0,1,0,1,1,0,0,1,1,87231.0
19.0,22.0,10.0,6.0,3.0,0.0,6,6.0,4,0,0,1,0,0,1,0,0,0,0,1,64444.0
6.0,8.0,6.0,7.0,2.0,0.0,6,10.0,4,1,0,0,0,0,0,0,0,0,1,1,103063.0
8.0,11.0,10.0,5.0,4.0,0.0,8,0.0,2,0,0,0,0,1,0,0,0,0,0,1,65000.0
7.0,10.0,7.0,5.0,7.0,2.0,6,1.0,7,1,1,0,0,0,0,1,0,0,0,1,198198.0
6.0,8.0,8.0,5.0,5.0,1.0,6,0.0,7,0,1,1,1,1,1,0,1,0,0,1,33907.0
19.0,24.0,37.0,6.0,4.0,0.0,10,10.0,2,0,0,0,1,1,0,0,0,0,0,1,176800.0
10.0,16.0,10.0,3.0,4.0,1.0,6,0.0,6,0,0,0,1,0,1,1,0,0,0,1,73839.0
15.0,17.0,10.0,6.0,2.0,0.0,2,0.0,2,1,1,0,0,0,0,0,0,0,0,1,53703.0
15.0,22.0,10.0,6.0,4.0,1.0,6,0.0,7,0,1,1,1,1,0,0,1,0,0,1,85925.0
6.0,8.0,7.0,5.0,5.0,0.0,6,0.0,10,1,1,1,1,0,0,0,0,1,1,1,93591.0
6.0,17.0,10.0,4.0,4.0,0.0,6,0.0,4,0,1,1,0,0,1,0,0,0,0,1,88610.0
13.0,15.0,15.0,4.0,2.0,0.0,2,0.0,7,1,1,0,1,0,0,0,1,0,0,1,48333.0
6.0,14.0,7.0,3.0,4.0,1.0,5,2.0,4,0,1,1,0,0,0,0,1,0,0,1,46185.0
18.0,18.0,17.0,6.0,9.0,1.0,4,1.0,2,0,0,1,0,1,0,0,0,0,0,1,27516.0
12.0,15.0,12.0,5.0,4.0,0.0,6,0.0,2,0,1,1,0,0,0,0,0,0,0,1,85925.0
5.0,9.0,5.0,5.0,6.0,2.0,6,0.0,5,0,1,0,1,0,1,0,0,0,0,1,48333.0
4.0,9.0,10.0,6.0,3.0,1.0,6,0.0,5,0,1,1,1,1,0,0,0,0,0,1,67854.0
7.0,9.0,7.0,5.0,4.0,0.0,0,0.0,7,0,1,1,1,0,1,0,0,0,0,1,51202.0
8.0,12.0,8.0,5.0,9.0,1.0,9,10.0,4,1,0,0,0,0,0,1,0,0,0,0,254776.0
2.0,6.0,10.0,5.0,1.0,0.0,8,10.0,8,1,1,0,1,1,0,0,0,1,0,0,23712.0
2.0,10.0,10.0,2.0,9.0,0.0,3,10.0,6,1,1,0,1,0,0,0,1,0,0,1,46113.0
21.0,21.0,21.0,4.0,9.0,0.0,10,0.0,6,0,1,0,1,1,1,0,0,0,0,1,196000.0
3.0,6.0,3.0,3.0,4.0,1.0,6,1.0,3,1,0,0,0,0,0,0,0,0,0,1,19566.0
17.0,22.0,18.0,5.0,5.0,0.0,6,6.0,2,0,0,0,0,1,0,0,0,0,0,1,116000.0
10.0,14.0,11.0,5.0,9.0,1.0,10,1.0,1,1,0,0,0,0,0,0,0,0,0,1,200000.0
24.0,24.0,24.0,6.0,5.0,1.0,6,10.0,5,1,1,0,0,0,0,0,0,0,0,1,88274.0
22.0,24.0,22.0,4.0,7.0,1.0,1,0.0,6,0,1,0,1,0,1,0,0,0,0,1,87231.0
18.0,20.0,10.0,4.0,3.0,2.0,6,0.0,8,1,1,1,0,0,1,0,1,1,0,1,32222.0
1.0,6.0,1.0,5.0,4.0,1.0,6,1.0,4,0,1,0,1,0,1,0,0,0,0,1,11064.0
10.0,13.0,10.0,5.0,7.0,2.0,6,10.0,10,0,1,1,1,1,0,0,0,1,0,1,50223.0
6.0,9.0,10.0,5.0,5.0,1.0,10,9.0,5,1,0,0,1,0,0,1,0,1,0,1,88000.0
15.0,18.0,10.0,5.0,5.0,1.0,6,6.0,3,1,0,0,0,0,0,1,0,1,0,1,128887.0
7.0,10.0,7.0,6.0,7.0,0.0,8,1.0,7,0,1,0,1,1,0,1,0,0,0,1,64800.0
7.0,11.0,7.0,5.0,9.0,1.0,3,1.0,4,0,1,0,1,1,0,0,0,0,0,1,91627.0
7.0,14.0,7.0,5.0,3.0,1.0,6,0.0,7,1,1,1,1,1,0,0,0,0,0,1,53703.0
10.0,14.0,10.0,6.0,3.0,1.0,3,0.0,7,1,1,1,1,0,0,0,0,1,0,1,69814.0
3.0,5.0,3.0,3.0,4.0,0.0,10,0.0,5,0,1,1,0,0,1,0,0,0,0,1,130000.0
3.0,7.0,3.0,3.0,2.0,0.0,6,0.0,6,0,1,1,1,1,0,0,0,0,0,1,48333.0
24.0,38.0,24.0,6.0,5.0,0.0,10,0.0,3,1,1,1,0,0,0,0,0,0,0,1,250000.0
9.0,12.0,9.0,3.0,9.0,0.0,6,0.0,7,1,1,1,1,0,0,0,1,0,0,1,73932.0
5.0,7.0,7.0,5.0,1.0,0.0,2,0.0,9,0,1,1,1,1,1,0,0,0,0,1,85925.0
9.0,22.0,10.0,6.0,6.0,1.0,0,1.0,8,1,1,1,1,0,0,1,0,1,1,1,74595.0
14.0,34.0,15.0,5.0,8.0,0.0,10,5.0,4,1,0,0,0,0,1,0,0,0,0,1,142000.0
6.0,9.0,9.0,5.0,5.0,2.0,6,0.0,5,0,1,1,1,0,0,0,1,0,0,1,32123.0
5.0,13.0,10.0,6.0,4.0,1.0,6,10.0,5,1,1,0,1,0,1,0,0,0,0,1,46185.0
10.0,18.0,10.0,5.0,9.0,0.0,6,9.0,2,0,0,0,0,0,0,1,0,0,0,1,29696.0
3.0,6.0,3.0,2.0,9.0,1.0,7,0.0,3,0,1,1,0,0,0,0,0,0,0,1,40814.0
3.0,8.0,3.0,5.0,6.0,0.0,1,1.0,5,0,1,1,0,0,0,0,0,1,1,1,123578.0
11.0,14.0,11.0,5.0,4.0,0.0,3,1.0,4,0,0,0,0,0,0,0,0,0,0,0,88073.0
2.0,5.0,3.0,5.0,4.0,1.0,6,3.0,6,1,0,0,1,0,0,0,0,0,0,0,25920.0
12.0,17.0,12.0,6.0,6.0,1.0,6,0.0,6,1,1,1,1,0,1,0,0,0,0,1,228096.0
19.0,19.0,19.0,5.0,2.0,0.0,10,0.0,5,0,1,0,1,0,0,0,1,0,0,0,405000.0
3.0,8.0,3.0,6.0,4.0,2.0,6,0.0,2,0,0,0,0,0,1,0,0,0,0,1,45784.0
3.0,12.0,10.0,5.0,4.0,1.0,6,0.0,6,0,1,1,1,0,0,0,1,0,0,1,56156.0
5.0,8.0,10.0,5.0,7.0,1.0,10,0.0,6,0,1,1,1,0,1,0,0,0,0,1,150000.0
9.0,13.0,9.0,5.0,4.0,1.0,3,0.0,7,1,1,1,1,1,0,0,0,0,0,1,85925.0
4.0,10.0,4.0,5.0,7.0,2.0,6,0.0,3,0,0,1,0,0,1,0,0,1,0,1,38666.0
9.0,9.0,9.0,5.0,4.0,0.0,10,1.0,8,1,1,1,0,0,0,0,0,1,1,1,155000.0
12.0,12.0,10.0,6.0,9.0,1.0,10,0.0,6,0,1,1,0,0,1,0,0,0,0,1,180000.0
8.0,10.0,10.0,5.0,5.0,0.0,1,9.0,2,1,0,0,0,0,0,1,0,0,0,1,79962.0
29.0,42.0,29.0,6.0,7.0,0.0,10,0.0,8,0,1,0,1,1,0,1,0,0,0,1,123300.0
18.0,28.0,16.0,5.0,7.0,1.0,3,1.0,17,1,1,1,1,1,1,1,1,1,0,1,92369.0
15.0,23.0,15.0,5.0,5.0,0.0,3,0.0,8,0,1,1,1,0,0,0,1,1,1,1,64444.0
10.0,14.0,10.0,5.0,5.0,0.0,6,6.0,5,0,0,0,1,1,1,0,0,0,0,1,23256.0
3.0,10.0,10.0,5.0,4.0,1.0,10,4.0,5,1,1,1,1,0,1,0,0,0,0,1,95000.0
12.0,16.0,12.0,5.0,4.0,1.0,6,0.0,4,1,1,0,1,0,0,0,0,0,0,1,79894.0
5.0,7.0,10.0,5.0,6.0,0.0,4,1.0,5,0,1,1,1,0,0,0,1,0,0,1,19142.0
6.0,8.0,10.0,2.0,6.0,0.0,3,10.0,10,1,1,1,1,1,0,0,1,1,0,1,80555.0
23.0,30.0,10.0,5.0,1.0,0.0,6,0.0,4,0,0,1,1,0,1,0,0,0,0,0,86000.0
0.0,1.0,10.0,3.0,4.0,0.0,6,7.0,4,0,1,1,0,0,0,0,0,0,0,1,23629.0
11.0,25.0,10.0,5.0,9.0,1.0,5,8.0,9,1,1,1,1,0,0,1,1,0,0,1,107406.0
18.0,27.0,18.0,6.0,9.0,0.0,8,1.0,6,0,1,1,0,1,0,1,0,0,1,1,49368.0
8.0,15.0,8.0,6.0,9.0,1.0,3,1.0,4,0,1,1,1,0,0,0,0,0,0,1,69277.0
6.0,8.0,10.0,5.0,5.0,1.0,6,0.0,3,0,1,0,0,0,0,0,1,0,0,1,48333.0
20.0,25.0,20.0,5.0,4.0,1.0,6,0.0,6,0,1,0,1,0,1,0,0,0,0,1,94474.0
33.0,43.0,33.0,5.0,5.0,1.0,6,0.0,14,1,1,1,1,1,1,0,0,1,0,1,145715.0
7.0,27.0,15.0,7.0,5.0,0.0,9,10.0,10,1,0,1,0,0,0,1,0,1,1,1,109554.0
20.0,25.0,20.0,5.0,5.0,0.0,6,6.0,6,1,1,1,0,1,0,0,0,0,0,1,85925.0
4.0,6.0,4.0,5.0,4.0,0.0,8,0.0,3,0,1,1,0,0,0,0,0,0,0,1,33817.0
22.0,27.0,24.0,3.0,7.0,1.0,6,4.0,5,1,0,0,1,1,0,0,0,1,0,1,66769.0
3.0,8.0,2.0,6.0,4.0,1.0,5,9.0,2,0,0,0,0,1,0,0,0,0,1,1,59073.0
14.0,17.0,17.0,5.0,8.0,0.0,10,0.0,4,0,1,1,0,0,0,0,0,0,0,1,185000.0
15.0,20.0,10.0,3.0,6.0,0.0,6,1.0,5,1,1,0,0,0,0,0,0,0,0,0,154665.0
10.0,16.0,10.0,3.0,2.0,1.0,6,10.0,6,0,1,1,1,0,0,0,1,0,1,1,25777.0
7.0,9.0,10.0,5.0,5.0,2.0,6,0.0,2,0,0,0,1,0,1,0,0,0,0,1,51531.0
16.0,16.0,14.0,7.0,4.0,1.0,6,3.0,5,1,0,1,0,0,0,0,0,0,1,1,64444.0
4.0,7.0,10.0,6.0,8.0,2.0,6,0.0,4,1,1,1,0,1,0,0,0,0,0,1,50773.0
26.0,40.0,10.0,3.0,8.0,2.0,6,8.0,3,0,0,0,1,0,0,0,0,0,0,1,29696.0
33.0,38.0,38.0,5.0,3.0,1.0,6,6.0,3,1,1,1,0,0,0,0,0,0,0,1,71027.0
6.0,6.0,10.0,6.0,4.0,0.0,6,1.0,4,0,0,0,1,0,1,0,0,0,0,1,52844.0
4.0,9.0,4.0,5.0,4.0,0.0,8,9.0,2,1,0,0,0,0,0,1,0,0,0,1,39600.0
6.0,10.0,6.0,5.0,6.0,1.0,6,1.0,2,0,0,0,1,0,1,0,0,0,0,1,53703.0
4.0,10.0,6.0,6.0,4.0,0.0,10,3.0,1,1,0,0,0,0,0,0,0,0,0,1,120000.0
3.0,4.0,1.0,6.0,2.0,1.0,10,0.0,4,1,1,1,0,0,0,0,0,0,0,1,85000.0
6.0,11.0,10.0,7.0,4.0,1.0,6,10.0,8,1,0,0,1,1,0,1,1,1,0,1,38186.0
2.0,5.0,10.0,6.0,4.0,0.0,8,0.0,3,1,1,0,0,0,0,0,0,1,0,1,10000.0
6.0,8.0,6.0,3.0,2.0,1.0,3,2.0,4,0,1,0,1,0,0,0,1,0,0,1,46185.0
8.0,16.0,8.0,5.0,9.0,1.0,10,9.0,4,0,0,0,0,0,0,1,0,0,0,1,135000.0
3.0,10.0,3.0,6.0,7.0,0.0,8,0.0,5,0,1,1,1,1,0,0,0,0,0,1,30000.0
2.0,8.0,2.0,5.0,3.0,2.0,6,10.0,8,1,0,1,0,0,1,0,0,1,1,1,191990.0
8.0,13.0,10.0,6.0,5.0,0.0,6,1.0,5,1,1,1,0,0,0,1,0,0,0,1,100000.0
6.0,13.0,6.0,6.0,3.0,0.0,6,1.0,8,0,1,1,1,1,1,0,1,0,0,1,16780.0
36.0,40.0,40.0,7.0,4.0,1.0,6,1.0,10,1,1,0,0,1,0,1,1,0,0,1,99099.0
1.0,1.0,6.0,5.0,2.0,0.0,0,2.0,3,0,1,1,0,0,0,0,0,0,0,0,26854.0
8.0,14.0,10.0,5.0,2.0,1.0,6,0.0,4,0,1,1,0,0,0,0,1,0,0,1,115874.0
10.0,15.0,10.0,6.0,4.0,0.0,8,7.0,4,0,1,0,0,1,0,0,0,0,0,1,55000.0
25.0,25.0,10.0,5.0,5.0,0.0,6,8.0,2,0,0,0,1,0,1,0,0,0,0,1,65625.0
8.0,9.0,8.0,3.0,4.0,0.0,10,0.0,3,0,1,1,0,0,0,0,0,0,0,1,210000.0
10.0,11.0,11.0,5.0,5.0,1.0,6,0.0,7,1,1,1,1,0,1,0,1,0,0,1,46135.0
8.0,12.0,8.0,5.0,9.0,1.0,4,1.0,1,1,0,0,0,0,0,0,0,0,0,1,17945.0
15.0,25.0,15.0,7.0,5.0,1.0,3,5.0,4,1,0,0,0,1,0,0,0,0,0,1,85925.0
24.0,30.0,25.0,6.0,4.0,0.0,7,10.0,5,0,1,1,0,0,0,0,1,0,0,0,128887.0
5.0,9.0,5.0,5.0,7.0,2.0,6,1.0,7,0,1,0,1,0,1,0,0,0,0,1,10594.0
14.0,17.0,10.0,6.0,5.0,1.0,6,0.0,10,1,1,1,1,1,1,1,0,0,0,0,111359.0
1.0,6.0,1.0,5.0,4.0,1.0,3,1.0,2,1,0,0,0,1,0,0,0,0,0,1,23092.0
0.0,21.0,10.0,2.0,6.0,2.0,6,10.0,8,1,1,0,0,0,0,1,0,1,0,1,75184.0
6.0,11.0,10.0,3.0,3.0,2.0,0,0.0,5,0,1,1,1,0,1,0,0,0,0,1,12122.0
2.0,4.0,2.0,6.0,7.0,0.0,8,1.0,4,1,0,0,1,1,0,0,0,0,0,1,24000.0
18.0,24.0,10.0,6.0,4.0,1.0,8,8.0,4,0,1,0,1,0,0,0,0,0,0,1,59241.0
7.0,11.0,6.0,2.0,2.0,2.0,6,0.0,6,1,1,1,1,0,0,0,1,0,0,1,18259.0
13.0,20.0,10.0,7.0,5.0,0.0,3,10.0,2,1,0,0,0,0,0,1,0,0,0,0,120295.0
12.0,19.0,12.0,3.0,7.0,0.0,10,0.0,13,0,1,0,1,0,1,0,0,0,0,1,194350.0
4.0,8.0,4.0,6.0,3.0,2.0,6,10.0,7,1,1,0,1,1,1,1,0,0,0,1,24707.0
9.0,14.0,9.0,7.0,9.0,0.0,6,10.0,3,1,0,0,1,0,0,0,0,1,0,1,57462.0
8.0,9.0,9.0,3.0,4.0,0.0,7,7.0,3,0,0,1,0,0,0,0,0,0,1,1,107406.0
8.0,15.0,8.0,6.0,5.0,0.0,3,0.0,1,0,0,0,0,0,1,0,0,0,0,1,69814.0
0.0,10.0,1.0,6.0,7.0,0.0,2,7.0,1,0,0,0,0,0,0,0,0,0,0,1,49622.0
8.0,14.0,8.0,6.0,5.0,0.0,6,1.0,7,1,1,0,1,0,1,0,0,0,0,1,38507.0
4.0,12.0,5.0,5.0,5.0,1.0,10,0.0,6,0,0,1,1,1,0,1,0,0,0,1,76419.0
30.0,40.0,30.0,4.0,4.0,1.0,1,1.0,4,0,0,0,1,0,1,0,1,0,0,1,79962.0
9.0,18.0,11.0,6.0,2.0,0.0,2,0.0,5,0,1,0,1,0,0,0,1,0,0,1,57999.0
7.0,9.0,10.0,5.0,1.0,0.0,10,4.0,5,1,0,0,1,0,1,0,0,0,1,0,150000.0
29.0,40.0,29.0,5.0,2.0,0.0,1,6.0,10,1,1,1,1,0,0,0,0,1,1,1,105405.0
12.0,17.0,12.0,3.0,5.0,0.0,10,6.0,11,1,1,1,1,0,0,0,1,1,1,1,200000.0
7.0,14.0,7.0,5.0,7.0,0.0,3,0.0,8,1,1,1,1,1,0,0,1,0,0,1,67129.0
3.0,7.0,5.0,5.0,9.0,0.0,10,0.0,8,0,1,1,1,0,1,0,0,0,0,1,109000.0
25.0,30.0,25.0,5.0,3.0,0.0,10,0.0,5,1,1,0,0,0,0,0,0,0,0,1,210000.0
6.0,10.0,6.0,3.0,2.0,0.0,6,1.0,6,1,1,0,1,1,0,0,0,0,0,1,33600.0
9.0,10.0,9.0,4.0,6.0,0.0,6,1.0,5,1,1,1,1,0,0,0,0,0,0,1,53703.0
6.0,12.0,6.0,6.0,4.0,0.0,9,0.0,2,1,0,0,0,0,0,0,0,0,0,1,57325.0
6.0,6.0,9.0,5.0,6.0,1.0,10,10.0,11,1,1,1,1,0,1,0,0,0,0,1,159000.0
5.0,9.0,5.0,6.0,7.0,1.0,3,9.0,2,1,0,0,0,0,0,0,0,0,0,1,91295.0
22.0,26.0,22.0,5.0,4.0,1.0,6,0.0,7,0,1,1,1,0,1,0,0,0,0,1,99099.0
16.0,22.0,10.0,5.0,5.0,1.0,6,8.0,5,0,0,0,1,0,0,1,0,0,1,1,65152.0
4.0,6.0,5.0,5.0,9.0,0.0,3,1.0,2,1,0,0,0,1,0,0,0,0,0,1,107406.0
18.0,21.0,18.0,5.0,5.0,0.0,9,0.0,6,0,1,1,1,0,1,0,0,0,0,1,121018.0
4.0,10.0,4.0,6.0,4.0,0.0,10,0.0,6,1,1,0,1,0,0,0,0,1,0,1,127050.0
2.0,9.0,2.0,5.0,4.0,2.0,10,8.0,14,1,1,0,1,1,1,1,0,1,0,1,63000.0
10.0,15.0,10.0,4.0,4.0,1.0,6,6.0,6,0,1,0,1,0,0,0,1,1,0,1,45111.0
25.0,41.0,27.0,5.0,5.0,2.0,6,10.0,7,1,0,0,1,0,1,0,0,0,0,0,56156.0
11.0,13.0,11.0,5.0,6.0,0.0,6,1.0,5,0,1,1,1,0,0,0,0,0,0,0,145500.0
4.0,5.0,5.0,3.0,2.0,1.0,10,10.0,4,1,0,0,0,0,0,0,0,0,1,1,83500.0
2.0,4.0,10.0,6.0,6.0,1.0,6,10.0,1,1,0,0,0,0,0,0,0,0,0,1,69121.0
1.0,13.0,10.0,7.0,2.0,0.0,9,1.0,3,1,0,0,0,0,0,0,0,0,1,1,89172.0
10.0,16.0,10.0,5.0,3.0,1.0,3,0.0,3,0,1,1,0,0,0,0,0,0,0,0,429625.0
15.0,20.0,20.0,7.0,2.0,1.0,6,3.0,3,1,0,0,1,0,0,0,0,0,0,1,109009.0
16.0,20.0,16.0,5.0,4.0,1.0,9,10.0,5,1,1,0,1,0,0,0,0,1,0,1,140127.0
6.0,7.0,6.0,5.0,6.0,0.0,10,0.0,6,1,1,1,1,1,0,0,0,0,0,1,125000.0
22.0,25.0,25.0,6.0,3.0,1.0,0,0.0,9,0,1,0,1,1,0,1,1,0,0,0,44757.0
2.0,6.0,2.0,5.0,5.0,1.0,4,0.0,12,1,1,1,1,0,1,1,0,1,1,1,10408.0
13.0,20.0,18.0,5.0,7.0,2.0,10,6.0,11,1,1,1,1,1,1,1,0,0,0,1,99000.0
10.0,15.0,10.0,2.0,3.0,2.0,3,0.0,3,0,1,1,0,0,0,0,0,0,0,1,62296.0
2.0,8.0,2.0,6.0,7.0,1.0,2,9.0,3,0,0,0,0,0,0,1,0,0,0,1,40814.0
11.0,15.0,10.0,2.0,2.0,0.0,3,0.0,8,1,1,1,1,0,0,0,1,0,0,1,34370.0
7.0,13.0,7.0,5.0,4.0,1.0,5,7.0,1,0,0,0,0,0,0,0,0,0,0,1,75184.0
12.0,20.0,12.0,5.0,7.0,0.0,10,6.0,6,0,1,1,0,0,1,0,0,0,0,1,250000.0
27.0,29.0,10.0,5.0,5.0,1.0,0,0.0,19,0,1,1,1,1,1,1,1,0,0,1,68441.0
3.0,10.0,3.0,6.0,3.0,1.0,5,10.0,5,0,0,0,0,0,1,1,0,0,1,1,41888.0
16.0,40.0,10.0,6.0,1.0,1.0,0,0.0,4,1,1,0,1,0,0,0,0,0,0,0,18649.0
7.0,10.0,7.0,5.0,6.0,2.0,6,0.0,5,0,1,0,1,1,1,0,0,0,0,1,33973.0
23.0,23.0,10.0,3.0,1.0,0.0,10,0.0,4,1,0,0,0,0,1,1,0,0,0,0,145000.0
9.0,15.0,10.0,5.0,2.0,1.0,6,0.0,6,1,1,1,1,0,0,0,0,0,0,1,53703.0
10.0,15.0,10.0,6.0,9.0,1.0,9,1.0,9,1,1,0,0,1,1,1,0,1,0,1,70063.0
19.0,30.0,19.0,6.0,4.0,1.0,6,1.0,4,0,0,1,1,1,0,0,0,0,0,1,44037.0
6.0,12.0,10.0,5.0,6.0,0.0,0,3.0,1,1,0,0,0,0,0,0,0,0,0,1,35433.0
25.0,37.0,25.0,6.0,3.0,1.0,6,1.0,4,0,0,0,1,1,0,0,0,0,0,1,42962.0
12.0,15.0,10.0,5.0,7.0,1.0,10,0.0,4,1,0,0,1,1,0,0,0,0,0,1,235000.0
10.0,11.0,10.0,5.0,5.0,1.0,10,10.0,6,1,1,0,1,0,0,0,0,0,0,1,170000.0
7.0,9.0,7.0,5.0,4.0,0.0,10,0.0,9,1,1,1,1,1,0,0,0,0,1,1,174000.0
7.0,12.0,7.0,5.0,5.0,0.0,7,1.0,4,1,1,0,1,0,0,0,1,0,0,1,55046.0
16.0,25.0,16.0,6.0,5.0,1.0,2,0.0,6,0,1,1,1,1,0,0,0,0,0,1,74647.0
9.0,12.0,9.0,6.0,9.0,2.0,6,10.0,1,0,0,0,0,1,0,0,0,0,0,1,53782.0
5.0,6.0,10.0,5.0,5.0,1.0,5,0.0,5,0,1,0,1,1,0,0,0,0,0,1,61222.0
13.0,16.0,13.0,5.0,4.0,0.0,5,6.0,5,0,0,0,1,1,0,0,1,0,0,1,111702.0
10.0,13.0,10.0,2.0,5.0,1.0,6,7.0,7,0,1,1,0,0,1,0,0,0,0,1,138739.0
31.0,31.0,10.0,2.0,3.0,0.0,3,0.0,7,0,1,1,0,1,0,0,1,1,0,1,69814.0
6.0,11.0,6.0,5.0,7.0,2.0,6,0.0,4,0,1,1,0,0,1,0,0,0,0,1,79894.0
7.0,7.0,10.0,7.0,1.0,0.0,10,10.0,5,1,1,0,1,0,0,0,0,0,0,0,50000.0
17.0,22.0,10.0,5.0,6.0,1.0,10,10.0,5,0,1,0,1,0,1,0,0,0,0,1,85000.0
1.0,8.0,4.0,3.0,4.0,1.0,3,0.0,6,1,0,0,1,1,1,0,0,0,1,1,47259.0
8.0,15.0,10.0,5.0,3.0,0.0,10,0.0,5,0,1,1,1,0,0,0,0,0,0,1,165000.0
8.0,14.0,10.0,5.0,7.0,0.0,6,0.0,2,0,1,1,0,0,0,0,0,0,0,1,64341.0
4.0,8.0,8.0,5.0,5.0,1.0,5,8.0,8,1,0,1,0,0,1,0,0,1,1,1,57793.0
25.0,30.0,26.0,7.0,3.0,0.0,10,10.0,8,1,0,0,1,0,0,1,1,1,0,1,75000.0
38.0,44.0,10.0,2.0,1.0,1.0,6,8.0,1,0,0,0,0,0,0,0,0,0,0,0,107406.0
6.0,10.0,6.0,5.0,7.0,1.0,8,1.0,4,0,0,0,1,0,1,0,0,0,0,1,37026.0
11.0,12.0,12.0,6.0,4.0,0.0,10,10.0,4,1,1,0,0,0,0,0,0,0,0,1,82000.0
3.0,4.0,3.0,6.0,3.0,0.0,8,1.0,2,0,1,0,0,1,0,0,0,0,0,1,46899.0
17.0,27.0,17.0,6.0,5.0,1.0,6,10.0,3,1,0,0,1,0,0,0,0,0,0,1,54442.0
9.0,13.0,9.0,3.0,4.0,1.0,6,0.0,3,1,1,0,0,0,0,0,0,0,0,1,12237.0
15.0,16.0,10.0,3.0,2.0,0.0,6,1.0,7,1,1,0,1,0,0,0,0,0,0,1,125000.0
1.0,5.0,10.0,2.0,9.0,2.0,6,10.0,4,0,0,0,0,0,1,1,0,0,1,1,23175.0
4.0,8.0,4.0,5.0,6.0,0.0,3,0.0,3,0,0,1,0,1,0,0,0,1,0,1,75184.0
26.0,37.0,27.0,6.0,4.0,2.0,7,0.0,7,0,1,0,1,0,0,0,1,0,0,1,42962.0
41.0,45.0,10.0,6.0,5.0,1.0,10,0.0,8,0,1,1,1,0,0,0,0,0,0,1,180000.0
5.0,9.0,5.0,5.0,4.0,1.0,10,2.0,6,1,1,1,1,0,0,0,0,0,0,1,140000.0
8.0,24.0,8.0,7.0,7.0,1.0,9,10.0,4,1,0,0,0,0,0,1,0,0,0,1,52739.0
5.0,7.0,10.0,6.0,7.0,0.0,6,0.0,5,0,1,1,1,0,1,0,0,0,0,1,38604.0
7.0,14.0,7.0,6.0,3.0,2.0,6,2.0,7,0,1,1,1,0,1,0,0,0,0,1,87841.0
2.0,10.0,2.0,5.0,2.0,2.0,6,0.0,8,1,1,1,1,1,0,0,1,0,0,0,16111.0
26.0,30.0,26.0,5.0,4.0,0.0,10,8.0,3,1,0,0,1,0,1,0,0,0,0,1,122062.0
5.0,7.0,7.0,5.0,7.0,0.0,10,7.0,8,0,1,1,1,0,1,0,0,0,1,1,205000.0
12.0,16.0,12.0,5.0,7.0,1.0,10,1.0,6,1,1,0,1,1,0,0,0,0,0,1,145000.0
3.0,12.0,3.0,5.0,7.0,1.0,6,8.0,4,0,0,0,1,1,0,1,0,0,0,1,59073.0
12.0,14.0,12.0,4.0,4.0,1.0,2,0.0,4,0,1,1,0,0,0,0,0,1,0,1,45111.0
9.0,14.0,9.0,5.0,4.0,0.0,6,0.0,3,0,0,1,1,0,1,0,0,0,0,1,70527.0
5.0,10.0,10.0,5.0,4.0,0.0,9,1.0,4,1,0,0,0,0,0,0,0,0,0,1,53503.0
3.0,4.0,3.0,3.0,9.0,1.0,3,1.0,6,1,1,0,1,0,1,0,0,0,0,1,53703.0
4.0,11.0,4.0,6.0,6.0,1.0,4,1.0,5,1,0,0,1,1,0,0,0,0,0,1,83744.0
13.0,20.0,15.0,6.0,5.0,1.0,6,0.0,7,1,1,1,1,0,1,0,0,0,0,1,127528.0
2.0,6.0,2.0,5.0,6.0,1.0,6,8.0,5,1,1,1,0,1,0,0,0,0,1,0,28508.0
5.0,14.0,5.0,7.0,9.0,0.0,0,1.0,2,1,0,0,0,0,0,0,0,0,0,1,27973.0
3.0,4.0,6.0,5.0,5.0,1.0,6,2.0,3,0,1,1,0,0,0,0,0,0,0,1,50483.0
5.0,8.0,5.0,5.0,7.0,0.0,3,0.0,5,0,0,1,0,1,0,1,0,0,0,1,57999.0
4.0,10.0,4.0,6.0,5.0,2.0,6,1.0,2,0,0,0,1,0,0,0,0,1,0,1,47778.0
4.0,6.0,4.0,5.0,6.0,2.0,0,1.0,3,0,1,0,1,1,0,0,0,0,0,1,24243.0
4.0,8.0,4.0,5.0,4.0,1.0,6,10.0,3,1,0,0,0,0,0,0,0,1,0,1,85886.0
10.0,17.0,10.0,6.0,8.0,2.0,6,4.0,3,1,0,0,1,0,0,0,0,0,0,0,53703.0
20.0,27.0,10.0,5.0,7.0,1.0,6,0.0,5,0,0,1,1,1,0,0,0,0,0,1,89189.0
10.0,18.0,11.0,5.0,8.0,1.0,3,0.0,7,0,1,1,1,1,0,0,1,0,0,1,91295.0
8.0,14.0,8.0,6.0,4.0,1.0,6,0.0,4,0,1,0,1,0,1,0,0,0,0,1,93591.0
5.0,9.0,5.0,3.0,4.0,0.0,10,0.0,4,1,0,0,1,0,0,0,0,0,1,1,173000.0
12.0,20.0,13.0,5.0,3.0,0.0,10,10.0,2,0,0,0,0,1,1,0,0,0,0,1,80000.0
0.0,6.0,10.0,3.0,8.0,1.0,6,1.0,11,1,1,1,1,1,1,1,1,0,0,0,23757.0
7.0,9.0,10.0,2.0,4.0,0.0,3,2.0,5,0,1,1,0,0,0,0,1,0,0,1,61222.0
13.0,16.0,13.0,6.0,4.0,0.0,6,0.0,14,1,1,1,1,1,1,1,0,0,0,0,123732.0
17.0,21.0,17.0,5.0,9.0,1.0,6,0.0,5,0,0,1,0,0,1,0,0,1,0,1,55742.0
8.0,17.0,10.0,5.0,5.0,1.0,6,1.0,5,1,0,0,1,0,0,0,0,1,0,1,66850.0
1.0,7.0,10.0,5.0,9.0,0.0,6,5.0,9,1,1,0,0,1,0,1,0,0,0,0,12175.0
8.0,13.0,8.0,6.0,4.0,0.0,2,0.0,5,0,0,1,1,0,0,0,0,0,1,1,89147.0
13.0,18.0,13.0,6.0,7.0,0.0,6,1.0,8,1,1,0,1,1,0,0,0,0,0,1,26891.0
12.0,12.0,12.0,5.0,5.0,1.0,9,1.0,7,0,1,1,1,1,0,0,0,1,0,1,196177.0
20.0,25.0,20.0,3.0,2.0,0.0,3,6.0,4,0,0,0,0,0,0,0,0,1,1,0,107406.0
3.0,8.0,3.0,5.0,4.0,1.0,6,8.0,3,0,1,0,0,0,1,1,0,0,0,1,74655.0
12.0,18.0,10.0,6.0,4.0,0.0,6,2.0,5,0,1,1,1,0,0,0,0,0,0,1,77208.0
7.0,17.0,7.0,7.0,7.0,2.0,10,10.0,9,1,0,0,0,1,0,0,0,1,1,1,181000.0
7.0,11.0,7.0,5.0,5.0,0.0,6,0.0,5,0,1,1,1,0,0,0,0,0,0,1,86496.0
35.0,42.0,35.0,6.0,9.0,1.0,10,10.0,4,1,0,0,0,0,0,1,0,0,0,1,160000.0
1.0,11.0,10.0,5.0,5.0,1.0,3,8.0,1,0,0,0,0,0,1,0,0,0,0,1,41888.0
1.0,6.0,1.0,5.0,8.0,1.0,10,1.0,10,1,1,1,1,0,1,0,0,0,0,1,85000.0
1.0,7.0,10.0,2.0,4.0,2.0,6,0.0,5,1,1,0,0,0,0,0,0,1,0,1,12773.0
8.0,14.0,8.0,6.0,7.0,2.0,6,1.0,2,0,0,0,1,1,0,0,0,0,0,1,26061.0
4.0,15.0,4.0,7.0,9.0,2.0,6,10.0,8,1,1,1,1,1,0,0,0,0,0,1,111417.0
7.0,20.0,10.0,3.0,9.0,0.0,9,2.0,3,0,1,1,0,0,0,0,0,0,0,1,280253.0
5.0,6.0,4.0,5.0,5.0,0.0,0,0.0,4,0,1,0,1,1,0,0,0,0,0,1,27973.0
3.0,13.0,3.0,6.0,7.0,1.0,10,0.0,5,1,1,1,0,0,0,0,0,0,1,1,125000.0
3.0,5.0,5.0,6.0,3.0,0.0,8,1.0,4,1,0,0,1,0,0,0,0,0,0,1,59241.0
5.0,10.0,8.0,6.0,5.0,1.0,8,10.0,4,1,0,0,1,0,0,0,0,0,0,1,100000.0
6.0,11.0,6.0,5.0,6.0,1.0,4,3.0,7,1,1,0,1,1,0,0,0,1,0,1,72977.0
3.0,6.0,10.0,5.0,5.0,1.0,10,2.0,8,1,1,1,1,0,0,1,0,0,0,1,93000.0
11.0,11.0,11.0,5.0,9.0,0.0,10,0.0,6,0,1,1,1,0,0,0,1,0,0,1,99732.0
6.0,13.0,6.0,6.0,5.0,1.0,3,5.0,3,0,0,0,0,1,0,0,0,0,0,1,64444.0
6.0,10.0,6.0,5.0,5.0,0.0,6,1.0,10,1,1,0,1,1,0,1,0,0,0,1,11341.0
7.0,14.0,10.0,5.0,4.0,0.0,6,0.0,5,1,1,0,1,0,1,0,0,0,0,1,79279.0
30.0,32.0,34.0,5.0,5.0,0.0,10,0.0,2,0,0,0,1,0,0,0,0,0,0,1,100000.0
28.0,33.0,10.0,3.0,5.0,1.0,6,1.0,7,1,1,0,1,0,0,1,0,0,0,1,85925.0
11.0,16.0,11.0,5.0,6.0,0.0,6,1.0,1,0,0,0,0,0,0,0,0,0,0,1,91295.0
10.0,15.0,20.0,6.0,9.0,1.0,10,5.0,5,0,0,0,1,0,0,0,0,0,0,1,200000.0
3.0,10.0,3.0,3.0,4.0,1.0,6,2.0,3,0,1,1,0,0,0,0,0,0,0,1,50481.0
6.0,10.0,6.0,6.0,6.0,0.0,6,1.0,2,0,0,1,0,0,0,0,0,0,0,1,54504.0
1.0,13.0,1.0,3.0,7.0,2.0,1,9.0,12,1,1,1,1,1,0,1,1,0,0,1,60481.0
16.0,20.0,16.0,5.0,8.0,1.0,4,1.0,1,0,0,0,0,1,0,0,0,0,0,1,81352.0
25.0,30.0,10.0,6.0,7.0,1.0,10,10.0,3,0,0,0,0,0,0,0,0,0,0,1,175000.0
3.0,6.0,10.0,6.0,7.0,1.0,4,1.0,4,0,0,0,1,1,0,0,0,1,1,1,49050.0
2.0,8.0,2.0,5.0,3.0,0.0,7,1.0,7,1,0,0,1,1,1,1,0,0,0,1,29537.0
3.0,8.0,4.0,6.0,4.0,1.0,2,0.0,9,1,1,1,1,0,1,0,1,0,1,1,51555.0
11.0,18.0,11.0,6.0,5.0,1.0,4,0.0,4,0,1,1,0,0,1,0,0,0,0,1,28712.0
8.0,20.0,8.0,6.0,2.0,0.0,7,0.0,7,1,1,1,1,0,0,0,0,0,1,1,33081.0
28.0,30.0,10.0,3.0,7.0,2.0,10,0.0,8,0,1,0,1,1,1,0,0,0,0,1,97000.0
10.0,12.0,10.0,5.0,6.0,2.0,0,0.0,5,1,0,1,1,0,1,0,0,0,0,1,10070.0
17.0,31.0,10.0,5.0,6.0,0.0,10,0.0,9,1,1,1,1,0,1,0,0,0,0,1,190000.0
19.0,24.0,10.0,5.0,1.0,0.0,6,1.0,5,0,1,0,0,1,0,0,0,0,0,0,53943.0
3.0,4.0,3.0,5.0,5.0,1.0,3,2.0,5,0,1,1,1,0,1,0,0,0,0,1,56925.0
4.0,8.0,5.0,5.0,9.0,1.0,6,9.0,5,1,0,0,0,0,0,0,0,0,0,1,32345.0
14.0,18.0,10.0,6.0,5.0,0.0,3,10.0,3,1,1,0,1,0,0,0,0,0,0,1,122443.0
10.0,12.0,15.0,3.0,2.0,1.0,6,0.0,7,0,0,1,1,1,0,0,0,0,0,1,132132.0
7.0,15.0,10.0,7.0,7.0,2.0,6,10.0,8,1,1,0,0,0,0,1,0,0,1,1,32170.0
5.0,5.0,5.0,5.0,7.0,0.0,6,0.0,7,0,1,1,1,0,1,0,0,0,0,1,64341.0
3.0,12.0,3.0,6.0,4.0,1.0,5,0.0,9,1,1,1,0,0,0,0,1,0,0,1,47174.0
8.0,13.0,8.0,5.0,6.0,1.0,6,8.0,4,1,0,0,0,0,1,0,0,0,0,1,115194.0
29.0,35.0,29.0,5.0,7.0,0.0,9,6.0,2,0,0,0,1,1,0,0,0,0,0,1,89172.0
20.0,35.0,30.0,7.0,4.0,2.0,5,10.0,15,1,1,1,1,1,1,1,1,0,0,1,64444.0
1.0,12.0,1.0,5.0,8.0,1.0,10,5.0,6,1,0,0,0,0,0,0,0,1,0,1,103000.0
8.0,15.0,10.0,5.0,5.0,2.0,6,1.0,5,1,1,0,1,1,0,0,0,0,0,1,46326.0
0.0,2.0,2.0,2.0,5.0,2.0,3,0.0,7,1,1,1,1,0,0,0,0,0,0,1,14178.0
5.0,12.0,5.0,5.0,9.0,1.0,9,1.0,9,1,1,1,1,1,1,0,0,0,0,1,76433.0
6.0,15.0,8.0,3.0,3.0,2.0,9,0.0,6,0,1,0,1,0,1,0,0,0,0,1,40764.0
20.0,20.0,10.0,5.0,4.0,1.0,6,0.0,7,0,1,1,1,0,0,0,0,0,0,1,96666.0
6.0,15.0,10.0,6.0,8.0,0.0,6,3.0,4,1,0,0,1,0,0,0,0,0,0,1,90000.0
12.0,18.0,10.0,6.0,5.0,0.0,8,0.0,5,1,1,0,1,0,0,0,1,0,0,1,28880.0
3.0,12.0,3.0,6.0,8.0,2.0,6,8.0,4,1,0,0,1,0,1,1,0,0,0,1,68066.0
3.0,8.0,3.0,5.0,9.0,2.0,6,7.0,3,0,0,0,0,0,1,0,0,0,0,1,55190.0
0.0,4.0,1.0,5.0,9.0,1.0,10,1.0,7,1,0,1,0,1,1,1,0,0,0,1,75000.0
3.0,13.0,10.0,3.0,4.0,1.0,10,10.0,5,1,0,0,0,1,0,1,0,0,0,0,20000.0
13.0,16.0,13.0,5.0,4.0,1.0,9,7.0,4,0,1,1,0,0,0,0,0,0,0,1,131210.0
7.0,13.0,10.0,6.0,4.0,0.0,8,0.0,3,0,1,1,0,0,0,0,0,0,0,1,75000.0
9.0,13.0,9.0,3.0,9.0,1.0,9,1.0,3,0,0,1,0,0,1,0,0,0,0,1,91719.0
17.0,21.0,10.0,5.0,5.0,2.0,9,0.0,3,0,1,0,0,1,0,0,0,0,1,1,71337.0
22.0,25.0,25.0,6.0,7.0,0.0,6,0.0,26,1,1,1,1,1,1,1,0,1,1,0,57230.0
10.0,14.0,10.0,5.0,2.0,1.0,9,0.0,1,0,0,0,0,0,0,0,0,0,0,1,152865.0
28.0,32.0,10.0,5.0,2.0,2.0,6,8.0,1,0,0,0,0,0,0,0,0,0,0,1,13181.0
3.0,5.0,3.0,2.0,4.0,0.0,8,0.0,3,0,1,1,0,0,0,0,0,0,0,1,15000.0
8.0,15.0,10.0,5.0,7.0,0.0,0,0.0,6,0,1,1,0,1,0,0,1,0,0,1,14919.0
8.0,12.0,8.0,5.0,9.0,0.0,4,0.0,7,0,1,1,1,1,1,0,0,1,0,1,41872.0
4.0,6.0,10.0,3.0,2.0,2.0,6,0.0,3,0,1,0,0,0,1,0,0,0,0,1,30000.0
2.0,3.0,3.0,5.0,4.0,0.0,4,0.0,8,1,1,1,1,0,0,0,1,0,0,1,10767.0
30.0,34.0,30.0,2.0,4.0,1.0,2,0.0,4,0,0,1,1,0,1,0,0,0,0,1,49407.0
42.0,51.0,42.0,6.0,2.0,0.0,10,3.0,8,1,1,0,1,1,0,1,0,0,0,1,180000.0
2.0,4.0,2.0,2.0,7.0,1.0,6,2.0,4,0,1,1,1,0,0,0,0,0,0,1,43435.0
6.0,8.0,6.0,6.0,4.0,2.0,6,1.0,2,1,0,0,1,0,0,0,0,0,0,1,80956.0
22.0,26.0,22.0,5.0,7.0,0.0,10,9.0,4,0,1,1,0,0,0,1,0,0,0,1,175000.0
26.0,27.0,26.0,3.0,2.0,0.0,10,0.0,7,1,1,1,1,1,0,0,1,0,0,1,158000.0
37.0,39.0,10.0,5.0,4.0,0.0,10,10.0,8,0,1,0,1,0,1,0,0,0,0,1,120000.0
11.0,10.0,12.0,6.0,8.0,1.0,4,10.0,3,1,0,0,1,0,0,0,0,0,0,1,51443.0
12.0,14.0,10.0,5.0,1.0,0.0,10,0.0,6,0,1,0,1,0,0,0,1,0,0,0,200000.0
19.0,27.0,17.0,6.0,4.0,1.0,6,1.0,7,1,1,0,1,0,0,0,1,0,0,1,38666.0
3.0,7.0,3.0,5.0,4.0,2.0,10,0.0,6,0,1,1,1,0,1,0,0,0,0,1,95000.0
6.0,14.0,6.0,6.0,9.0,0.0,10,1.0,4,0,0,0,1,1,0,0,0,0,0,1,200000.0
2.0,6.0,10.0,5.0,3.0,2.0,6,0.0,3,1,1,1,0,0,0,0,0,0,0,0,31957.0
5.0,6.0,5.0,6.0,5.0,0.0,6,2.0,2,0,1,1,0,0,0,0,0,0,0,1,74239.0
14.0,18.0,18.0,6.0,4.0,1.0,2,0.0,7,0,1,1,1,0,1,0,0,0,0,1,77332.0
1.0,8.0,10.0,3.0,5.0,2.0,3,0.0,4,0,0,0,0,0,0,1,0,0,0,1,49380.0
3.0,7.0,3.0,6.0,9.0,1.0,4,1.0,4,1,0,0,0,0,0,1,0,0,0,1,29909.0
17.0,20.0,10.0,6.0,4.0,0.0,6,0.0,4,0,1,0,1,1,0,0,0,0,0,0,91997.0
16.0,30.0,10.0,7.0,9.0,2.0,10,10.0,4,1,0,0,1,0,0,0,0,0,0,1,175000.0
14.0,17.0,7.0,6.0,8.0,2.0,5,9.0,5,1,1,0,0,0,0,1,0,0,0,1,75184.0
25.0,40.0,25.0,7.0,4.0,0.0,9,10.0,4,1,0,0,1,0,1,0,0,0,0,1,127388.0
6.0,10.0,6.0,5.0,4.0,1.0,5,8.0,5,0,1,0,1,1,1,0,0,0,0,1,53703.0
10.0,14.0,10.0,5.0,7.0,1.0,10,0.0,3,0,1,1,0,1,0,0,0,0,0,1,124000.0
2.0,8.0,3.0,5.0,7.0,1.0,6,0.0,4,0,1,0,1,1,0,0,0,0,0,1,25777.0
4.0,7.0,4.0,6.0,9.0,1.0,6,1.0,5,0,0,1,1,1,0,0,0,0,0,1,29546.0
8.0,16.0,8.0,6.0,9.0,0.0,10,9.0,3,1,0,0,0,0,1,1,0,0,0,1,150000.0
10.0,15.0,14.0,5.0,3.0,0.0,6,2.0,10,0,1,1,1,0,0,0,1,0,0,0,15000.0
5.0,12.0,5.0,6.0,7.0,1.0,7,10.0,3,1,0,0,1,0,0,0,0,0,0,1,45111.0
28.0,41.0,10.0,5.0,5.0,1.0,9,1.0,1,0,0,0,0,1,0,0,0,0,0,1,142674.0
8.0,10.0,10.0,5.0,2.0,0.0,0,0.0,1,0,0,0,0,0,0,0,0,0,0,1,140000.0
3.0,12.0,3.0,5.0,2.0,1.0,5,1.0,7,1,1,1,0,1,0,0,0,0,0,1,54240.0
8.0,15.0,30.0,5.0,4.0,0.0,10,0.0,6,1,1,1,1,0,0,0,0,0,0,1,189222.0
10.0,15.0,10.0,5.0,9.0,1.0,6,8.0,3,1,0,0,0,0,0,0,0,0,0,1,97748.0
22.0,4.0,10.0,5.0,2.0,1.0,6,7.0,3,0,0,0,0,0,1,1,0,0,0,1,18548.0
12.0,14.0,12.0,6.0,7.0,1.0,8,4.0,6,1,0,0,1,1,0,0,0,0,0,1,100000.0
16.0,22.0,16.0,6.0,7.0,1.0,9,6.0,5,0,1,0,1,0,0,0,0,1,0,1,216559.0
3.0,7.0,9.0,5.0,9.0,1.0,6,10.0,6,1,1,1,0,0,1,0,0,0,0,1,79119.0
3.0,9.0,3.0,3.0,3.0,2.0,5,0.0,9,0,1,0,1,1,0,0,1,1,0,0,29644.0
17.0,34.0,17.0,5.0,5.0,0.0,9,1.0,2,1,0,0,1,0,0,0,0,0,0,1,121018.0
5.0,9.0,6.0,6.0,6.0,0.0,6,10.0,10,1,1,1,1,0,0,0,0,1,0,1,110000.0
3.0,8.0,3.0,5.0,4.0,1.0,6,0.0,16,1,1,1,1,1,1,1,1,0,1,0,55851.0
11.0,15.0,11.0,5.0,4.0,0.0,6,0.0,3,0,1,1,1,0,0,0,0,0,0,1,75244.0
8.0,13.0,10.0,5.0,9.0,1.0,4,0.0,5,0,1,1,1,0,1,0,0,0,0,1,35890.0
9.0,10.0,10.0,5.0,5.0,1.0,3,1.0,6,1,1,1,0,1,0,0,0,0,0,0,66162.0
14.0,20.0,15.0,6.0,9.0,1.0,4,10.0,7,0,1,1,1,0,1,0,0,0,0,1,57425.0
7.0,10.0,7.0,5.0,4.0,1.0,6,2.0,4,0,1,1,0,0,0,0,1,0,0,0,27024.0
45.0,49.0,10.0,5.0,8.0,0.0,9,8.0,2,0,0,0,0,0,0,0,0,0,1,0,95541.0
9.0,16.0,10.0,5.0,7.0,1.0,3,0.0,4,0,0,1,1,1,0,0,0,0,0,1,64444.0
22.0,29.0,10.0,3.0,3.0,0.0,6,0.0,4,0,0,0,0,1,1,1,0,0,0,0,67666.0
10.0,22.0,11.0,5.0,4.0,1.0,3,0.0,4,0,1,1,0,0,0,0,0,1,0,1,91295.0
12.0,18.0,15.0,5.0,3.0,0.0,6,0.0,6,0,1,1,1,0,1,0,0,0,0,1,64444.0
6.0,10.0,10.0,6.0,8.0,0.0,8,5.0,5,1,0,0,1,0,0,0,1,0,0,0,35175.0
3.0,12.0,3.0,5.0,4.0,0.0,1,0.0,13,0,1,1,1,1,1,1,0,0,1,1,54520.0
17.0,20.0,17.0,3.0,4.0,0.0,3,1.0,9,1,1,1,1,1,0,0,0,1,0,1,91940.0
6.0,15.0,6.0,4.0,5.0,0.0,3,7.0,4,1,0,1,0,0,0,0,0,0,0,1,69814.0
22.0,36.0,10.0,7.0,3.0,0.0,6,8.0,9,1,0,0,1,1,1,1,0,0,0,1,132132.0
26.0,30.0,26.0,5.0,4.0,2.0,10,10.0,5,1,0,0,0,1,1,1,0,0,0,1,190000.0
2.0,6.0,10.0,6.0,6.0,1.0,2,5.0,3,1,0,0,0,0,0,0,0,1,0,1,51555.0
3.0,6.0,6.0,6.0,4.0,0.0,6,0.0,2,0,1,1,0,0,0,0,0,0,0,1,67530.0
21.0,42.0,21.0,6.0,8.0,0.0,2,0.0,3,1,0,0,0,0,0,1,0,0,0,1,172924.0
8.0,8.0,8.0,5.0,5.0,0.0,6,10.0,3,0,0,0,0,0,0,0,0,0,0,1,18674.0
3.0,5.0,3.0,6.0,9.0,0.0,6,0.0,3,0,0,1,0,0,1,0,0,0,0,1,38666.0
3.0,7.0,2.0,5.0,5.0,2.0,4,1.0,11,1,0,0,1,1,0,1,1,1,0,1,11294.0
5.0,10.0,5.0,6.0,4.0,1.0,6,7.0,18,1,1,0,0,1,1,1,0,1,1,1,36518.0
11.0,15.0,11.0,6.0,7.0,1.0,6,1.0,6,1,0,0,1,0,1,1,0,0,0,1,91295.0
30.0,44.0,10.0,5.0,5.0,0.0,1,10.0,3,1,1,0,0,0,0,0,0,0,0,1,109039.0
10.0,10.0,10.0,6.0,4.0,0.0,6,1.0,5,1,1,1,1,0,0,0,1,0,0,1,32921.0
23.0,28.0,25.0,5.0,4.0,1.0,9,6.0,4,0,0,0,0,0,1,1,0,0,0,1,82802.0
23.0,40.0,23.0,6.0,6.0,2.0,3,9.0,3,1,0,0,0,0,0,1,0,0,0,1,101782.0
27.0,40.0,27.0,5.0,8.0,0.0,10,0.0,1,0,0,0,0,0,1,0,0,0,0,1,200000.0
2.0,14.0,2.0,6.0,3.0,2.0,9,10.0,1,1,0,0,0,0,0,0,0,0,0,1,24204.0
7.0,10.0,18.0,5.0,8.0,0.0,10,4.0,3,1,0,0,1,0,0,0,0,0,0,1,167000.0
20.0,24.0,18.0,5.0,7.0,1.0,1,1.0,1,0,0,0,0,0,0,0,0,1,0,1,83597.0
6.0,11.0,4.0,6.0,7.0,1.0,5,9.0,7,1,0,0,1,1,0,1,0,0,1,1,67666.0
14.0,20.0,14.0,6.0,4.0,0.0,10,10.0,3,1,0,0,0,0,1,0,0,0,0,1,122000.0
0.0,7.0,2.0,2.0,5.0,1.0,3,0.0,6,0,1,1,0,1,0,0,0,0,0,1,12889.0
3.0,6.0,6.0,5.0,5.0,1.0,6,2.0,6,0,1,1,1,1,0,0,1,0,0,1,53703.0
12.0,15.0,10.0,5.0,5.0,0.0,10,0.0,6,1,1,0,1,0,1,0,0,0,0,1,200000.0
27.0,28.0,10.0,3.0,7.0,0.0,10,1.0,4,0,0,0,1,0,1,1,0,0,0,1,163000.0
18.0,24.0,18.0,6.0,4.0,2.0,6,10.0,3,1,0,0,0,0,0,1,0,0,1,1,76373.0
29.0,38.0,30.0,6.0,9.0,1.0,2,10.0,4,1,0,0,0,0,1,1,0,0,0,1,85925.0
7.0,7.0,10.0,5.0,4.0,1.0,9,0.0,6,1,1,1,1,0,0,0,0,0,0,1,118471.0
9.0,11.0,9.0,3.0,5.0,0.0,0,1.0,4,0,1,1,1,0,1,0,0,0,0,1,29092.0
1.0,5.0,1.0,5.0,5.0,1.0,9,0.0,4,0,1,0,1,0,1,0,0,0,0,1,38216.0
10.0,11.0,10.0,2.0,2.0,0.0,9,0.0,2,1,0,0,0,0,0,0,0,0,0,0,12739.0
2.0,7.0,2.0,6.0,9.0,2.0,10,10.0,2,1,0,0,0,0,0,0,0,0,0,1,119000.0
5.0,7.0,10.0,6.0,4.0,1.0,6,0.0,3,0,1,0,0,0,0,0,1,1,0,1,73748.0
15.0,16.0,15.0,2.0,4.0,1.0,9,2.0,2,0,1,1,0,0,0,0,0,0,0,1,108280.0
10.0,17.0,10.0,6.0,6.0,1.0,6,0.0,3,1,0,1,0,0,0,0,0,0,0,0,55293.0
11.0,18.0,11.0,5.0,9.0,1.0,6,1.0,4,0,0,1,1,1,0,0,0,0,0,1,54000.0
9.0,13.0,9.0,3.0,1.0,0.0,0,0.0,3,0,0,0,1,0,0,0,0,0,0,1,11189.0
2.0,5.0,10.0,5.0,5.0,0.0,4,0.0,2,1,0,0,0,0,0,0,0,0,0,1,14356.0
18.0,20.0,10.0,5.0,4.0,0.0,10,0.0,4,0,1,0,1,0,0,0,1,0,0,1,115000.0
10.0,10.0,10.0,5.0,6.0,1.0,10,10.0,9,1,1,1,0,0,0,0,0,1,1,1,49000.0
8.0,22.0,8.0,7.0,9.0,0.0,10,10.0,4,1,0,0,0,0,0,0,0,0,0,1,413000.0
16.0,26.0,16.0,6.0,2.0,0.0,10,4.0,3,1,0,0,1,0,0,0,0,0,0,1,180000.0
27.0,27.0,27.0,6.0,5.0,1.0,10,0.0,7,1,1,1,1,0,0,1,1,0,0,1,265000.0
35.0,51.0,10.0,5.0,1.0,2.0,10,8.0,3,0,0,0,0,0,1,0,0,0,0,0,60000.0
24.0,29.0,25.0,3.0,9.0,0.0,6,1.0,7,0,1,0,1,0,1,0,1,0,0,1,160000.0
12.0,18.0,10.0,6.0,5.0,0.0,10,1.0,4,1,0,0,0,0,0,1,0,1,0,1,185000.0
3.0,12.0,3.0,6.0,4.0,0.0,9,10.0,5,0,0,0,0,0,0,1,0,0,1,1,50159.0
2.0,5.0,5.0,5.0,4.0,1.0,6,0.0,5,0,1,1,1,1,0,0,0,0,0,1,56156.0
12.0,15.0,10.0,6.0,7.0,0.0,0,1.0,5,1,0,0,0,0,0,0,0,0,0,1,64338.0
0.0,7.0,1.0,2.0,3.0,0.0,3,1.0,14,1,1,1,1,1,1,1,0,0,0,1,38666.0
32.0,39.0,32.0,6.0,3.0,0.0,3,0.0,2,0,0,0,0,1,0,0,0,0,0,1,85925.0
4.0,5.0,10.0,5.0,2.0,1.0,6,2.0,5,0,1,1,1,0,0,0,0,0,0,0,17185.0
8.0,15.0,15.0,2.0,9.0,1.0,6,0.0,10,1,1,1,1,0,0,1,1,0,0,1,37120.0
12.0,20.0,12.0,6.0,5.0,1.0,6,1.0,2,0,0,1,0,0,1,0,0,0,0,1,102950.0
15.0,16.0,15.0,5.0,3.0,0.0,6,1.0,4,1,0,0,1,0,0,0,0,0,0,0,58291.0
4.0,6.0,8.0,5.0,5.0,0.0,10,1.0,7,1,1,0,1,0,0,0,1,1,0,1,140000.0
2.0,7.0,5.0,5.0,7.0,1.0,10,1.0,5,1,1,1,1,0,0,0,0,0,0,1,190000.0
34.0,37.0,10.0,2.0,4.0,1.0,6,1.0,11,0,1,1,1,0,1,0,0,0,0,1,37592.0
21.0,25.0,21.0,5.0,4.0,2.0,6,0.0,7,0,1,1,1,1,0,0,0,0,0,1,24059.0
4.0,13.0,4.0,6.0,2.0,1.0,6,10.0,5,1,0,0,0,0,0,1,0,0,0,1,17185.0
2.0,10.0,2.0,5.0,7.0,2.0,10,10.0,3,0,0,0,0,0,0,0,0,0,1,1,325000.0
11.0,21.0,10.0,6.0,4.0,0.0,6,1.0,5,0,1,0,0,1,0,0,0,0,1,1,127813.0
1.0,5.0,1.0,5.0,5.0,2.0,10,0.0,5,0,1,1,1,0,0,0,1,0,0,1,60000.0
3.0,15.0,3.0,5.0,5.0,2.0,6,9.0,10,1,0,0,1,1,1,1,0,0,1,0,13963.0
15.0,18.0,15.0,5.0,4.0,1.0,3,0.0,5,0,1,1,1,0,1,0,0,0,0,1,97740.0
2.0,6.0,3.0,2.0,5.0,1.0,6,0.0,7,1,0,1,0,1,0,0,1,0,0,0,42465.0
23.0,28.0,10.0,7.0,1.0,1.0,6,10.0,10,0,1,0,1,0,0,1,1,1,0,0,10870.0
17.0,23.0,10.0,6.0,9.0,1.0,6,0.0,6,0,1,1,1,0,1,0,0,0,0,1,96511.0
40.0,32.0,33.0,5.0,8.0,0.0,9,1.0,2,0,0,0,0,1,0,0,0,0,0,1,140127.0
10.0,15.0,10.0,7.0,4.0,2.0,10,10.0,2,0,0,0,0,0,0,0,0,0,0,1,61500.0
1.0,4.0,1.0,2.0,4.0,0.0,3,8.0,1,0,0,0,0,0,1,0,0,0,0,0,19548.0
18.0,31.0,10.0,6.0,1.0,1.0,6,7.0,2,0,0,0,0,0,0,0,0,0,0,0,84232.0
7.0,13.0,10.0,6.0,5.0,0.0,6,0.0,4,0,1,1,1,0,0,0,0,0,0,1,30000.0
4.0,11.0,3.0,6.0,9.0,0.0,1,10.0,1,1,0,0,0,0,0,0,0,0,0,1,69422.0
11.0,16.0,11.0,6.0,3.0,1.0,6,0.0,7,1,1,1,1,0,0,1,0,0,1,1,90221.0
4.0,8.0,5.0,5.0,9.0,1.0,4,4.0,6,1,1,0,1,1,0,1,0,0,0,1,19142.0
8.0,18.0,8.0,7.0,5.0,1.0,3,10.0,1,1,0,0,0,0,0,0,0,0,0,1,107406.0
3.0,6.0,3.0,5.0,4.0,0.0,10,0.0,4,0,0,0,0,1,1,0,0,0,0,1,119000.0
8.0,12.0,8.0,6.0,5.0,1.0,3,1.0,6,0,0,1,1,1,0,0,0,0,0,1,86355.0
15.0,20.0,15.0,6.0,4.0,1.0,4,0.0,9,0,1,1,0,0,1,0,1,1,0,1,25123.0
13.0,14.0,10.0,2.0,7.0,1.0,6,8.0,4,1,0,0,0,1,0,0,0,0,0,1,112777.0
8.0,16.0,8.0,6.0,4.0,1.0,2,6.0,3,1,0,0,0,0,0,0,0,0,1,1,80555.0
7.0,10.0,7.0,3.0,7.0,0.0,6,7.0,5,1,0,0,0,1,0,0,0,0,0,1,62296.0
4.0,10.0,10.0,6.0,5.0,1.0,6,0.0,5,1,0,1,1,0,1,0,0,0,0,0,56917.0
7.0,12.0,8.0,5.0,6.0,2.0,6,6.0,4,1,0,0,1,0,0,0,0,0,0,1,21198.0
4.0,4.0,10.0,5.0,2.0,0.0,6,0.0,5,0,1,1,1,0,0,0,0,1,0,1,16119.0
2.0,10.0,10.0,5.0,9.0,1.0,10,1.0,13,1,1,1,1,1,0,1,0,0,1,1,110000.0
10.0,11.0,11.0,3.0,3.0,1.0,6,0.0,6,0,1,0,0,0,1,1,1,0,0,1,25277.0
6.0,10.0,6.0,3.0,9.0,0.0,6,0.0,7,0,1,1,0,0,0,0,0,1,1,1,198198.0
2.0,3.0,10.0,5.0,1.0,0.0,4,10.0,6,0,1,1,0,0,0,0,0,1,0,0,11963.0
4.0,5.0,4.0,5.0,2.0,1.0,9,0.0,7,0,1,1,1,0,1,0,1,0,0,1,44586.0
5.0,7.0,10.0,6.0,8.0,0.0,6,0.0,3,0,1,1,0,0,1,0,0,0,0,1,54923.0
5.0,5.0,20.0,7.0,8.0,0.0,9,1.0,5,1,0,0,1,1,0,0,1,0,0,1,48917.0
35.0,40.0,10.0,3.0,4.0,1.0,6,10.0,8,0,0,0,1,1,0,1,0,1,1,1,99099.0
5.0,7.0,5.0,5.0,5.0,1.0,6,0.0,5,0,1,1,1,0,1,0,0,0,0,1,16869.0
13.0,14.0,12.0,5.0,5.0,0.0,6,4.0,7,1,1,0,1,1,0,0,0,0,0,1,59073.0
2.0,4.0,2.0,5.0,2.0,2.0,6,0.0,4,0,1,0,1,0,0,0,1,0,0,1,13685.0
4.0,16.0,2.0,6.0,4.0,2.0,6,10.0,1,0,1,0,0,0,0,0,0,0,0,1,20871.0
4.0,8.0,4.0,3.0,3.0,2.0,7,0.0,4,0,1,1,0,0,0,0,0,0,0,1,35444.0
7.0,16.0,10.0,5.0,9.0,1.0,1,1.0,6,0,1,1,1,0,1,0,0,0,0,1,61789.0
10.0,14.0,10.0,5.0,7.0,1.0,6,2.0,6,0,1,1,1,0,1,0,0,0,0,1,21728.0
13.0,18.0,13.0,7.0,7.0,1.0,10,1.0,6,1,0,0,1,1,0,1,0,0,0,1,450000.0
1.0,6.0,10.0,3.0,9.0,2.0,9,0.0,8,1,1,1,1,0,1,1,0,0,0,1,30573.0
15.0,15.0,15.0,5.0,5.0,1.0,6,8.0,3,0,0,0,1,1,0,0,0,0,0,1,61768.0
13.0,30.0,12.0,5.0,4.0,1.0,10,0.0,7,0,1,1,1,0,1,0,1,0,0,1,105000.0
3.0,8.0,3.0,5.0,9.0,0.0,6,10.0,4,1,1,0,0,0,0,1,0,0,0,1,44544.0
14.0,20.0,10.0,6.0,8.0,1.0,6,1.0,3,1,0,0,1,1,0,0,0,0,0,1,150369.0
15.0,20.0,20.0,6.0,9.0,1.0,8,0.0,7,0,1,1,0,1,1,0,1,1,0,1,38666.0
5.0,9.0,10.0,5.0,4.0,1.0,10,0.0,3,0,0,1,0,0,0,0,0,1,1,1,190000.0
12.0,24.0,12.0,5.0,7.0,1.0,3,0.0,4,0,0,0,1,1,0,0,0,0,0,1,91295.0
12.0,19.0,13.0,6.0,8.0,0.0,0,0.0,2,1,0,0,0,0,0,0,0,1,0,1,32635.0
6.0,7.0,7.0,5.0,7.0,2.0,6,10.0,1,0,0,0,0,0,1,0,0,0,0,1,64341.0
12.0,14.0,10.0,5.0,9.0,1.0,9,1.0,9,1,1,0,1,0,0,1,0,0,0,1,286623.0
4.0,7.0,10.0,5.0,5.0,2.0,6,10.0,6,1,1,1,0,1,0,0,0,0,0,1,103681.0
7.0,15.0,8.0,5.0,2.0,0.0,6,0.0,5,0,1,1,1,0,0,0,0,0,0,0,120000.0
2.0,10.0,2.0,3.0,7.0,1.0,6,1.0,7,1,1,0,1,1,0,0,1,0,0,1,25777.0
15.0,19.0,15.0,5.0,9.0,1.0,7,5.0,8,1,1,0,0,1,0,0,0,1,0,1,85925.0
22.0,28.0,22.0,6.0,6.0,0.0,6,9.0,3,0,0,0,0,0,0,1,0,0,0,1,40336.0
5.0,13.0,10.0,6.0,9.0,2.0,10,3.0,7,1,1,1,1,0,0,0,0,0,0,1,160000.0
19.0,30.0,10.0,7.0,8.0,1.0,6,0.0,8,1,1,1,1,1,0,0,0,0,0,1,57230.0
12.0,18.0,12.0,7.0,9.0,0.0,10,3.0,2,1,1,0,0,0,0,0,0,0,0,1,250000.0
2.0,10.0,10.0,5.0,8.0,1.0,9,10.0,1,0,0,0,0,0,0,0,0,0,0,1,87898.0
2.0,6.0,10.0,5.0,4.0,0.0,10,10.0,2,1,0,0,0,0,1,0,0,0,0,1,110000.0
3.0,33.0,3.0,5.0,7.0,0.0,10,0.0,8,1,1,1,1,0,0,0,0,0,0,1,275000.0
8.0,12.0,8.0,3.0,4.0,0.0,8,7.0,3,0,0,0,0,0,0,0,0,0,0,1,41244.0
3.0,5.0,3.0,5.0,2.0,0.0,1,0.0,4,1,1,1,0,0,0,0,0,0,0,1,43616.0
7.0,13.0,10.0,3.0,4.0,0.0,1,10.0,3,1,1,0,1,0,0,0,0,0,0,1,63970.0
2.0,5.0,2.0,5.0,9.0,1.0,10,8.0,6,1,1,1,0,0,1,0,0,0,0,1,160000.0
17.0,20.0,17.0,5.0,5.0,1.0,10,0.0,6,0,1,1,1,0,1,0,0,0,0,1,160000.0
11.0,14.0,11.0,5.0,5.0,2.0,1,0.0,2,1,1,0,0,0,0,0,0,0,0,1,94501.0
7.0,12.0,7.0,5.0,4.0,0.0,6,0.0,6,0,1,1,0,1,1,0,1,0,0,1,10800.0
1.0,11.0,1.0,3.0,2.0,0.0,10,0.0,7,0,1,1,0,0,0,1,0,1,0,0,30000.0
5.0,9.0,5.0,5.0,6.0,1.0,0,9.0,4,1,0,0,0,0,0,1,0,0,0,1,18522.0
5.0,10.0,10.0,6.0,9.0,1.0,6,0.0,2,0,1,1,0,0,0,0,0,0,0,1,59138.0
7.0,14.0,10.0,5.0,4.0,0.0,8,7.0,7,0,1,0,1,1,0,0,0,0,0,1,44431.0
0.0,6.0,1.0,5.0,9.0,1.0,10,8.0,9,1,1,1,1,0,1,0,0,0,0,1,75400.0
5.0,8.0,10.0,5.0,7.0,0.0,6,0.0,5,0,1,1,0,0,0,0,1,1,0,1,80555.0
20.0,24.0,20.0,5.0,5.0,1.0,6,10.0,6,1,1,1,0,0,0,0,0,1,0,1,145715.0
7.0,10.0,10.0,5.0,4.0,1.0,10,0.0,8,1,1,1,0,1,0,0,0,1,0,1,170000.0
10.0,14.0,10.0,3.0,6.0,0.0,1,4.0,3,1,0,0,1,0,0,0,0,0,0,1,76328.0
3.0,8.0,3.0,6.0,9.0,1.0,2,0.0,2,0,1,0,0,1,0,0,0,0,0,1,55851.0
2.0,4.0,2.0,3.0,2.0,1.0,6,0.0,2,0,0,1,0,0,0,0,0,0,0,1,13092.0
2.0,2.0,2.0,6.0,6.0,0.0,10,4.0,8,1,1,0,1,0,1,1,0,0,0,1,100000.0
16.0,30.0,16.0,5.0,9.0,0.0,10,0.0,6,1,1,1,1,0,1,0,0,0,0,1,110000.0
8.0,10.0,26.0,4.0,7.0,0.0,1,5.0,6,1,0,1,0,0,1,0,0,1,1,1,94501.0
4.0,6.0,4.0,2.0,6.0,0.0,3,0.0,6,0,1,1,1,0,1,0,0,0,0,1,83777.0
8.0,13.0,8.0,5.0,4.0,0.0,0,10.0,2,0,1,0,0,0,0,0,0,0,0,1,44757.0
15.0,20.0,15.0,5.0,5.0,1.0,6,10.0,6,0,1,1,1,0,1,0,0,0,0,1,32222.0
12.0,20.0,12.0,6.0,5.0,1.0,6,8.0,4,0,0,0,1,0,1,0,0,0,0,1,59391.0
6.0,10.0,6.0,6.0,9.0,0.0,9,1.0,3,1,0,0,1,0,0,0,0,0,0,1,110827.0
5.0,11.0,10.0,5.0,4.0,1.0,6,0.0,2,0,1,0,0,0,0,0,0,1,0,1,39740.0
28.0,37.0,28.0,5.0,9.0,0.0,10,9.0,19,1,1,0,1,1,1,1,1,0,0,1,155000.0
10.0,15.0,10.0,5.0,7.0,2.0,4,0.0,6,1,1,1,1,1,0,0,0,0,0,1,29909.0
14.0,27.0,14.0,3.0,4.0,2.0,6,1.0,8,1,1,0,1,1,0,0,1,0,0,1,52122.0
40.0,40.0,40.0,3.0,4.0,0.0,10,1.0,4,0,1,0,1,0,0,0,1,0,0,1,140000.0
3.0,10.0,3.0,6.0,4.0,1.0,6,1.0,4,1,1,0,1,0,1,0,0,0,0,1,70193.0
11.0,21.0,11.0,6.0,4.0,1.0,3,0.0,5,1,1,1,0,0,0,1,0,0,0,1,83777.0
3.0,5.0,3.0,3.0,4.0,0.0,2,0.0,3,0,1,0,0,0,0,0,1,0,0,1,46185.0
10.0,21.0,10.0,5.0,9.0,0.0,10,10.0,4,1,0,0,0,0,0,0,0,1,0,1,110000.0
2.0,19.0,2.0,5.0,7.0,0.0,10,0.0,4,0,1,0,0,1,1,0,0,0,0,1,70000.0
11.0,13.0,11.0,6.0,5.0,0.0,8,8.0,3,0,0,0,0,0,1,1,0,1,0,1,100800.0
12.0,18.0,12.0,6.0,4.0,1.0,6,2.0,4,0,1,1,0,0,0,0,1,0,0,1,32222.0
2.0,6.0,23.0,7.0,7.0,1.0,10,10.0,3,1,0,0,1,0,0,0,0,0,0,1,83000.0
3.0,5.0,3.0,3.0,4.0,1.0,6,0.0,4,0,1,0,1,0,0,0,1,0,0,1,18560.0
3.0,5.0,5.0,7.0,4.0,2.0,6,10.0,2,0,0,0,0,0,0,0,0,0,0,1,58384.0
4.0,6.0,4.0,5.0,5.0,0.0,9,0.0,8,0,1,1,0,0,1,0,0,0,1,1,58598.0
18.0,24.0,18.0,6.0,4.0,2.0,6,9.0,7,1,1,0,0,0,0,1,0,0,0,0,167125.0
16.0,22.0,10.0,5.0,9.0,1.0,2,1.0,4,1,0,0,1,0,0,0,0,1,0,1,96666.0
11.0,12.0,12.0,6.0,5.0,1.0,3,1.0,1,0,0,0,0,0,1,0,0,0,0,1,91295.0
7.0,10.0,8.0,5.0,4.0,1.0,6,1.0,9,0,1,1,1,1,1,1,1,0,0,0,12538.0
9.0,12.0,9.0,5.0,9.0,0.0,6,10.0,11,1,1,0,1,1,1,0,0,0,0,1,124397.0
2.0,4.0,2.0,5.0,5.0,1.0,8,1.0,5,0,1,1,1,0,1,0,0,0,0,1,15000.0
8.0,10.0,11.0,5.0,2.0,1.0,3,0.0,6,1,1,1,0,0,0,0,0,1,0,0,32222.0
12.0,15.0,12.0,6.0,5.0,1.0,6,9.0,7,1,0,0,0,0,1,1,0,0,0,1,121444.0
7.0,10.0,10.0,2.0,5.0,1.0,6,2.0,4,0,1,1,0,0,0,0,0,0,0,1,30074.0
11.0,14.0,10.0,6.0,5.0,2.0,4,1.0,3,0,0,0,1,0,0,0,1,0,0,1,14356.0
0.0,2.0,0.0,6.0,4.0,2.0,3,8.0,3,0,1,0,1,0,1,0,0,0,0,1,42962.0
8.0,10.0,8.0,6.0,9.0,1.0,4,7.0,1,0,0,0,0,0,0,0,0,0,0,1,13160.0
11.0,12.0,10.0,6.0,1.0,0.0,6,1.0,4,1,1,0,1,0,0,0,0,0,0,0,20395.0
30.0,35.0,10.0,5.0,5.0,2.0,6,10.0,2,0,0,0,1,0,0,0,0,0,0,1,92492.0
10.0,11.0,10.0,6.0,7.0,1.0,3,0.0,4,0,0,1,0,0,1,1,0,0,0,1,82703.0
5.0,9.0,17.0,5.0,5.0,0.0,0,1.0,5,0,1,0,1,1,0,0,1,0,0,1,14919.0
13.0,14.0,11.0,6.0,4.0,1.0,9,1.0,6,0,1,1,0,1,0,0,0,0,0,1,81528.0
12.0,18.0,10.0,5.0,5.0,1.0,1,0.0,6,1,1,1,0,0,1,1,0,0,0,1,93047.0
6.0,12.0,6.0,5.0,4.0,0.0,4,1.0,7,1,1,1,1,0,0,0,0,1,0,1,44863.0
15.0,20.0,20.0,3.0,9.0,1.0,3,10.0,5,1,1,1,0,0,0,0,0,0,0,1,107406.0
1.0,5.0,10.0,5.0,7.0,1.0,10,0.0,5,0,1,0,1,0,1,0,0,0,0,1,55000.0
5.0,7.0,10.0,5.0,6.0,0.0,6,1.0,1,0,0,0,0,1,0,0,0,0,0,1,64732.0
7.0,15.0,10.0,6.0,4.0,1.0,6,1.0,3,1,1,0,1,0,0,0,0,0,0,1,53205.0
25.0,35.0,10.0,5.0,5.0,0.0,6,0.0,6,0,1,1,1,0,1,0,1,0,0,0,54000.0
10.0,12.0,10.0,7.0,5.0,2.0,3,10.0,3,0,0,0,1,0,0,0,0,0,0,1,107406.0
7.0,10.0,10.0,5.0,6.0,1.0,3,1.0,1,0,0,0,0,1,0,0,0,0,0,1,77332.0
2.0,5.0,12.0,4.0,8.0,1.0,3,10.0,4,0,1,0,0,0,0,0,0,0,0,1,128887.0
6.0,10.0,10.0,5.0,5.0,1.0,3,0.0,2,0,0,0,0,0,0,0,0,1,0,1,84851.0
2.0,6.0,24.0,3.0,5.0,2.0,10,0.0,8,1,1,0,1,1,1,0,0,1,0,1,93000.0
7.0,19.0,7.0,6.0,4.0,2.0,6,7.0,3,0,0,0,0,0,0,0,0,0,0,1,67720.0
20.0,24.0,10.0,6.0,5.0,1.0,3,1.0,2,0,0,0,0,1,0,0,0,0,0,1,85925.0
8.0,12.0,10.0,6.0,6.0,0.0,8,7.0,4,0,1,1,0,0,0,0,0,0,0,1,144000.0
20.0,22.0,10.0,5.0,7.0,2.0,6,0.0,5,0,1,1,0,0,1,0,0,0,0,1,73748.0
17.0,27.0,25.0,6.0,5.0,1.0,0,3.0,4,1,1,0,0,0,0,0,0,1,0,1,63033.0
10.0,14.0,10.0,6.0,9.0,1.0,4,2.0,2,0,0,1,0,1,0,0,0,0,0,1,77763.0
20.0,20.0,10.0,4.0,3.0,1.0,6,1.0,5,0,1,0,0,1,0,0,1,0,0,1,132132.0
8.0,12.0,8.0,7.0,9.0,2.0,4,10.0,12,1,1,1,1,1,1,1,1,0,0,1,29909.0
4.0,23.0,10.0,5.0,1.0,2.0,3,1.0,10,1,1,1,0,1,0,1,0,1,0,0,16111.0
7.0,11.0,10.0,5.0,4.0,0.0,3,0.0,7,1,1,0,1,1,0,0,0,0,0,1,70888.0
3.0,7.0,3.0,6.0,9.0,1.0,8,4.0,2,0,0,0,1,0,0,0,0,0,0,1,19200.0
10.0,13.0,10.0,5.0,7.0,2.0,1,1.0,5,0,1,1,0,0,0,0,0,0,0,1,134482.0
2.0,5.0,2.0,6.0,2.0,1.0,6,2.0,2,0,1,1,0,0,0,0,0,0,0,1,27461.0
17.0,24.0,10.0,7.0,3.0,0.0,10,6.0,4,0,1,0,1,0,0,0,0,0,0,1,165000.0
4.0,6.0,10.0,6.0,9.0,0.0,9,0.0,1,0,0,0,0,0,1,0,0,0,0,1,57325.0
22.0,30.0,23.0,3.0,4.0,0.0,8,1.0,8,0,1,1,1,0,1,0,0,0,1,1,96000.0
8.0,11.0,8.0,5.0,4.0,1.0,5,0.0,7,0,1,0,1,0,0,0,1,1,1,1,80555.0
1.0,4.0,10.0,2.0,2.0,0.0,7,0.0,3,0,1,1,0,0,0,0,0,0,0,0,32222.0
25.0,30.0,10.0,3.0,3.0,2.0,6,1.0,6,0,1,0,1,0,0,0,1,0,0,1,47568.0
3.0,8.0,10.0,6.0,3.0,1.0,2,0.0,5,0,1,1,1,0,1,0,0,0,0,1,45111.0
4.0,9.0,10.0,3.0,7.0,2.0,6,7.0,10,1,1,0,0,1,1,1,0,0,1,1,32640.0
4.0,8.0,9.0,5.0,4.0,1.0,5,0.0,11,0,1,1,1,0,1,1,0,0,1,1,42962.0
3.0,5.0,3.0,5.0,8.0,1.0,6,1.0,6,1,1,1,0,1,0,0,0,1,0,1,100000.0
13.0,24.0,13.0,6.0,5.0,1.0,3,10.0,5,1,0,0,1,0,0,1,0,0,0,1,75184.0
8.0,10.0,8.0,5.0,5.0,0.0,6,0.0,5,0,1,1,1,0,0,0,0,1,0,1,68653.0
15.0,23.0,10.0,6.0,4.0,0.0,6,1.0,1,0,0,0,0,0,1,0,0,0,0,1,71962.0
4.0,7.0,10.0,2.0,4.0,0.0,5,0.0,6,0,1,1,1,0,0,0,0,0,1,1,171850.0
4.0,6.0,10.0,5.0,7.0,1.0,0,3.0,6,0,0,1,0,1,1,0,1,0,0,1,16970.0
3.0,6.0,3.0,5.0,3.0,1.0,2,2.0,8,1,1,1,0,1,0,1,0,0,0,0,17185.0
6.0,9.0,10.0,3.0,5.0,1.0,6,1.0,2,0,1,1,0,0,0,0,0,0,0,1,72532.0
3.0,4.0,3.0,5.0,4.0,2.0,4,0.0,5,0,1,1,1,0,0,0,0,1,0,1,11963.0
11.0,15.0,12.0,3.0,6.0,1.0,6,0.0,7,1,1,1,0,1,1,0,0,0,0,1,64762.0
25.0,35.0,10.0,5.0,1.0,0.0,10,10.0,7,1,1,0,1,0,0,0,1,0,0,0,132000.0
10.0,14.0,10.0,6.0,5.0,0.0,10,1.0,7,1,1,1,1,0,1,0,0,1,0,1,200000.0
26.0,28.0,28.0,5.0,9.0,0.0,10,0.0,6,0,1,1,1,0,1,0,1,0,0,1,90000.0
6.0,6.0,12.0,6.0,7.0,1.0,3,10.0,2,1,0,0,0,0,0,0,0,0,0,1,134258.0
20.0,31.0,24.0,4.0,2.0,0.0,9,0.0,5,0,1,0,1,0,0,0,1,0,0,1,25478.0
4.0,6.0,4.0,4.0,9.0,0.0,10,0.0,4,0,1,1,0,1,0,0,0,0,0,1,93000.0
17.0,20.0,17.0,6.0,5.0,0.0,3,0.0,9,0,1,1,1,0,0,0,0,1,1,1,85925.0
1.0,8.0,10.0,3.0,7.0,1.0,3,10.0,10,1,1,1,1,1,1,0,0,0,0,1,26852.0
12.0,17.0,12.0,7.0,4.0,1.0,3,8.0,5,1,0,0,0,1,0,1,0,0,0,1,63370.0
0.0,5.0,1.0,5.0,7.0,1.0,6,0.0,10,1,1,1,1,0,0,1,0,1,1,1,35004.0
12.0,12.0,12.0,5.0,4.0,0.0,1,0.0,5,0,1,1,0,0,0,0,0,0,0,1,162105.0
30.0,42.0,30.0,5.0,9.0,0.0,10,1.0,8,1,0,0,1,1,0,1,1,1,0,1,130000.0
8.0,10.0,10.0,5.0,9.0,0.0,6,10.0,7,0,1,0,1,1,0,0,0,0,0,1,47441.0
6.0,10.0,10.0,7.0,3.0,2.0,10,10.0,6,1,0,0,1,0,0,0,0,0,1,1,42000.0
6.0,10.0,6.0,5.0,5.0,1.0,5,0.0,6,0,1,1,1,0,1,0,0,0,0,1,65758.0
17.0,21.0,10.0,6.0,4.0,1.0,6,2.0,4,1,1,0,1,0,1,0,0,0,0,1,22170.0
14.0,20.0,10.0,6.0,1.0,0.0,6,0.0,5,0,1,1,1,0,1,0,0,0,0,0,128887.0
2.0,6.0,10.0,5.0,5.0,2.0,0,9.0,1,0,0,0,0,0,0,1,0,0,0,1,20087.0
19.0,25.0,19.0,5.0,4.0,1.0,2,0.0,5,0,1,0,1,0,1,0,0,0,0,1,56925.0
25.0,40.0,35.0,4.0,2.0,0.0,10,0.0,3,0,1,0,1,0,0,0,0,0,0,1,100000.0
8.0,8.0,8.0,5.0,8.0,1.0,6,10.0,3,0,0,0,1,1,0,0,0,0,0,1,43938.0
9.0,14.0,9.0,3.0,7.0,0.0,0,1.0,15,1,1,1,1,1,0,0,0,1,1,1,37297.0
7.0,10.0,6.0,5.0,3.0,2.0,10,9.0,3,1,0,0,0,0,0,1,0,0,0,1,105000.0
5.0,10.0,10.0,6.0,8.0,0.0,8,9.0,1,0,0,0,0,0,0,0,0,0,0,1,60000.0
40.0,44.0,10.0,5.0,9.0,0.0,9,10.0,1,0,0,0,0,0,0,0,0,0,0,1,95541.0
4.0,7.0,4.0,5.0,5.0,0.0,6,10.0,2,0,0,0,0,0,1,0,0,0,0,1,45784.0
30.0,40.0,41.0,3.0,9.0,1.0,10,8.0,12,1,1,1,1,0,1,0,1,0,0,1,155000.0
2.0,6.0,2.0,6.0,2.0,0.0,8,2.0,4,1,1,0,0,0,1,0,0,0,0,1,16291.0
5.0,9.0,5.0,5.0,7.0,0.0,6,0.0,9,1,1,1,1,0,1,1,1,0,0,1,47677.0
17.0,26.0,17.0,6.0,5.0,1.0,3,10.0,14,1,0,0,1,0,1,1,1,1,0,1,118147.0
4.0,6.0,4.0,6.0,3.0,0.0,8,1.0,3,0,1,0,0,1,0,0,0,0,0,0,28000.0
14.0,20.0,14.0,6.0,5.0,0.0,2,1.0,3,0,1,1,1,0,0,0,0,0,0,1,80555.0
5.0,6.0,33.0,5.0,4.0,2.0,10,10.0,2,0,1,0,1,0,0,0,0,0,0,1,115000.0
6.0,10.0,6.0,5.0,3.0,0.0,3,10.0,2,1,0,0,0,0,0,1,0,0,0,1,91295.0
1.0,8.0,1.0,5.0,4.0,0.0,6,0.0,12,1,1,1,0,1,1,0,0,1,1,0,24703.0
3.0,10.0,5.0,5.0,4.0,1.0,10,0.0,7,1,1,0,1,0,0,0,0,0,0,1,82000.0
26.0,45.0,26.0,6.0,7.0,0.0,10,10.0,13,1,1,0,0,1,1,0,1,1,0,1,115000.0
35.0,43.0,35.0,5.0,3.0,2.0,6,9.0,2,1,0,0,0,0,0,0,0,0,0,1,69446.0
2.0,10.0,10.0,7.0,4.0,1.0,6,3.0,5,1,1,1,1,0,0,0,0,0,0,1,72673.0
18.0,20.0,20.0,5.0,3.0,1.0,6,0.0,5,1,1,0,0,1,0,0,1,0,0,1,45199.0
8.0,13.0,10.0,5.0,7.0,1.0,1,5.0,7,1,1,1,0,0,1,0,0,1,0,1,65424.0
17.0,25.0,17.0,5.0,5.0,1.0,3,1.0,6,0,1,1,1,1,0,0,0,0,0,1,93443.0
7.0,10.0,10.0,5.0,6.0,1.0,10,10.0,5,1,1,1,0,0,0,0,0,1,0,1,167000.0
2.0,7.0,2.0,5.0,4.0,2.0,6,7.0,3,1,0,0,0,1,0,0,0,0,0,1,19889.0
24.0,26.0,25.0,5.0,5.0,0.0,10,1.0,2,1,0,0,0,0,1,0,0,0,0,1,99000.0
3.0,5.0,2.0,5.0,6.0,1.0,10,0.0,12,1,1,1,1,1,1,1,0,0,0,1,75000.0
40.0,45.0,36.0,5.0,9.0,0.0,10,10.0,2,0,0,0,0,1,0,0,0,0,0,1,120000.0
4.0,11.0,4.0,4.0,4.0,1.0,6,0.0,5,0,1,1,1,1,0,0,0,0,0,1,45111.0
4.0,6.0,4.0,5.0,6.0,0.0,6,1.0,4,0,0,0,1,1,0,0,0,1,0,1,29537.0
5.0,8.0,5.0,6.0,5.0,1.0,6,5.0,5,1,1,0,1,1,1,0,0,0,0,1,68741.0
4.0,8.0,4.0,5.0,2.0,1.0,2,0.0,16,1,1,1,1,0,0,1,0,1,1,1,18044.0
1.0,4.0,1.0,2.0,4.0,1.0,10,1.0,5,0,0,0,1,0,1,0,0,1,0,1,57000.0
4.0,42.0,10.0,5.0,4.0,2.0,9,10.0,4,0,1,0,0,0,0,0,0,0,0,1,57325.0
9.0,13.0,9.0,5.0,5.0,1.0,10,0.0,8,1,1,1,1,0,1,0,0,0,1,1,240000.0
19.0,27.0,10.0,6.0,4.0,1.0,6,8.0,6,1,0,0,0,0,0,1,0,0,0,1,49600.0
2.0,3.0,10.0,2.0,4.0,0.0,0,0.0,1,0,0,1,0,0,0,0,0,0,0,1,15851.0
2.0,10.0,10.0,3.0,4.0,0.0,10,10.0,12,1,1,1,1,0,1,1,0,0,1,0,75000.0
26.0,32.0,26.0,5.0,4.0,1.0,10,6.0,8,0,1,0,1,0,1,0,0,0,0,1,175000.0
11.0,15.0,10.0,4.0,9.0,1.0,10,0.0,5,0,1,1,1,0,1,0,0,0,0,1,98000.0
6.0,8.0,6.0,5.0,4.0,1.0,6,1.0,3,0,0,0,0,0,0,1,0,0,0,1,37592.0
5.0,6.0,10.0,3.0,5.0,0.0,6,0.0,8,1,1,1,0,0,1,0,0,1,0,1,12000.0
13.0,18.0,13.0,5.0,9.0,1.0,10,0.0,11,1,1,1,0,1,1,1,1,0,1,1,120000.0
10.0,15.0,10.0,3.0,5.0,0.0,3,0.0,9,1,1,1,1,0,0,0,1,0,0,1,66377.0
5.0,15.0,19.0,4.0,4.0,1.0,10,0.0,13,1,1,1,1,1,1,1,1,0,0,1,50000.0
4.0,6.0,10.0,4.0,2.0,0.0,6,2.0,3,0,1,1,0,0,0,0,0,0,0,1,54648.0
2.0,8.0,10.0,7.0,3.0,0.0,1,3.0,2,0,0,0,0,0,0,0,0,0,0,1,58154.0
12.0,20.0,12.0,6.0,3.0,1.0,5,0.0,5,0,1,1,1,0,0,0,1,0,0,1,75184.0
36.0,36.0,10.0,2.0,1.0,0.0,6,0.0,4,0,1,1,0,0,0,0,0,0,0,0,53541.0
15.0,25.0,15.0,6.0,6.0,0.0,10,1.0,1,0,0,0,0,0,0,0,0,0,0,1,220000.0
0.0,7.0,1.0,1.0,9.0,2.0,6,1.0,2,1,0,0,0,0,0,1,0,0,0,1,33165.0
19.0,22.0,19.0,5.0,4.0,2.0,6,0.0,3,0,1,0,1,0,0,0,0,0,0,1,24703.0
3.0,8.0,7.0,6.0,4.0,1.0,1,10.0,5,1,1,0,1,0,0,0,0,0,0,1,77054.0
6.0,11.0,6.0,3.0,5.0,0.0,4,0.0,14,1,1,1,1,0,0,0,1,0,0,1,21534.0
1.0,7.0,1.0,6.0,4.0,1.0,6,0.0,4,0,0,1,1,0,0,0,0,0,0,1,56155.0
7.0,9.0,10.0,3.0,4.0,2.0,7,0.0,8,1,1,0,1,1,1,0,0,0,0,1,34370.0
5.0,12.0,5.0,6.0,5.0,2.0,10,0.0,9,1,1,1,1,0,0,1,0,0,0,1,257000.0
17.0,22.0,17.0,5.0,4.0,0.0,9,0.0,5,1,1,0,1,0,0,0,1,0,0,0,49681.0
10.0,16.0,10.0,5.0,3.0,0.0,3,8.0,5,0,0,0,1,1,0,0,1,0,0,0,64444.0
24.0,25.0,25.0,5.0,2.0,0.0,10,0.0,4,0,1,0,1,0,0,0,1,0,0,1,175000.0
3.0,10.0,3.0,6.0,8.0,2.0,6,10.0,1,1,0,0,0,0,0,0,0,0,0,1,34770.0
18.0,23.0,10.0,3.0,3.0,0.0,10,10.0,3,0,1,1,0,0,0,0,0,0,0,1,175000.0
17.0,20.0,10.0,3.0,1.0,0.0,6,0.0,3,0,1,0,0,0,0,0,1,0,0,1,85886.0
10.0,20.0,10.0,6.0,7.0,1.0,6,10.0,4,0,1,0,0,1,0,0,0,0,0,1,94995.0
13.0,16.0,13.0,5.0,4.0,1.0,0,0.0,8,0,1,1,1,1,1,0,0,1,0,1,20141.0
2.0,6.0,5.0,4.0,9.0,1.0,4,3.0,4,1,0,0,1,0,0,1,0,0,0,1,11963.0
10.0,25.0,10.0,7.0,7.0,1.0,3,10.0,2,1,0,0,0,0,0,0,0,0,0,1,74110.0
9.0,11.0,10.0,5.0,3.0,2.0,6,2.0,5,0,1,1,1,0,0,0,1,0,0,1,27595.0
2.0,15.0,7.0,5.0,4.0,1.0,9,8.0,3,1,0,0,0,1,0,1,0,0,0,1,50955.0
5.0,10.0,3.0,6.0,3.0,1.0,2,10.0,7,1,1,1,1,0,0,0,0,0,0,1,45111.0
5.0,18.0,5.0,2.0,2.0,0.0,6,0.0,2,1,1,0,0,0,0,0,0,0,0,1,36628.0
8.0,16.0,8.0,6.0,2.0,0.0,10,0.0,6,1,1,1,1,0,0,0,0,0,0,1,100000.0
13.0,23.0,10.0,6.0,5.0,1.0,10,0.0,4,1,1,0,1,0,0,0,0,0,0,1,54000.0
7.0,17.0,7.0,3.0,4.0,1.0,6,9.0,14,1,1,0,1,0,0,1,1,1,0,1,57230.0
2.0,10.0,12.0,2.0,2.0,2.0,10,0.0,10,0,1,1,1,0,1,0,0,1,1,1,70000.0
14.0,16.0,10.0,6.0,5.0,0.0,4,0.0,4,0,1,0,1,0,0,0,1,1,0,1,20876.0
25.0,26.0,25.0,6.0,2.0,1.0,2,0.0,7,0,1,1,1,0,1,0,0,0,0,1,53703.0
12.0,19.0,12.0,6.0,5.0,1.0,1,1.0,5,0,1,1,0,0,1,0,0,0,0,1,102061.0
0.0,7.0,1.0,6.0,3.0,1.0,6,2.0,6,1,1,0,0,0,0,0,1,0,0,1,32222.0
9.0,12.0,9.0,5.0,5.0,1.0,6,10.0,7,1,1,1,1,0,1,0,0,0,0,1,99099.0
20.0,27.0,15.0,6.0,3.0,1.0,3,0.0,7,0,1,1,1,0,0,0,1,1,0,1,91295.0
2.0,5.0,10.0,3.0,9.0,1.0,3,8.0,10,1,1,1,0,0,1,1,0,0,1,1,32222.0
10.0,13.0,10.0,7.0,8.0,1.0,6,10.0,6,1,1,0,1,0,0,0,0,1,0,1,64444.0
8.0,20.0,10.0,6.0,2.0,0.0,10,1.0,3,1,0,0,0,0,0,0,0,0,1,1,300000.0
3.0,3.0,3.0,5.0,2.0,1.0,9,8.0,4,0,1,0,1,0,1,0,0,0,0,1,38216.0
2.0,8.0,2.0,5.0,3.0,0.0,6,0.0,13,1,1,1,1,1,1,1,0,1,1,1,48000.0
13.0,20.0,12.0,5.0,3.0,1.0,5,1.0,7,0,1,0,1,1,0,0,1,0,0,0,41888.0
15.0,17.0,15.0,6.0,2.0,0.0,10,0.0,3,0,1,0,0,1,0,0,0,0,0,1,80000.0
10.0,13.0,13.0,6.0,7.0,0.0,10,2.0,5,1,1,1,0,0,0,0,0,0,0,1,225000.0
6.0,16.0,10.0,7.0,9.0,2.0,10,10.0,5,1,1,0,0,0,0,0,0,0,1,1,170000.0
13.0,14.0,14.0,5.0,2.0,1.0,6,8.0,5,0,0,0,1,1,0,0,0,0,0,1,74400.0
10.0,20.0,10.0,5.0,4.0,2.0,10,0.0,10,0,1,0,1,1,1,0,1,0,0,1,83000.0
5.0,12.0,5.0,5.0,8.0,0.0,1,0.0,7,1,1,1,1,0,1,0,0,0,0,1,79962.0
4.0,5.0,10.0,7.0,7.0,1.0,9,0.0,5,0,1,0,1,0,0,0,0,0,0,1,89172.0
6.0,10.0,3.0,6.0,7.0,1.0,7,10.0,6,1,0,0,1,0,0,0,0,0,0,1,43285.0
10.0,15.0,10.0,3.0,4.0,0.0,6,0.0,8,1,1,1,1,0,1,0,0,0,0,0,65152.0
2.0,7.0,2.0,2.0,5.0,2.0,6,8.0,5,0,1,0,1,0,1,1,0,0,1,0,13030.0
8.0,12.0,9.0,6.0,8.0,1.0,6,3.0,8,1,1,0,1,1,0,0,0,1,0,1,75332.0
2.0,8.0,2.0,5.0,5.0,1.0,6,1.0,3,0,0,0,1,0,1,0,0,0,0,1,42351.0
6.0,15.0,6.0,5.0,7.0,0.0,7,1.0,3,0,1,0,0,0,0,0,0,0,0,1,75184.0
7.0,24.0,7.0,6.0,5.0,2.0,3,3.0,2,1,0,0,0,0,0,0,0,0,0,1,74110.0
17.0,20.0,10.0,6.0,5.0,1.0,3,1.0,3,1,0,0,0,0,0,1,0,0,0,1,85925.0
22.0,30.0,22.0,5.0,3.0,0.0,1,0.0,5,0,1,1,0,0,1,0,0,0,0,1,94501.0
8.0,12.0,8.0,5.0,4.0,2.0,6,0.0,4,0,1,1,0,0,0,0,0,0,0,1,76373.0
26.0,30.0,26.0,5.0,5.0,1.0,3,0.0,8,0,1,1,1,0,1,0,0,0,0,1,85925.0
4.0,4.0,4.0,5.0,3.0,0.0,4,0.0,6,0,1,1,1,0,0,0,0,0,0,1,21534.0
14.0,20.0,14.0,6.0,9.0,0.0,6,1.0,1,1,0,0,0,0,0,0,0,0,0,1,43435.0
7.0,5.0,5.0,5.0,5.0,0.0,6,10.0,1,0,0,0,1,0,0,0,0,0,0,1,39483.0
0.0,10.0,1.0,3.0,2.0,1.0,9,0.0,5,0,1,1,0,0,0,0,0,0,1,1,38216.0
17.0,20.0,10.0,5.0,3.0,1.0,1,1.0,8,1,1,1,1,1,0,0,0,0,1,1,83597.0
14.0,37.0,14.0,7.0,5.0,0.0,9,1.0,10,1,1,0,1,1,0,1,1,0,1,1,157961.0
5.0,9.0,10.0,5.0,9.0,1.0,3,10.0,2,0,0,0,0,1,0,0,0,0,0,1,85925.0
12.0,16.0,12.0,6.0,6.0,0.0,10,0.0,6,0,0,0,1,0,0,0,0,1,0,1,160000.0
30.0,38.0,30.0,5.0,5.0,0.0,9,0.0,9,1,1,1,1,0,1,0,1,0,0,1,154139.0
11.0,11.0,12.0,5.0,4.0,2.0,10,0.0,6,0,1,1,1,0,1,0,0,0,0,1,150000.0
25.0,30.0,26.0,6.0,8.0,1.0,2,6.0,4,0,1,0,1,0,1,0,0,0,0,1,96666.0
2.0,7.0,2.0,2.0,4.0,1.0,7,0.0,12,1,1,1,1,1,0,0,1,0,1,1,19333.0
4.0,5.0,4.0,6.0,3.0,0.0,6,2.0,3,0,1,1,0,0,0,0,0,0,0,1,17600.0
6.0,6.0,6.0,5.0,9.0,0.0,10,8.0,7,0,1,1,1,0,1,0,0,0,0,1,140000.0
26.0,32.0,26.0,3.0,4.0,0.0,6,0.0,6,0,1,0,1,0,1,0,0,0,0,1,51118.0
23.0,26.0,20.0,5.0,5.0,1.0,3,0.0,3,0,0,1,0,0,1,0,0,0,0,1,69814.0
8.0,8.0,25.0,6.0,2.0,0.0,6,10.0,3,1,1,0,0,0,0,0,0,0,0,1,50853.0
3.0,4.0,3.0,5.0,7.0,1.0,7,2.0,5,1,1,1,1,0,0,0,0,0,0,1,68203.0
5.0,7.0,5.0,3.0,4.0,0.0,6,0.0,5,0,1,0,1,0,0,0,0,0,0,0,62334.0
10.0,12.0,10.0,1.0,7.0,0.0,9,5.0,7,1,1,1,0,0,1,0,0,0,0,1,140127.0
29.0,41.0,30.0,5.0,5.0,0.0,9,6.0,8,0,1,0,1,0,1,0,0,1,0,1,99363.0
7.0,7.0,10.0,5.0,4.0,1.0,10,10.0,6,0,1,1,1,0,0,0,0,0,0,1,80000.0
3.0,7.0,3.0,5.0,5.0,0.0,0,0.0,4,0,1,1,1,0,0,0,0,0,0,1,34609.0
3.0,6.0,3.0,3.0,3.0,1.0,6,7.0,6,0,1,0,0,1,1,0,0,0,0,1,14852.0
1.0,4.0,1.0,5.0,8.0,2.0,1,10.0,4,1,0,0,1,1,0,0,0,0,0,1,61789.0
32.0,35.0,10.0,7.0,4.0,1.0,6,8.0,3,0,0,0,1,0,0,1,0,0,0,0,166480.0
12.0,14.0,10.0,4.0,7.0,0.0,10,1.0,5,1,1,0,0,1,1,1,0,0,0,1,145000.0
3.0,10.0,10.0,7.0,5.0,2.0,2,10.0,3,1,0,0,0,0,0,0,0,0,0,1,25777.0
9.0,9.0,9.0,5.0,4.0,0.0,6,1.0,1,0,0,0,0,0,0,0,0,1,0,1,150000.0
20.0,25.0,20.0,5.0,7.0,0.0,10,1.0,2,0,0,0,1,0,1,0,0,0,0,1,200000.0
1.0,5.0,2.0,5.0,4.0,2.0,6,1.0,2,1,1,0,0,0,0,0,0,0,0,1,72532.0
1.0,4.0,1.0,5.0,4.0,1.0,4,1.0,2,0,0,0,0,0,0,0,0,0,0,1,17945.0
8.0,18.0,10.0,7.0,5.0,1.0,6,10.0,3,1,0,0,0,0,0,0,0,0,0,1,40814.0
8.0,10.0,8.0,6.0,4.0,2.0,6,1.0,7,0,1,0,1,1,1,0,0,0,0,1,45798.0
16.0,20.0,16.0,2.0,5.0,0.0,6,1.0,5,0,1,1,1,0,0,0,0,0,0,1,75184.0
0.0,8.0,10.0,5.0,6.0,0.0,10,4.0,6,1,0,0,1,1,0,0,0,1,0,1,204000.0
8.0,12.0,10.0,6.0,5.0,1.0,3,1.0,1,0,0,0,0,1,0,0,0,0,0,1,80555.0
6.0,9.0,10.0,6.0,3.0,2.0,2,1.0,4,1,1,0,1,0,0,0,0,0,0,1,53703.0
9.0,12.0,10.0,6.0,4.0,1.0,6,5.0,6,1,1,0,1,0,0,0,0,0,0,1,118147.0
1.0,1.0,9.0,3.0,3.0,1.0,2,0.0,4,0,1,0,1,0,0,0,0,0,0,1,37700.0
3.0,4.0,13.0,5.0,9.0,0.0,6,10.0,3,1,0,0,1,0,0,0,0,0,0,1,61866.0
10.0,13.0,10.0,6.0,4.0,1.0,5,2.0,3,0,1,1,0,0,0,0,0,0,0,1,88073.0
12.0,15.0,12.0,6.0,7.0,1.0,8,0.0,4,0,1,1,0,0,0,0,0,0,0,1,100000.0
22.0,24.0,10.0,2.0,7.0,0.0,10,0.0,6,0,1,1,1,0,1,0,0,0,0,1,155000.0
12.0,27.0,10.0,5.0,1.0,0.0,1,10.0,2,0,0,0,1,0,0,0,0,0,0,0,145386.0
5.0,8.0,5.0,6.0,8.0,0.0,8,2.0,3,0,1,1,0,0,0,0,0,0,0,1,32583.0
24.0,25.0,25.0,5.0,4.0,0.0,3,4.0,3,1,0,1,1,0,0,0,0,0,0,1,214812.0
35.0,37.0,35.0,2.0,2.0,0.0,6,1.0,3,0,1,0,1,0,0,0,0,0,0,1,21481.0
30.0,39.0,30.0,3.0,2.0,0.0,2,6.0,8,1,1,0,0,0,0,1,0,0,0,1,75184.0
7.0,10.0,10.0,6.0,7.0,0.0,10,4.0,13,1,1,0,1,1,0,0,0,1,1,1,250000.0
1.0,3.0,10.0,6.0,4.0,0.0,8,10.0,2,0,0,0,1,1,0,0,0,0,0,1,23697.0
9.0,20.0,9.0,6.0,5.0,0.0,3,1.0,3,0,0,1,0,0,0,0,0,0,0,1,105258.0
16.0,21.0,18.0,5.0,9.0,1.0,10,0.0,15,0,1,1,0,1,0,1,0,1,1,1,145000.0
2.0,4.0,10.0,3.0,3.0,1.0,6,7.0,1,0,0,0,0,0,0,0,0,0,0,1,51233.0
14.0,20.0,14.0,5.0,2.0,0.0,10,0.0,6,1,1,1,1,0,0,0,0,0,0,1,180000.0
4.0,4.0,10.0,5.0,2.0,0.0,1,10.0,3,1,1,0,0,0,0,0,0,0,0,1,89412.0
5.0,10.0,5.0,4.0,4.0,2.0,6,1.0,4,0,1,0,0,1,1,0,0,0,0,0,32222.0
15.0,19.0,16.0,6.0,5.0,1.0,6,10.0,5,0,1,1,1,0,1,0,0,0,0,1,96666.0
2.0,7.0,10.0,3.0,4.0,1.0,6,0.0,5,1,0,0,1,1,1,0,0,0,0,1,40814.0
1.0,10.0,10.0,6.0,9.0,1.0,2,8.0,7,1,1,1,1,0,1,1,0,0,0,1,41888.0
28.0,34.0,30.0,6.0,9.0,1.0,6,4.0,4,1,0,0,1,1,0,0,0,0,0,1,107406.0
3.0,10.0,3.0,5.0,2.0,2.0,3,10.0,3,1,1,0,0,0,0,0,0,0,0,1,59073.0
24.0,27.0,24.0,5.0,6.0,0.0,9,1.0,5,0,1,1,0,1,0,0,0,0,0,1,203821.0
2.0,10.0,2.0,4.0,6.0,1.0,10,1.0,5,1,1,1,0,0,1,0,0,0,0,1,57000.0
28.0,37.0,28.0,3.0,9.0,1.0,5,0.0,7,0,1,0,1,1,0,0,0,0,0,1,105795.0
24.0,27.0,26.0,7.0,5.0,0.0,6,1.0,5,0,1,0,1,1,0,0,1,0,0,1,139628.0
24.0,34.0,24.0,5.0,4.0,1.0,10,10.0,8,1,1,1,1,0,0,0,0,1,1,1,215000.0
6.0,9.0,6.0,5.0,9.0,1.0,10,0.0,5,0,1,1,1,0,1,0,0,0,0,1,78000.0
20.0,22.0,20.0,5.0,7.0,0.0,5,10.0,1,0,0,0,0,0,0,0,0,1,0,1,247034.0
16.0,19.0,16.0,5.0,9.0,0.0,0,0.0,9,0,1,1,1,0,1,0,0,0,0,1,46622.0
1.0,13.0,10.0,5.0,1.0,1.0,10,10.0,9,1,0,0,0,0,1,0,0,0,1,0,76000.0
28.0,34.0,10.0,3.0,1.0,1.0,3,0.0,15,1,1,1,1,0,0,0,1,1,1,0,137480.0
2.0,5.0,3.0,3.0,9.0,1.0,6,9.0,6,1,0,0,1,1,0,1,0,0,0,1,28953.0
22.0,25.0,25.0,5.0,4.0,1.0,7,0.0,8,1,1,1,1,1,0,0,1,0,0,1,45111.0
8.0,12.0,8.0,6.0,2.0,0.0,6,5.0,5,0,1,1,0,0,0,0,0,0,0,1,48333.0
40.0,44.0,35.0,5.0,2.0,0.0,10,10.0,1,0,0,0,0,0,0,0,0,0,1,1,225000.0
14.0,20.0,10.0,5.0,6.0,0.0,10,1.0,1,0,0,0,0,0,0,0,0,0,0,1,210000.0
20.0,31.0,25.0,5.0,9.0,0.0,10,1.0,5,1,0,0,1,0,0,0,0,1,1,1,185000.0
3.0,8.0,1.0,5.0,2.0,1.0,6,10.0,6,0,1,1,1,0,0,0,0,0,1,0,14039.0
25.0,25.0,25.0,2.0,5.0,1.0,5,0.0,5,0,1,1,1,0,1,0,0,0,0,1,70888.0
3.0,6.0,3.0,3.0,4.0,0.0,2,0.0,12,1,1,1,0,1,0,1,1,0,0,1,53703.0
12.0,15.0,10.0,6.0,6.0,0.0,8,10.0,3,0,0,0,1,0,1,0,0,0,0,1,72000.0
6.0,9.0,6.0,6.0,3.0,1.0,6,0.0,4,1,0,1,0,1,0,0,0,0,0,1,148184.0
10.0,12.0,10.0,6.0,3.0,0.0,6,0.0,5,0,1,1,1,0,1,0,0,0,0,1,64444.0
3.0,6.0,3.0,5.0,4.0,1.0,6,2.0,4,0,1,1,1,0,0,0,0,0,0,1,18080.0
19.0,24.0,10.0,5.0,7.0,1.0,3,1.0,4,0,1,0,0,1,0,0,0,0,0,1,102036.0
27.0,30.0,28.0,5.0,9.0,1.0,1,8.0,4,1,0,0,0,0,1,1,0,1,0,1,119943.0
7.0,11.0,7.0,5.0,7.0,1.0,5,2.0,8,0,1,1,1,1,1,0,1,0,0,1,64444.0
18.0,24.0,18.0,6.0,5.0,1.0,6,0.0,3,0,1,1,0,1,0,0,0,0,0,1,69814.0
11.0,18.0,11.0,5.0,2.0,0.0,9,10.0,4,1,0,0,1,0,0,0,0,0,0,1,60000.0
38.0,35.0,10.0,5.0,6.0,2.0,6,8.0,1,0,0,0,0,1,0,0,0,0,0,1,64762.0
22.0,24.0,17.0,6.0,9.0,1.0,6,4.0,3,1,0,0,1,1,0,0,0,0,0,1,59073.0
3.0,7.0,10.0,5.0,5.0,1.0,6,10.0,9,0,0,1,0,0,0,1,0,1,1,1,52629.0
24.0,42.0,24.0,3.0,5.0,0.0,10,7.0,2,0,0,0,1,0,0,0,0,0,0,1,170000.0
8.0,12.0,10.0,6.0,3.0,0.0,9,0.0,4,0,1,0,1,0,0,0,0,0,0,1,38216.0
15.0,20.0,18.0,5.0,7.0,1.0,0,1.0,6,1,1,0,1,0,0,0,1,0,0,1,60235.0
3.0,11.0,3.0,5.0,2.0,0.0,8,1.0,5,1,1,0,1,0,1,0,0,0,0,1,34656.0
8.0,10.0,10.0,3.0,5.0,1.0,6,10.0,4,1,1,0,0,0,0,0,0,0,0,1,69814.0
5.0,10.0,10.0,5.0,6.0,1.0,6,0.0,7,0,1,1,1,1,0,0,0,0,0,1,111417.0
2.0,3.0,2.0,5.0,4.0,0.0,2,0.0,8,0,1,1,1,1,0,0,1,0,1,1,37592.0
8.0,10.0,8.0,6.0,9.0,1.0,4,5.0,8,1,0,0,1,1,0,0,1,1,0,1,41872.0
7.0,10.0,10.0,5.0,4.0,1.0,6,0.0,7,0,1,1,1,0,0,0,0,0,1,1,85886.0
4.0,13.0,4.0,5.0,4.0,1.0,6,0.0,5,0,1,0,1,0,0,0,1,0,0,1,18922.0
29.0,40.0,10.0,6.0,4.0,1.0,6,1.0,6,0,1,0,1,1,0,0,0,0,0,1,74873.0
10.0,14.0,14.0,6.0,4.0,1.0,6,0.0,6,0,1,1,0,1,0,0,1,0,0,1,69369.0
4.0,9.0,10.0,5.0,5.0,1.0,6,10.0,3,1,1,0,1,0,0,0,0,0,0,1,26954.0
24.0,42.0,10.0,5.0,5.0,0.0,9,0.0,5,0,1,1,1,0,1,0,0,0,0,1,59872.0
15.0,26.0,15.0,5.0,8.0,2.0,3,10.0,8,0,1,1,1,1,0,0,0,0,0,1,89259.0
4.0,7.0,2.0,5.0,3.0,0.0,9,1.0,9,1,1,1,1,1,0,0,0,0,1,0,31210.0
10.0,18.0,10.0,6.0,5.0,1.0,6,1.0,7,1,1,1,1,1,0,0,0,0,0,1,102950.0
16.0,21.0,10.0,5.0,5.0,2.0,6,10.0,3,0,1,0,1,0,0,0,0,0,0,1,132132.0
2.0,7.0,2.0,6.0,4.0,2.0,4,1.0,10,1,1,1,1,1,1,1,0,0,0,1,14356.0
3.0,5.0,3.0,5.0,4.0,1.0,4,1.0,3,1,0,0,1,1,0,0,0,0,0,1,38283.0
3.0,8.0,4.0,5.0,4.0,1.0,0,0.0,5,1,1,1,1,1,0,0,0,0,0,1,11842.0
33.0,38.0,33.0,7.0,4.0,0.0,10,0.0,16,1,1,1,1,1,0,1,0,0,1,1,185000.0
1.0,7.0,1.0,2.0,7.0,1.0,10,0.0,6,1,1,1,0,1,1,0,0,0,0,1,80000.0
9.0,12.0,9.0,4.0,6.0,0.0,10,1.0,5,0,1,0,1,0,0,0,1,0,0,1,115000.0
17.0,21.0,17.0,5.0,5.0,0.0,6,1.0,3,0,0,0,1,0,0,0,0,0,0,1,114000.0
7.0,12.0,12.0,6.0,5.0,1.0,6,0.0,14,1,1,0,1,1,1,0,1,0,0,1,40814.0
7.0,11.0,7.0,3.0,6.0,2.0,2,9.0,2,1,0,0,0,0,0,0,0,0,0,1,80555.0
16.0,43.0,10.0,6.0,1.0,1.0,9,1.0,8,1,1,0,1,0,0,1,1,0,0,0,20790.0
35.0,40.0,10.0,5.0,6.0,1.0,6,10.0,6,0,1,0,1,1,0,0,0,0,0,1,155984.0
7.0,30.0,18.0,7.0,3.0,1.0,10,8.0,4,1,0,0,1,0,1,0,0,0,0,1,130000.0
10.0,14.0,9.0,6.0,7.0,0.0,6,10.0,4,1,0,0,1,1,0,0,0,0,0,1,123732.0
4.0,14.0,5.0,5.0,9.0,1.0,10,10.0,6,1,1,1,0,0,0,0,0,0,0,1,180000.0
4.0,15.0,4.0,6.0,9.0,0.0,6,2.0,2,0,0,1,0,0,0,0,0,0,0,1,34313.0
2.0,4.0,2.0,5.0,3.0,2.0,10,0.0,8,0,1,1,0,1,0,1,0,0,0,1,80000.0
10.0,20.0,10.0,7.0,7.0,1.0,6,6.0,4,1,1,0,0,0,0,0,0,0,0,1,59073.0
0.0,5.0,10.0,3.0,3.0,0.0,6,0.0,5,0,1,1,1,1,0,0,0,0,0,1,16465.0
3.0,5.0,5.0,6.0,4.0,1.0,6,2.0,6,1,1,1,0,1,0,1,0,0,0,1,21381.0
4.0,7.0,4.0,2.0,5.0,0.0,8,1.0,4,0,1,1,1,0,0,0,0,0,0,1,42000.0
4.0,9.0,4.0,5.0,4.0,1.0,2,0.0,11,1,1,0,1,1,0,1,1,1,0,1,37055.0
12.0,16.0,12.0,6.0,9.0,0.0,1,0.0,8,0,1,1,0,1,1,0,0,1,0,1,123578.0
31.0,35.0,10.0,5.0,7.0,2.0,7,6.0,4,0,0,0,1,0,0,0,0,0,0,1,117073.0
1.0,6.0,10.0,2.0,3.0,2.0,6,0.0,5,0,1,1,0,1,0,0,0,0,0,1,26852.0
7.0,12.0,10.0,6.0,5.0,0.0,8,0.0,5,0,1,1,1,0,1,0,0,0,0,1,41888.0
30.0,40.0,30.0,3.0,2.0,0.0,6,8.0,5,0,1,1,1,1,0,0,0,0,0,0,96855.0
12.0,16.0,14.0,5.0,4.0,0.0,6,0.0,6,1,1,0,0,0,0,0,1,1,0,1,26890.0
0.0,6.0,1.0,2.0,3.0,1.0,6,1.0,10,1,1,1,0,1,0,0,1,1,1,0,10442.0
14.0,20.0,15.0,6.0,5.0,0.0,8,6.0,7,0,1,1,1,0,0,0,1,1,0,1,105000.0
20.0,48.0,45.0,5.0,9.0,0.0,9,1.0,4,0,0,0,0,0,1,0,0,0,0,0,57325.0
19.0,22.0,18.0,5.0,7.0,1.0,9,0.0,2,0,0,0,0,0,1,0,0,0,0,1,89172.0
1.0,3.0,1.0,5.0,5.0,2.0,6,0.0,7,1,0,1,0,1,0,0,0,1,0,1,32866.0
8.0,11.0,6.0,2.0,2.0,1.0,6,0.0,10,1,1,1,1,1,0,1,0,1,1,0,43453.0
13.0,30.0,10.0,7.0,9.0,0.0,6,0.0,2,0,0,1,0,0,1,0,0,0,0,1,193331.0
1.0,9.0,1.0,5.0,9.0,1.0,10,0.0,7,1,1,1,1,1,0,0,0,0,0,1,85000.0
9.0,23.0,9.0,7.0,4.0,1.0,3,6.0,8,1,1,0,0,0,0,1,0,0,0,1,96666.0
6.0,10.0,10.0,5.0,9.0,0.0,10,5.0,3,0,0,0,0,0,0,0,0,1,0,1,100000.0
18.0,32.0,10.0,3.0,7.0,1.0,5,10.0,2,0,0,0,1,0,0,0,0,0,0,1,69814.0
4.0,5.0,4.0,6.0,7.0,0.0,6,1.0,2,0,0,0,1,0,0,0,0,0,0,1,59391.0
22.0,25.0,25.0,3.0,4.0,0.0,10,0.0,3,0,0,0,1,0,0,0,0,0,0,1,158000.0
3.0,10.0,3.0,5.0,4.0,1.0,0,4.0,5,1,0,0,1,0,0,0,0,0,0,1,22378.0
5.0,6.0,10.0,5.0,7.0,1.0,4,2.0,5,0,1,1,0,0,0,0,0,0,0,1,16749.0
5.0,12.0,6.0,5.0,5.0,2.0,9,0.0,6,0,1,0,1,0,1,0,0,0,0,1,38216.0
15.0,25.0,14.0,6.0,3.0,1.0,6,10.0,9,1,1,0,0,0,0,1,0,0,0,0,67150.0
15.0,18.0,18.0,6.0,7.0,0.0,10,9.0,6,1,0,0,0,0,0,1,0,0,0,1,140000.0
10.0,15.0,10.0,5.0,9.0,1.0,10,0.0,9,1,1,1,1,1,1,0,0,0,0,1,150000.0
9.0,21.0,9.0,6.0,4.0,1.0,6,1.0,9,1,1,1,1,1,0,0,0,0,0,1,80555.0
12.0,15.0,21.0,3.0,7.0,0.0,6,0.0,7,0,1,1,1,0,1,0,0,0,0,1,112312.0
22.0,28.0,22.0,5.0,4.0,1.0,10,6.0,4,1,1,1,0,0,1,0,0,0,0,1,230000.0
25.0,33.0,42.0,5.0,5.0,1.0,9,10.0,4,0,1,0,1,0,1,0,0,0,0,1,49681.0
8.0,14.0,10.0,5.0,4.0,1.0,6,0.0,4,0,0,1,1,1,0,0,0,0,0,1,116988.0
5.0,8.0,8.0,5.0,4.0,1.0,3,10.0,11,1,0,0,1,1,1,0,0,1,1,1,64444.0
6.0,8.0,21.0,5.0,6.0,0.0,10,0.0,8,1,0,1,1,0,0,0,0,0,1,1,250000.0
7.0,11.0,7.0,6.0,5.0,1.0,6,3.0,3,1,0,0,1,0,0,0,0,0,0,1,64444.0
16.0,19.0,16.0,5.0,3.0,0.0,9,7.0,7,1,0,0,0,0,0,1,0,0,0,1,89172.0
6.0,6.0,10.0,5.0,5.0,0.0,7,10.0,2,0,0,0,0,0,0,0,0,0,0,1,128887.0
3.0,4.0,3.0,6.0,4.0,1.0,8,7.0,4,0,1,1,0,1,0,0,0,0,0,1,24000.0
8.0,9.0,9.0,3.0,5.0,1.0,8,2.0,4,0,1,1,0,0,0,0,1,1,0,1,74709.0
8.0,14.0,12.0,5.0,7.0,1.0,9,6.0,5,0,1,1,0,1,0,0,0,0,0,1,152865.0
10.0,20.0,10.0,6.0,8.0,1.0,3,10.0,8,1,1,0,0,1,0,0,1,1,0,1,55851.0
3.0,5.0,3.0,5.0,5.0,0.0,7,0.0,5,0,1,1,1,0,1,0,0,0,0,1,39740.0
9.0,13.0,9.0,5.0,5.0,2.0,6,7.0,7,1,1,0,1,1,0,0,0,0,0,1,32301.0
2.0,6.0,10.0,5.0,4.0,2.0,10,0.0,2,0,0,1,0,0,1,0,0,0,0,1,120000.0
8.0,10.0,8.0,3.0,6.0,2.0,6,0.0,9,1,1,1,1,1,1,0,1,0,0,1,18000.0
2.0,7.0,2.0,2.0,3.0,0.0,6,7.0,3,1,0,0,1,0,0,0,0,0,0,1,28011.0
2.0,3.0,8.0,6.0,9.0,1.0,10,0.0,3,1,1,1,0,0,0,0,0,0,0,1,180000.0
4.0,8.0,4.0,5.0,8.0,1.0,10,0.0,11,1,1,1,1,0,1,0,1,0,0,1,110000.0
15.0,25.0,25.0,6.0,6.0,1.0,1,1.0,7,1,1,1,0,1,0,0,0,1,0,1,87231.0
8.0,19.0,9.0,7.0,4.0,1.0,3,0.0,4,0,1,0,1,0,1,0,0,0,0,1,69814.0
5.0,6.0,7.0,3.0,3.0,0.0,6,0.0,2,0,0,1,0,0,0,0,0,0,0,0,10674.0
15.0,20.0,13.0,5.0,4.0,0.0,3,0.0,8,1,1,1,1,0,0,0,1,0,0,1,91295.0
1.0,7.0,1.0,5.0,7.0,2.0,1,0.0,12,1,1,1,1,1,0,0,1,0,0,1,36346.0
2.0,3.0,2.0,5.0,4.0,1.0,6,1.0,7,0,1,1,1,1,0,0,0,0,1,1,32610.0
13.0,16.0,13.0,3.0,4.0,0.0,6,10.0,6,0,1,0,1,0,0,0,0,0,0,1,161109.0
6.0,9.0,6.0,5.0,3.0,1.0,6,0.0,3,0,1,0,0,0,0,0,1,0,0,1,51475.0
5.0,8.0,5.0,4.0,7.0,0.0,1,0.0,9,0,1,1,1,1,1,0,1,0,0,1,65424.0
3.0,10.0,3.0,5.0,2.0,1.0,1,0.0,8,0,1,0,1,1,1,0,1,0,0,1,45797.0
14.0,29.0,14.0,6.0,9.0,1.0,6,0.0,11,1,1,1,1,1,0,0,1,0,0,1,48333.0
20.0,16.0,10.0,5.0,4.0,0.0,10,0.0,5,0,1,1,0,1,0,0,0,0,0,1,121000.0
20.0,20.0,10.0,7.0,9.0,1.0,2,10.0,3,1,0,0,0,0,0,0,0,0,0,1,25777.0
22.0,30.0,22.0,5.0,5.0,1.0,6,1.0,2,1,0,0,1,0,0,0,0,0,0,1,57134.0
44.0,44.0,41.0,6.0,4.0,1.0,7,1.0,4,0,1,0,1,0,0,0,1,0,0,1,57999.0
11.0,16.0,11.0,6.0,9.0,1.0,3,7.0,6,0,1,0,0,1,0,1,0,0,0,1,139628.0
27.0,30.0,27.0,5.0,4.0,1.0,10,0.0,5,0,1,1,1,0,1,0,0,0,0,1,150000.0
2.0,10.0,10.0,3.0,4.0,1.0,1,9.0,13,1,1,1,0,1,0,1,0,1,1,1,47250.0
12.0,24.0,12.0,3.0,9.0,1.0,10,10.0,6,0,0,0,0,0,0,0,0,0,1,1,333000.0
23.0,28.0,23.0,3.0,3.0,0.0,9,10.0,6,1,1,0,1,0,1,0,1,0,0,1,80254.0
2.0,7.0,2.0,5.0,7.0,1.0,9,1.0,4,1,0,0,0,0,0,1,0,1,1,1,89172.0
13.0,19.0,18.0,4.0,5.0,1.0,6,6.0,6,0,1,1,1,0,1,0,0,1,0,1,63064.0
7.0,13.0,10.0,5.0,4.0,1.0,5,7.0,6,0,0,1,0,0,0,1,0,0,0,1,64444.0
17.0,38.0,17.0,5.0,7.0,1.0,1,10.0,5,1,1,0,1,0,0,0,0,0,0,1,50885.0
23.0,23.0,23.0,5.0,8.0,2.0,10,10.0,7,1,1,1,1,0,0,0,0,0,0,1,120000.0
20.0,23.0,10.0,4.0,7.0,1.0,6,1.0,5,0,0,0,1,0,1,0,0,0,0,1,85925.0
23.0,25.0,25.0,5.0,4.0,0.0,6,0.0,8,1,1,0,1,0,0,0,0,0,0,1,63644.0
8.0,8.0,9.0,6.0,5.0,1.0,6,1.0,3,1,0,0,1,0,0,0,0,1,0,1,52122.0
6.0,10.0,10.0,5.0,4.0,1.0,10,1.0,7,1,1,0,1,0,0,0,0,1,0,1,75000.0
15.0,15.0,17.0,5.0,4.0,1.0,6,10.0,3,0,0,0,1,0,1,0,0,0,0,1,38666.0
1.0,7.0,2.0,5.0,9.0,1.0,10,9.0,9,1,1,0,1,0,1,1,0,0,1,1,110000.0
26.0,38.0,26.0,3.0,5.0,0.0,9,7.0,10,0,1,1,1,1,0,0,1,0,0,1,131210.0
25.0,25.0,36.0,3.0,9.0,1.0,10,10.0,3,0,0,1,0,0,0,0,0,0,0,1,200000.0
0.0,3.0,10.0,5.0,9.0,1.0,10,10.0,5,1,0,0,1,1,0,1,0,0,0,0,22000.0
2.0,10.0,2.0,5.0,8.0,1.0,10,10.0,7,1,1,0,0,1,1,0,1,0,0,1,220000.0
26.0,39.0,26.0,5.0,2.0,2.0,5,0.0,6,1,1,1,1,0,1,0,0,1,0,1,57999.0
12.0,19.0,12.0,6.0,6.0,2.0,2,0.0,5,0,1,0,1,0,1,0,1,0,0,1,53703.0
3.0,5.0,3.0,3.0,5.0,1.0,10,1.0,3,0,1,0,1,0,0,0,0,1,0,1,190000.0
17.0,37.0,17.0,7.0,4.0,1.0,1,8.0,3,1,0,0,0,0,0,1,0,0,0,1,90866.0
35.0,40.0,35.0,5.0,7.0,1.0,10,5.0,9,0,1,1,1,0,1,0,0,1,0,1,170000.0
3.0,7.0,10.0,6.0,6.0,1.0,6,0.0,9,0,1,1,1,0,1,0,0,0,0,1,68831.0
8.0,8.0,10.0,6.0,4.0,1.0,6,1.0,3,1,0,1,0,0,0,0,0,0,0,1,69814.0
7.0,13.0,10.0,5.0,5.0,0.0,10,1.0,4,1,1,1,0,0,1,0,0,0,0,1,189000.0
2.0,10.0,2.0,5.0,3.0,2.0,5,0.0,5,1,1,1,0,0,0,0,0,0,1,1,42103.0
0.0,4.0,5.0,6.0,7.0,2.0,1,10.0,4,1,1,0,0,0,0,0,0,0,0,1,68331.0
10.0,14.0,12.0,5.0,5.0,1.0,3,0.0,4,0,1,0,0,0,0,0,1,0,0,1,67666.0
10.0,12.0,11.0,1.0,2.0,2.0,6,1.0,6,0,1,1,1,0,0,1,1,0,0,1,24166.0
12.0,15.0,27.0,5.0,6.0,1.0,10,0.0,5,0,1,1,1,0,1,0,0,0,0,1,130000.0
27.0,27.0,10.0,5.0,7.0,1.0,9,1.0,5,1,0,0,1,1,0,0,0,0,0,1,445858.0
8.0,8.0,8.0,2.0,4.0,0.0,6,2.0,3,0,1,0,0,0,0,0,1,0,0,1,48333.0
19.0,27.0,19.0,6.0,8.0,1.0,10,0.0,5,0,0,1,1,0,1,0,0,0,0,1,172000.0
3.0,5.0,15.0,2.0,4.0,0.0,7,0.0,4,0,1,1,0,0,0,0,1,0,0,0,53703.0
2.0,5.0,2.0,7.0,7.0,1.0,2,10.0,3,1,0,0,0,0,0,1,0,0,0,1,30074.0
10.0,13.0,10.0,5.0,9.0,2.0,4,7.0,3,1,0,0,0,1,0,0,0,0,0,1,14356.0
2.0,11.0,2.0,5.0,8.0,1.0,10,1.0,4,1,0,0,0,1,0,0,0,0,0,1,102000.0
2.0,7.0,2.0,5.0,5.0,1.0,10,8.0,6,1,1,0,0,0,0,1,0,0,0,1,90000.0
1.0,9.0,10.0,5.0,2.0,0.0,6,2.0,4,1,1,1,0,0,0,0,0,0,0,0,16828.0
5.0,15.0,20.0,6.0,7.0,0.0,6,1.0,3,0,0,0,1,1,1,0,0,0,0,1,54923.0
5.0,10.0,10.0,5.0,3.0,0.0,0,7.0,7,0,1,1,1,0,0,0,0,0,0,1,24243.0
2.0,5.0,2.0,5.0,3.0,0.0,10,0.0,5,0,1,1,0,0,0,0,0,0,1,0,50000.0
8.0,10.0,8.0,5.0,5.0,0.0,10,2.0,3,0,0,0,0,0,0,0,0,0,0,1,160000.0
5.0,9.0,10.0,5.0,9.0,1.0,10,0.0,3,0,1,1,0,0,0,0,0,1,0,1,145000.0
16.0,19.0,16.0,5.0,3.0,0.0,0,0.0,3,0,1,0,0,0,0,0,1,0,0,1,24616.0
15.0,15.0,15.0,5.0,4.0,2.0,6,7.0,2,0,1,0,0,0,0,0,0,0,0,0,59391.0
9.0,10.0,10.0,5.0,4.0,0.0,6,1.0,6,0,1,1,1,1,0,0,0,0,0,1,28937.0
30.0,35.0,10.0,5.0,9.0,2.0,6,1.0,1,0,0,0,0,1,0,0,0,0,0,1,165165.0
32.0,38.0,10.0,5.0,5.0,0.0,10,0.0,5,1,0,0,1,0,1,0,0,0,0,1,225000.0
9.0,22.0,17.0,5.0,9.0,0.0,9,0.0,7,0,1,1,1,0,1,0,0,0,0,1,91719.0
18.0,33.0,18.0,6.0,5.0,0.0,9,7.0,2,0,0,0,0,1,0,0,0,0,0,1,110827.0
29.0,34.0,10.0,5.0,9.0,2.0,10,10.0,1,0,0,0,0,0,0,0,0,0,0,1,350000.0
24.0,40.0,24.0,5.0,2.0,1.0,6,10.0,5,0,1,0,1,0,0,0,0,0,0,0,322219.0
10.0,15.0,10.0,6.0,7.0,2.0,6,2.0,4,1,1,1,0,0,0,0,0,0,0,1,46929.0
16.0,20.0,16.0,6.0,5.0,1.0,6,0.0,6,0,1,1,1,0,1,0,0,0,0,1,94732.0
17.0,26.0,17.0,5.0,9.0,0.0,10,0.0,6,1,1,1,1,0,1,0,0,0,0,1,122000.0
3.0,6.0,10.0,5.0,4.0,0.0,2,10.0,6,0,1,1,0,0,0,0,1,1,1,1,42962.0
8.0,14.0,10.0,5.0,7.0,2.0,6,10.0,7,1,0,0,0,0,0,0,0,0,1,0,50138.0
5.0,11.0,10.0,7.0,4.0,0.0,10,10.0,1,0,0,0,0,0,0,0,0,0,0,1,93000.0
10.0,13.0,10.0,6.0,2.0,0.0,6,10.0,1,0,1,0,0,0,0,0,0,0,0,0,80000.0
13.0,19.0,13.0,5.0,4.0,0.0,6,10.0,8,1,1,1,0,0,0,0,0,1,0,1,153641.0
7.0,15.0,10.0,6.0,5.0,1.0,3,10.0,5,1,0,1,0,0,0,1,0,0,0,1,75184.0
40.0,42.0,42.0,4.0,3.0,0.0,3,10.0,1,0,0,0,0,0,0,0,0,0,0,1,429625.0
1.0,3.0,2.0,5.0,6.0,0.0,6,0.0,7,1,1,1,1,1,1,0,0,0,0,1,11129.0
2.0,6.0,3.0,6.0,7.0,1.0,6,8.0,1,0,0,0,0,0,1,0,0,0,0,1,29893.0
0.0,7.0,10.0,5.0,4.0,1.0,6,10.0,7,1,0,0,1,0,0,0,0,0,1,1,13477.0
5.0,7.0,5.0,6.0,6.0,1.0,3,10.0,4,1,1,1,0,0,0,0,0,0,0,1,69814.0
9.0,12.0,9.0,5.0,9.0,1.0,10,7.0,8,0,0,1,1,1,0,1,0,0,0,1,210000.0
14.0,18.0,17.0,6.0,3.0,1.0,2,9.0,5,0,0,0,0,0,0,0,0,0,0,1,47259.0
3.0,5.0,3.0,5.0,5.0,0.0,8,1.0,4,1,0,0,1,1,0,0,0,0,0,1,18000.0
3.0,6.0,4.0,5.0,9.0,1.0,10,0.0,5,0,1,1,1,0,0,0,0,0,0,1,305000.0
13.0,18.0,13.0,3.0,3.0,0.0,6,0.0,6,0,1,1,1,0,0,0,0,0,0,1,70000.0
2.0,4.0,4.0,6.0,5.0,1.0,2,8.0,2,0,0,0,0,0,0,1,0,0,0,1,42962.0
8.0,15.0,8.0,5.0,8.0,1.0,6,10.0,2,0,0,0,0,0,0,0,0,0,0,1,115999.0
3.0,3.0,10.0,7.0,6.0,1.0,8,10.0,2,1,0,0,0,0,0,0,0,0,0,1,17772.0
9.0,15.0,9.0,5.0,4.0,0.0,6,1.0,2,0,0,0,1,0,0,0,0,1,0,1,61822.0
2.0,3.0,10.0,5.0,5.0,0.0,9,10.0,6,1,1,1,1,0,0,0,0,0,0,1,39490.0
19.0,37.0,17.0,5.0,4.0,1.0,6,2.0,3,0,1,1,0,0,0,0,0,0,0,1,91282.0
14.0,22.0,10.0,5.0,4.0,1.0,9,0.0,7,1,1,1,1,0,0,0,0,0,1,1,108280.0
4.0,11.0,3.0,5.0,7.0,2.0,1,0.0,6,0,1,1,0,0,1,0,0,0,0,1,65424.0
5.0,14.0,5.0,4.0,4.0,2.0,5,9.0,4,0,0,0,1,0,1,0,0,0,0,1,42962.0
13.0,15.0,13.0,5.0,7.0,1.0,6,0.0,8,1,1,1,1,0,1,0,0,0,0,1,99342.0
26.0,41.0,40.0,7.0,5.0,0.0,6,0.0,3,0,0,0,0,0,1,1,0,0,0,1,89189.0
15.0,20.0,10.0,5.0,1.0,0.0,10,10.0,2,0,0,1,0,1,0,0,0,0,0,0,100000.0
20.0,20.0,10.0,6.0,1.0,0.0,8,1.0,1,0,0,0,0,0,0,0,1,0,0,0,75000.0
16.0,24.0,10.0,5.0,9.0,0.0,5,1.0,3,0,1,0,1,0,0,0,0,0,0,1,139628.0
1.0,7.0,1.0,6.0,5.0,2.0,2,8.0,7,1,0,0,1,0,0,1,0,0,0,1,37592.0
34.0,46.0,10.0,5.0,1.0,2.0,6,10.0,5,0,1,0,1,0,0,0,0,0,0,0,48333.0
18.0,33.0,18.0,6.0,9.0,1.0,6,10.0,10,1,1,0,1,0,1,1,1,0,0,1,190932.0
7.0,9.0,7.0,6.0,7.0,1.0,10,0.0,6,1,1,1,1,1,0,0,0,0,0,1,130000.0
0.0,4.0,10.0,5.0,4.0,2.0,6,1.0,9,1,0,0,1,0,0,1,0,0,1,1,54704.0
30.0,35.0,30.0,6.0,2.0,0.0,1,0.0,7,1,1,1,0,0,1,0,0,1,1,1,127940.0
8.0,15.0,9.0,6.0,6.0,1.0,6,6.0,9,1,1,1,1,1,0,0,0,1,0,1,88073.0
2.0,4.0,2.0,5.0,2.0,0.0,6,0.0,0,0,0,0,0,0,0,0,0,0,0,1,60000.0
6.0,16.0,6.0,3.0,2.0,0.0,6,0.0,5,1,1,1,0,0,1,0,0,0,0,1,60000.0
11.0,15.0,10.0,5.0,5.0,0.0,7,7.0,5,0,1,1,0,0,0,0,0,0,0,1,54777.0
15.0,20.0,20.0,7.0,6.0,1.0,6,10.0,1,1,0,0,0,0,0,0,0,0,0,1,34748.0
3.0,8.0,7.0,5.0,4.0,1.0,8,10.0,3,1,1,0,0,0,0,0,0,0,0,1,39099.0
16.0,22.0,16.0,4.0,3.0,1.0,6,0.0,8,0,1,1,1,1,1,0,1,0,0,1,52461.0
3.0,7.0,3.0,6.0,4.0,2.0,9,0.0,7,1,1,0,1,0,1,0,0,1,1,1,44586.0
25.0,30.0,10.0,5.0,1.0,1.0,5,0.0,3,0,1,1,0,0,1,0,0,0,0,0,107406.0
20.0,23.0,21.0,5.0,4.0,2.0,6,0.0,4,0,0,0,1,0,1,0,0,0,0,1,24000.0
6.0,15.0,6.0,6.0,9.0,1.0,6,1.0,2,1,0,0,0,1,0,0,0,0,0,1,221746.0
8.0,10.0,10.0,3.0,6.0,1.0,9,0.0,9,1,1,0,1,0,1,0,1,0,0,1,58598.0
15.0,17.0,15.0,6.0,8.0,1.0,6,5.0,5,0,1,1,1,0,1,0,0,0,0,1,92653.0
11.0,15.0,11.0,5.0,4.0,0.0,3,5.0,11,1,1,1,1,0,1,1,0,1,1,1,85925.0
10.0,15.0,10.0,6.0,5.0,0.0,3,9.0,5,1,1,0,1,0,0,1,0,0,1,1,77332.0
20.0,27.0,22.0,6.0,6.0,1.0,6,5.0,4,1,0,0,1,0,0,0,0,0,0,1,56604.0
28.0,34.0,26.0,7.0,3.0,1.0,10,10.0,7,1,1,0,1,1,1,0,0,0,0,1,280000.0
8.0,10.0,8.0,6.0,5.0,1.0,6,10.0,6,1,1,0,0,0,0,1,1,0,0,0,44544.0
20.0,25.0,25.0,5.0,2.0,0.0,10,0.0,12,0,1,1,1,1,0,1,0,1,1,0,200000.0
7.0,18.0,7.0,6.0,5.0,1.0,3,6.0,8,1,1,0,1,0,0,0,0,1,0,1,96666.0
3.0,7.0,3.0,5.0,9.0,1.0,4,1.0,2,0,0,0,0,1,0,0,0,1,0,1,62210.0
4.0,7.0,7.0,5.0,2.0,1.0,5,10.0,11,1,1,0,0,0,1,1,0,0,1,0,10741.0
8.0,11.0,8.0,2.0,3.0,2.0,6,2.0,3,0,1,0,0,0,0,0,1,0,0,1,22555.0
4.0,8.0,10.0,6.0,7.0,1.0,6,3.0,2,1,0,0,0,0,0,0,0,0,0,1,76745.0
15.0,15.0,15.0,5.0,3.0,1.0,6,0.0,11,1,1,1,1,0,1,0,0,1,0,1,89847.0
3.0,9.0,4.0,3.0,7.0,2.0,10,10.0,5,1,1,0,1,0,0,0,0,0,0,1,65000.0
8.0,11.0,8.0,5.0,5.0,2.0,2,0.0,9,1,1,1,1,0,1,1,1,0,0,1,62296.0
6.0,9.0,5.0,3.0,5.0,0.0,6,6.0,7,1,1,1,1,1,0,0,0,0,0,1,14000.0
4.0,6.0,5.0,4.0,4.0,1.0,3,7.0,4,1,0,0,1,0,0,0,1,0,0,0,64444.0
8.0,13.0,9.0,6.0,7.0,1.0,9,0.0,6,0,1,1,1,0,0,0,0,0,0,1,95541.0
3.0,9.0,9.0,6.0,2.0,1.0,3,0.0,3,0,0,1,0,0,1,0,0,0,0,1,82703.0
3.0,3.0,10.0,3.0,4.0,0.0,0,0.0,2,0,0,1,0,0,0,0,0,0,1,1,15665.0
14.0,18.0,14.0,6.0,2.0,0.0,2,6.0,3,0,0,0,1,1,0,0,0,0,0,1,51555.0
10.0,11.0,10.0,6.0,2.0,0.0,8,2.0,4,1,1,1,0,0,0,0,0,0,0,0,53703.0
10.0,14.0,10.0,5.0,4.0,0.0,6,10.0,9,1,1,1,1,0,1,0,0,0,0,1,43127.0
0.0,1.0,10.0,6.0,8.0,1.0,8,10.0,1,1,0,0,0,0,0,0,0,0,0,1,24000.0
18.0,26.0,18.0,5.0,6.0,0.0,3,10.0,5,1,1,1,1,0,0,0,0,0,0,1,150369.0
32.0,40.0,32.0,3.0,7.0,0.0,9,1.0,1,0,0,0,0,0,1,0,0,0,0,1,117197.0
4.0,9.0,4.0,5.0,4.0,0.0,10,2.0,4,0,1,0,1,0,1,0,0,0,0,1,102500.0
6.0,11.0,6.0,3.0,6.0,1.0,9,1.0,6,0,1,0,1,1,0,1,0,0,0,0,50955.0
1.0,6.0,10.0,3.0,9.0,1.0,10,10.0,12,1,1,1,1,0,0,0,0,1,1,1,84000.0
3.0,4.0,3.0,5.0,4.0,2.0,4,4.0,12,1,1,1,1,0,0,0,0,1,1,1,13160.0
2.0,5.0,2.0,5.0,4.0,1.0,9,0.0,7,1,1,1,1,0,1,0,1,0,0,1,44586.0
20.0,22.0,20.0,3.0,5.0,1.0,9,0.0,7,0,1,0,1,0,1,0,0,0,0,1,95541.0
6.0,6.0,10.0,5.0,7.0,0.0,10,0.0,8,1,1,0,1,0,1,0,0,0,0,1,71000.0
6.0,8.0,8.0,5.0,7.0,1.0,6,10.0,3,0,0,0,0,1,1,0,0,0,0,1,57999.0
15.0,16.0,10.0,3.0,1.0,0.0,6,0.0,4,0,1,0,1,0,0,0,1,0,0,0,16341.0
10.0,12.0,10.0,5.0,6.0,0.0,10,0.0,4,0,1,0,1,0,1,0,0,0,0,1,160000.0
20.0,35.0,10.0,3.0,3.0,0.0,10,10.0,8,1,1,1,1,0,0,0,1,0,0,1,153000.0
22.0,26.0,10.0,6.0,2.0,2.0,5,6.0,3,0,0,0,1,0,1,0,0,0,0,1,85925.0
5.0,12.0,5.0,5.0,9.0,1.0,10,1.0,4,1,0,1,0,0,0,0,0,0,0,1,120000.0
3.0,8.0,3.0,7.0,7.0,0.0,10,10.0,6,1,1,0,1,0,0,0,0,0,0,1,110000.0
3.0,3.0,10.0,3.0,4.0,0.0,9,0.0,6,0,1,1,1,0,1,0,0,0,0,1,57325.0
12.0,16.0,10.0,2.0,1.0,0.0,9,2.0,5,0,1,1,0,0,1,0,0,1,0,0,76433.0
21.0,23.0,10.0,5.0,6.0,0.0,9,0.0,5,0,1,0,1,0,0,0,0,1,0,1,140127.0
27.0,30.0,15.0,3.0,5.0,0.0,1,1.0,5,0,1,0,1,0,0,0,1,0,0,1,79962.0
3.0,6.0,3.0,4.0,4.0,1.0,1,0.0,7,1,1,1,1,0,1,0,1,0,0,1,47250.0
38.0,42.0,10.0,6.0,3.0,0.0,6,5.0,9,1,1,0,1,1,0,1,0,1,0,1,79894.0
4.0,7.0,5.0,5.0,4.0,1.0,6,1.0,8,1,1,0,1,0,0,1,1,0,0,1,48518.0
6.0,10.0,10.0,6.0,1.0,2.0,4,0.0,4,0,1,0,0,1,0,0,0,0,0,1,11963.0
11.0,16.0,11.0,6.0,5.0,1.0,6,9.0,4,1,0,0,0,0,0,1,0,0,0,1,86104.0
3.0,8.0,3.0,6.0,5.0,1.0,2,0.0,4,0,1,1,1,0,0,0,0,1,0,1,76258.0
16.0,18.0,18.0,2.0,6.0,1.0,3,0.0,8,0,1,0,1,0,1,0,1,0,0,1,85925.0
7.0,10.0,10.0,5.0,5.0,1.0,6,1.0,3,1,0,0,0,0,0,0,0,1,0,1,60834.0
10.0,15.0,10.0,5.0,3.0,0.0,6,0.0,6,0,1,1,1,0,0,0,0,0,0,1,42962.0
10.0,14.0,10.0,6.0,9.0,0.0,1,0.0,5,0,1,1,1,0,0,0,0,0,0,1,90866.0
4.0,13.0,4.0,7.0,6.0,1.0,10,6.0,2,1,0,0,0,0,0,0,0,0,1,1,217000.0
6.0,8.0,10.0,6.0,4.0,1.0,2,0.0,6,1,1,0,0,0,0,0,0,0,0,1,37883.0
3.0,8.0,3.0,5.0,2.0,1.0,10,0.0,7,1,1,1,1,0,0,0,0,0,0,1,75000.0
12.0,16.0,12.0,5.0,9.0,1.0,9,1.0,7,0,1,1,1,0,1,0,0,0,0,1,81783.0
0.0,9.0,1.0,7.0,4.0,1.0,7,0.0,6,1,1,0,1,1,0,0,1,0,0,1,12889.0
14.0,19.0,10.0,6.0,4.0,0.0,6,1.0,3,1,0,0,1,0,0,0,0,0,0,0,77332.0
26.0,41.0,26.0,5.0,5.0,0.0,3,10.0,7,1,0,0,0,0,0,0,0,1,1,1,193331.0
13.0,15.0,17.0,3.0,9.0,2.0,6,10.0,6,1,0,1,0,1,0,0,0,1,0,1,443493.0
8.0,12.0,8.0,6.0,5.0,0.0,8,2.0,6,0,1,1,1,0,0,0,1,0,0,1,85000.0
10.0,15.0,10.0,5.0,4.0,1.0,8,1.0,2,0,0,0,0,0,0,0,1,0,0,1,24684.0
4.0,11.0,4.0,7.0,9.0,1.0,1,10.0,1,1,0,0,0,0,0,0,0,0,0,1,109039.0
8.0,28.0,10.0,5.0,6.0,2.0,3,4.0,2,0,0,0,0,0,0,1,0,0,0,1,107406.0
12.0,12.0,10.0,4.0,3.0,1.0,6,2.0,5,0,1,1,0,0,0,0,0,0,1,1,237600.0
6.0,10.0,10.0,3.0,1.0,1.0,6,0.0,4,0,1,0,1,0,1,0,0,0,0,0,46370.0
20.0,35.0,10.0,7.0,9.0,2.0,3,10.0,2,1,0,0,0,0,0,1,0,0,0,1,80555.0
5.0,12.0,10.0,2.0,5.0,1.0,3,5.0,5,1,1,1,0,0,0,0,0,0,0,1,62296.0
1.0,4.0,1.0,5.0,4.0,2.0,6,4.0,5,1,0,0,1,1,0,0,0,0,0,1,20692.0
12.0,15.0,10.0,6.0,5.0,0.0,8,2.0,9,1,1,1,0,0,0,1,1,0,0,1,60722.0
6.0,10.0,6.0,6.0,6.0,1.0,5,1.0,6,1,1,0,0,1,0,0,0,0,0,1,86999.0
8.0,15.0,10.0,6.0,4.0,0.0,2,0.0,4,0,1,0,1,0,0,0,1,0,0,1,60147.0
6.0,7.0,10.0,5.0,5.0,2.0,10,0.0,4,0,1,1,0,0,0,0,1,0,0,1,69000.0
30.0,35.0,30.0,7.0,6.0,1.0,6,10.0,9,1,1,0,1,1,0,0,0,0,1,1,200550.0
8.0,8.0,8.0,5.0,7.0,0.0,4,10.0,3,0,1,0,1,0,0,0,0,0,0,1,36130.0
15.0,15.0,15.0,5.0,6.0,2.0,4,9.0,4,1,0,0,0,1,0,1,0,0,0,1,358904.0
18.0,20.0,20.0,5.0,3.0,0.0,10,0.0,4,0,1,0,1,0,1,0,0,0,0,1,126000.0
10.0,20.0,9.0,6.0,4.0,2.0,2,10.0,3,1,0,1,1,0,0,0,0,0,0,1,96666.0
1.0,3.0,1.0,1.0,4.0,0.0,6,1.0,4,1,1,1,0,0,0,0,0,0,0,0,18677.0
26.0,30.0,26.0,5.0,2.0,1.0,10,0.0,8,0,1,1,0,0,0,1,0,0,0,1,220000.0
6.0,8.0,10.0,5.0,6.0,1.0,6,7.0,13,1,1,0,1,1,0,1,1,0,0,1,50915.0
6.0,9.0,6.0,6.0,5.0,1.0,6,0.0,1,0,0,0,0,1,0,0,0,0,0,1,40190.0
2.0,6.0,3.0,6.0,4.0,1.0,6,1.0,9,0,1,1,0,1,1,1,0,0,0,1,74873.0
8.0,13.0,8.0,5.0,4.0,0.0,6,2.0,3,0,1,1,0,0,0,0,0,0,0,1,107818.0
4.0,5.0,10.0,5.0,2.0,0.0,6,1.0,4,1,0,0,1,1,0,0,0,0,0,1,30000.0
3.0,7.0,3.0,5.0,4.0,0.0,9,0.0,5,0,0,0,1,1,1,0,0,0,0,1,64968.0
3.0,8.0,10.0,5.0,9.0,1.0,10,0.0,7,0,1,0,1,0,1,0,0,0,0,1,68000.0
14.0,18.0,15.0,2.0,4.0,2.0,6,0.0,7,0,1,1,1,0,0,0,1,0,0,1,78729.0
8.0,13.0,8.0,5.0,6.0,0.0,1,1.0,6,1,1,0,1,1,0,0,0,0,0,1,110493.0
15.0,16.0,10.0,5.0,8.0,0.0,4,1.0,2,0,0,0,0,1,0,0,0,0,0,1,59817.0
9.0,14.0,10.0,6.0,9.0,1.0,2,5.0,6,1,1,1,1,0,0,0,0,0,0,1,48333.0
20.0,22.0,20.0,5.0,9.0,0.0,6,2.0,4,0,1,1,0,0,0,0,0,0,0,1,92525.0
13.0,19.0,13.0,5.0,4.0,0.0,10,0.0,8,0,1,1,1,0,1,0,0,0,0,1,152000.0
1.0,6.0,1.0,6.0,9.0,1.0,2,9.0,7,1,1,1,1,0,0,0,0,1,1,1,48333.0
4.0,9.0,4.0,5.0,7.0,0.0,8,9.0,2,0,0,0,0,0,0,1,0,0,1,1,50000.0
3.0,5.0,10.0,5.0,5.0,1.0,6,8.0,9,1,1,0,1,0,1,1,0,0,0,1,27926.0
3.0,5.0,10.0,5.0,5.0,2.0,4,0.0,4,0,1,1,1,0,0,0,0,0,0,1,11963.0
2.0,5.0,2.0,5.0,5.0,0.0,10,1.0,7,1,1,0,1,1,1,0,0,0,0,1,125000.0
8.0,27.0,10.0,5.0,2.0,0.0,10,2.0,4,0,1,0,1,0,0,0,1,0,0,1,66000.0
8.0,8.0,10.0,6.0,7.0,1.0,9,3.0,3,1,0,0,1,0,0,0,0,0,0,1,123566.0
14.0,24.0,14.0,6.0,4.0,1.0,10,0.0,4,0,1,0,1,0,0,0,0,0,0,1,110000.0
24.0,28.0,25.0,5.0,7.0,1.0,6,0.0,12,0,1,0,0,1,1,1,0,1,0,1,110873.0
10.0,18.0,25.0,3.0,4.0,1.0,7,10.0,7,0,1,1,1,0,0,0,1,0,0,0,21481.0
5.0,13.0,5.0,5.0,5.0,1.0,3,0.0,8,1,1,1,1,0,0,0,1,1,0,1,80555.0
27.0,42.0,27.0,3.0,1.0,0.0,6,10.0,5,1,1,0,1,0,1,0,0,0,0,1,95384.0
0.0,8.0,0.0,2.0,5.0,1.0,4,0.0,4,0,1,1,0,1,0,0,0,0,0,1,11485.0
4.0,8.0,6.0,2.0,3.0,0.0,6,1.0,1,0,0,0,0,0,0,0,0,1,0,0,47778.0
7.0,8.0,10.0,5.0,6.0,1.0,8,1.0,3,1,1,0,1,0,0,0,0,0,0,1,71090.0
23.0,32.0,22.0,6.0,4.0,1.0,9,0.0,7,1,1,1,0,0,1,1,0,0,1,0,56051.0
7.0,10.0,10.0,3.0,4.0,0.0,6,1.0,7,1,1,0,1,1,0,1,1,0,0,1,15500.0
8.0,15.0,8.0,6.0,4.0,0.0,3,0.0,3,0,0,0,0,1,0,0,0,0,0,1,69814.0
1.0,3.0,1.0,2.0,5.0,0.0,6,2.0,7,1,1,1,1,0,0,1,0,0,0,1,13445.0
3.0,12.0,3.0,5.0,9.0,0.0,10,0.0,3,0,0,1,0,1,0,0,0,0,0,1,98000.0
6.0,10.0,10.0,2.0,6.0,0.0,10,0.0,6,0,1,0,1,0,0,0,1,0,0,1,155000.0
16.0,24.0,17.0,6.0,5.0,0.0,3,1.0,4,0,0,0,0,0,1,1,0,0,0,1,107406.0
4.0,10.0,8.0,3.0,4.0,2.0,6,10.0,3,0,1,0,1,1,0,0,0,0,0,1,20622.0
8.0,10.0,6.0,5.0,6.0,1.0,6,3.0,4,1,0,0,1,0,0,0,0,0,0,1,55048.0
3.0,10.0,3.0,5.0,4.0,2.0,6,4.0,5,1,0,0,1,1,0,0,0,0,1,1,13797.0
7.0,13.0,7.0,3.0,3.0,0.0,3,1.0,1,0,0,0,0,0,0,0,0,0,1,1,107406.0
16.0,20.0,18.0,5.0,9.0,0.0,10,0.0,7,1,1,1,0,0,1,1,0,1,0,1,300000.0
5.0,9.0,5.0,3.0,5.0,1.0,6,0.0,5,0,1,1,1,1,0,0,0,0,0,1,42962.0
24.0,30.0,25.0,5.0,9.0,1.0,10,4.0,8,1,1,0,1,0,0,0,0,1,0,1,250000.0
4.0,7.0,5.0,6.0,5.0,2.0,3,9.0,6,1,0,0,0,0,1,0,0,0,0,0,33296.0
12.0,17.0,12.0,5.0,5.0,0.0,10,0.0,6,0,1,1,1,0,1,0,0,0,0,1,122000.0
10.0,10.0,10.0,5.0,2.0,0.0,10,0.0,4,0,0,0,1,0,0,0,0,1,0,1,140000.0
2.0,6.0,2.0,5.0,9.0,1.0,10,8.0,4,0,0,0,1,1,0,0,0,0,0,1,115000.0
8.0,21.0,10.0,6.0,9.0,1.0,6,1.0,5,0,1,0,1,0,1,0,0,0,0,1,62546.0
5.0,10.0,5.0,3.0,4.0,0.0,6,1.0,4,0,0,0,1,1,0,0,0,0,0,0,49493.0
4.0,9.0,4.0,6.0,4.0,2.0,6,10.0,4,1,0,0,0,0,0,1,0,0,1,1,69814.0
35.0,45.0,35.0,5.0,7.0,1.0,9,5.0,17,1,1,1,1,1,0,0,1,1,1,1,177069.0
3.0,5.0,7.0,6.0,7.0,1.0,6,1.0,3,1,1,0,0,1,0,0,0,0,0,1,52853.0
17.0,20.0,10.0,5.0,4.0,2.0,6,0.0,3,0,0,0,1,0,1,0,0,0,0,1,58877.0
44.0,44.0,10.0,4.0,1.0,0.0,10,0.0,4,0,1,0,1,0,0,0,1,0,0,0,180000.0
1.0,3.0,1.0,5.0,2.0,2.0,7,0.0,5,1,1,0,0,0,0,0,1,0,0,1,25777.0
2.0,5.0,5.0,7.0,4.0,1.0,7,0.0,8,1,1,0,1,1,1,1,0,0,0,1,15466.0
13.0,15.0,15.0,4.0,7.0,1.0,10,10.0,3,0,0,0,1,1,1,0,0,0,0,1,125000.0
8.0,12.0,8.0,6.0,5.0,0.0,4,2.0,7,0,1,1,0,0,1,0,0,1,0,0,65000.0
3.0,7.0,4.0,3.0,4.0,2.0,6,0.0,6,1,1,1,1,0,1,0,0,0,0,1,18167.0
7.0,8.0,10.0,5.0,4.0,0.0,10,0.0,4,1,1,0,0,0,0,0,0,1,0,1,145000.0
7.0,13.0,13.0,2.0,4.0,1.0,10,0.0,6,0,1,1,0,0,1,1,0,0,0,1,80000.0
3.0,8.0,3.0,5.0,3.0,2.0,6,9.0,5,1,0,0,0,0,0,0,0,0,0,1,50773.0
15.0,24.0,10.0,5.0,2.0,2.0,6,0.0,6,0,1,1,1,0,1,0,0,0,0,1,30000.0
34.0,40.0,35.0,6.0,5.0,0.0,6,1.0,2,0,0,0,1,1,0,0,0,0,0,1,65152.0
11.0,14.0,10.0,7.0,9.0,0.0,6,5.0,3,1,0,0,0,0,0,0,0,0,0,1,43326.0
18.0,19.0,10.0,6.0,1.0,2.0,2,0.0,5,0,1,0,1,0,0,0,1,0,0,0,42962.0
16.0,26.0,15.0,5.0,5.0,0.0,10,0.0,4,0,0,1,1,0,1,0,0,0,0,1,170000.0
4.0,6.0,5.0,5.0,4.0,1.0,6,1.0,5,1,1,0,0,1,1,0,0,1,0,1,18548.0
2.0,8.0,2.0,5.0,5.0,0.0,10,2.0,4,0,1,0,0,0,0,0,0,0,0,1,130000.0
8.0,12.0,10.0,7.0,2.0,1.0,6,4.0,8,1,0,0,1,0,1,1,1,0,0,1,83563.0
3.0,10.0,4.0,4.0,5.0,1.0,6,0.0,10,0,1,1,1,1,1,1,1,1,0,1,72421.0
11.0,16.0,16.0,5.0,8.0,0.0,10,0.0,10,1,1,1,1,1,0,0,0,1,0,1,90000.0
4.0,6.0,4.0,2.0,4.0,1.0,6,0.0,9,1,1,1,1,1,0,0,1,0,0,1,35444.0
5.0,12.0,10.0,5.0,3.0,1.0,5,9.0,2,0,0,0,0,0,0,0,0,0,1,1,73895.0
19.0,26.0,26.0,6.0,4.0,0.0,6,0.0,6,0,1,1,1,1,0,0,1,0,0,1,71824.0
19.0,25.0,19.0,6.0,4.0,1.0,2,1.0,4,0,1,0,1,1,0,0,0,0,0,1,55851.0
7.0,12.0,7.0,5.0,9.0,0.0,4,3.0,2,1,0,0,1,0,0,0,0,0,0,1,35890.0
1.0,5.0,10.0,5.0,4.0,1.0,3,0.0,5,0,1,1,1,0,1,0,0,0,0,0,48333.0
11.0,13.0,11.0,5.0,7.0,1.0,6,1.0,6,0,1,1,0,1,1,0,0,1,0,1,85828.0
1.0,2.0,10.0,6.0,7.0,1.0,2,0.0,4,1,1,0,0,0,0,0,0,0,0,1,47796.0
6.0,9.0,6.0,3.0,5.0,1.0,6,0.0,2,0,1,0,0,0,1,0,0,0,0,1,18765.0
16.0,23.0,16.0,5.0,4.0,0.0,1,6.0,6,0,1,1,1,1,0,0,1,0,0,1,94501.0
16.0,28.0,16.0,5.0,9.0,0.0,6,9.0,4,0,0,0,0,0,0,1,0,0,0,1,89087.0
21.0,26.0,21.0,6.0,8.0,1.0,2,10.0,12,1,1,0,1,0,1,1,0,0,0,1,113851.0
5.0,9.0,5.0,5.0,5.0,1.0,4,0.0,3,0,1,1,1,0,0,0,0,0,0,1,37087.0
2.0,6.0,2.0,6.0,9.0,1.0,2,5.0,6,0,1,0,1,0,1,0,0,0,0,1,42962.0
36.0,37.0,39.0,5.0,5.0,1.0,10,1.0,4,0,1,0,1,0,1,0,0,0,0,1,169000.0
1.0,5.0,1.0,6.0,3.0,2.0,6,10.0,1,1,0,0,0,0,0,0,0,0,0,1,49729.0
4.0,12.0,8.0,6.0,9.0,1.0,6,10.0,4,1,0,0,1,0,0,0,0,0,0,1,96078.0
5.0,11.0,5.0,5.0,4.0,1.0,4,0.0,3,1,1,0,0,0,0,0,0,0,0,1,14356.0
4.0,8.0,10.0,5.0,3.0,2.0,6,2.0,3,0,1,1,0,0,0,0,0,0,0,1,14150.0
6.0,20.0,10.0,6.0,5.0,1.0,6,2.0,3,1,1,1,0,0,0,0,0,0,0,1,54846.0
3.0,8.0,3.0,5.0,5.0,1.0,6,2.0,6,1,1,1,1,1,0,0,0,0,0,1,28011.0
5.0,13.0,13.0,6.0,5.0,2.0,3,10.0,6,1,1,1,0,0,0,0,0,0,0,1,53703.0
2.0,7.0,2.0,6.0,9.0,1.0,10,1.0,4,1,0,0,0,0,0,1,0,0,0,1,185000.0
14.0,20.0,5.0,7.0,4.0,2.0,6,10.0,7,1,0,0,0,1,0,0,0,0,1,1,85925.0
5.0,9.0,10.0,5.0,1.0,0.0,6,0.0,5,0,1,1,1,0,0,0,0,0,0,0,25000.0
6.0,25.0,10.0,7.0,2.0,0.0,10,0.0,1,0,0,0,0,0,0,0,0,0,0,1,130000.0
5.0,7.0,10.0,7.0,7.0,1.0,10,1.0,5,0,1,1,1,0,1,0,0,0,0,1,87000.0
15.0,24.0,15.0,3.0,4.0,0.0,10,1.0,6,0,1,1,1,1,0,0,0,0,0,1,230000.0
20.0,26.0,20.0,5.0,4.0,0.0,9,0.0,6,0,1,1,0,0,0,0,1,0,0,1,63694.0
0.0,3.0,10.0,3.0,2.0,2.0,1,0.0,7,1,1,1,1,0,0,0,0,1,1,1,24716.0
1.0,4.0,5.0,6.0,7.0,1.0,3,10.0,4,1,0,0,0,0,0,0,0,0,0,1,45111.0
5.0,13.0,13.0,7.0,9.0,2.0,6,10.0,3,1,0,0,0,0,0,0,0,0,0,1,73915.0
11.0,15.0,10.0,5.0,7.0,0.0,10,2.0,3,0,1,1,0,0,0,0,0,0,0,1,260000.0
35.0,40.0,40.0,3.0,4.0,1.0,6,9.0,7,0,0,0,1,1,0,1,1,0,0,1,222834.0
5.0,7.0,5.0,4.0,5.0,0.0,1,1.0,6,0,1,0,1,0,0,0,0,0,0,1,116309.0
13.0,21.0,13.0,5.0,2.0,0.0,6,6.0,6,0,1,1,1,0,0,0,0,0,0,1,40149.0
10.0,12.0,10.0,6.0,5.0,0.0,10,10.0,3,1,0,0,1,0,0,0,0,0,0,1,86000.0
11.0,22.0,10.0,3.0,1.0,0.0,5,0.0,5,0,0,1,0,0,1,0,0,0,0,0,193331.0
8.0,11.0,8.0,2.0,4.0,1.0,10,7.0,13,0,0,1,1,1,1,0,1,1,0,1,131800.0
12.0,20.0,12.0,6.0,2.0,0.0,6,0.0,12,1,1,0,1,0,0,1,1,1,0,1,32222.0
1.0,16.0,5.0,6.0,4.0,1.0,5,0.0,7,1,1,1,1,0,0,0,0,0,0,1,55628.0
16.0,16.0,10.0,3.0,7.0,1.0,10,7.0,3,0,0,1,0,0,0,0,0,0,0,1,225000.0
14.0,25.0,15.0,5.0,6.0,1.0,6,0.0,6,0,1,0,1,0,0,0,1,1,0,1,19500.0
8.0,16.0,4.0,6.0,6.0,1.0,6,0.0,8,1,0,1,1,0,0,0,0,1,0,1,57230.0
4.0,5.0,4.0,6.0,4.0,1.0,2,6.0,7,0,1,1,1,1,0,0,0,0,0,1,60147.0
5.0,8.0,10.0,6.0,1.0,0.0,10,4.0,4,1,0,0,1,0,0,0,0,0,1,0,12000.0
20.0,25.0,10.0,5.0,4.0,1.0,10,0.0,4,0,1,0,1,0,0,0,1,0,0,0,100000.0
10.0,14.0,10.0,5.0,3.0,0.0,6,0.0,6,0,1,1,1,0,0,0,0,0,0,1,77332.0
7.0,7.0,10.0,5.0,9.0,0.0,10,4.0,8,1,1,1,1,0,0,0,0,0,1,1,200000.0
22.0,25.0,10.0,6.0,1.0,1.0,6,10.0,8,0,1,1,1,0,0,1,0,1,1,0,23555.0
29.0,42.0,29.0,6.0,5.0,2.0,6,0.0,5,0,0,1,1,1,1,0,0,0,0,0,59073.0
25.0,30.0,25.0,6.0,5.0,0.0,9,6.0,5,1,1,0,0,0,1,0,0,0,1,1,154986.0
7.0,10.0,10.0,5.0,6.0,1.0,10,5.0,3,0,0,0,0,1,0,0,0,1,0,1,181000.0
2.0,8.0,10.0,5.0,4.0,2.0,6,0.0,12,1,1,1,1,0,1,0,0,1,0,1,46092.0
6.0,17.0,10.0,6.0,3.0,0.0,0,0.0,3,0,1,1,0,0,0,0,0,0,0,1,64444.0
12.0,17.0,12.0,3.0,2.0,0.0,6,0.0,2,0,0,0,0,0,0,0,0,1,0,1,37592.0
0.0,5.0,10.0,5.0,3.0,2.0,6,8.0,9,0,1,1,1,0,1,0,0,0,0,1,62209.0
17.0,31.0,10.0,6.0,1.0,0.0,3,8.0,2,0,0,0,0,0,0,1,0,0,1,0,80555.0
5.0,10.0,11.0,6.0,9.0,0.0,10,4.0,4,1,0,0,1,0,0,0,0,0,0,1,140000.0
25.0,28.0,25.0,5.0,5.0,1.0,9,0.0,9,0,1,1,1,0,1,0,1,0,0,1,114649.0
8.0,12.0,8.0,6.0,4.0,0.0,8,1.0,6,1,1,0,1,0,0,0,0,0,0,1,94088.0
3.0,8.0,10.0,6.0,4.0,1.0,2,8.0,11,1,1,1,1,1,0,0,0,0,0,1,35444.0
3.0,7.0,3.0,5.0,5.0,0.0,6,8.0,8,1,1,1,1,0,0,0,0,0,0,1,24259.0
38.0,40.0,43.0,5.0,5.0,1.0,6,0.0,5,0,1,1,1,0,1,0,0,0,0,1,99099.0
4.0,12.0,4.0,6.0,5.0,1.0,3,8.0,2,1,0,0,0,0,0,0,0,0,0,1,76570.0
7.0,23.0,7.0,5.0,5.0,0.0,10,0.0,5,0,1,0,1,0,0,0,1,1,0,1,130000.0
3.0,12.0,4.0,5.0,6.0,1.0,6,0.0,10,1,1,1,1,0,0,0,0,1,1,1,66066.0
11.0,15.0,10.0,5.0,5.0,0.0,7,1.0,4,0,0,1,1,0,1,0,0,0,0,1,48333.0
10.0,15.0,10.0,5.0,9.0,0.0,10,0.0,4,0,1,1,0,0,0,0,1,0,0,1,140000.0
7.0,10.0,7.0,5.0,3.0,2.0,6,0.0,5,1,1,1,1,0,0,0,0,0,0,1,20140.0
9.0,13.0,9.0,5.0,4.0,2.0,6,10.0,4,1,0,0,1,0,0,0,1,0,0,1,65907.0
7.0,10.0,10.0,1.0,5.0,2.0,10,10.0,4,1,0,0,0,0,0,0,0,0,0,1,130000.0
2.0,7.0,2.0,3.0,2.0,2.0,6,0.0,11,0,1,1,1,0,0,1,0,1,1,0,31749.0
20.0,45.0,10.0,5.0,7.0,2.0,10,0.0,6,0,1,0,1,0,1,0,0,0,0,1,112000.0
26.0,26.0,26.0,5.0,7.0,2.0,7,0.0,6,1,1,1,1,0,0,0,1,0,0,1,42962.0
3.0,12.0,3.0,5.0,5.0,1.0,6,1.0,3,0,0,0,0,0,1,1,0,1,0,0,30933.0
26.0,32.0,10.0,3.0,1.0,0.0,6,0.0,5,0,1,1,1,0,1,0,0,0,0,0,69496.0
31.0,35.0,36.0,3.0,5.0,0.0,6,7.0,4,1,0,0,0,0,0,0,0,1,0,1,115202.0
9.0,11.0,9.0,6.0,7.0,0.0,8,6.0,2,0,0,0,0,0,1,1,0,0,0,1,65000.0
20.0,36.0,29.0,5.0,2.0,0.0,10,0.0,5,1,1,0,0,0,0,0,0,0,0,0,250000.0
11.0,15.0,11.0,6.0,3.0,0.0,6,0.0,3,0,0,0,1,0,0,0,0,0,0,1,96666.0
3.0,9.0,3.0,5.0,4.0,1.0,10,4.0,6,1,1,1,1,0,0,0,0,1,0,1,70000.0
10.0,15.0,10.0,5.0,2.0,1.0,6,10.0,7,1,1,0,1,1,0,1,0,0,0,0,18437.0
20.0,29.0,10.0,7.0,1.0,0.0,6,0.0,11,0,1,0,1,0,0,0,1,0,0,0,64444.0
12.0,15.0,12.0,5.0,4.0,0.0,6,0.0,4,0,1,0,1,0,0,0,1,0,0,1,22139.0
13.0,14.0,13.0,3.0,9.0,1.0,10,1.0,9,1,1,1,1,1,0,0,1,1,0,1,240000.0
7.0,8.0,8.0,6.0,5.0,1.0,9,0.0,3,0,0,0,1,0,1,0,0,0,0,1,127388.0
11.0,18.0,11.0,7.0,9.0,1.0,10,10.0,16,1,1,0,0,1,0,1,0,1,1,1,200000.0
10.0,14.0,10.0,6.0,3.0,0.0,6,1.0,4,1,1,0,1,1,0,0,0,0,0,1,12747.0
27.0,30.0,30.0,5.0,7.0,0.0,10,0.0,7,1,1,0,1,0,1,0,0,0,0,1,125000.0
5.0,10.0,5.0,5.0,2.0,0.0,6,0.0,8,1,1,1,1,0,1,0,0,0,0,1,11523.0
21.0,25.0,10.0,2.0,8.0,0.0,10,10.0,4,0,1,0,0,0,0,0,1,0,0,1,250000.0
13.0,19.0,14.0,5.0,9.0,1.0,10,0.0,20,1,1,1,0,1,1,1,1,1,0,1,185000.0
2.0,10.0,2.0,1.0,4.0,0.0,1,0.0,10,1,1,1,1,1,0,0,0,1,1,0,58154.0
1.0,5.0,10.0,5.0,7.0,1.0,10,0.0,3,1,1,0,0,0,1,0,0,0,0,1,78300.0
6.0,17.0,6.0,5.0,4.0,0.0,10,1.0,4,0,0,0,1,0,0,0,0,0,0,1,150000.0
9.0,9.0,10.0,3.0,4.0,2.0,1,10.0,6,0,1,0,1,0,1,0,0,0,0,1,69785.0
7.0,10.0,10.0,5.0,4.0,1.0,6,1.0,3,0,0,1,1,0,0,0,0,0,0,1,53703.0
8.0,10.0,9.0,5.0,4.0,2.0,6,9.0,3,1,0,0,0,0,0,1,0,0,0,1,100801.0
3.0,4.0,10.0,3.0,3.0,0.0,8,0.0,4,0,1,1,0,0,0,0,0,0,0,1,17000.0
30.0,40.0,10.0,3.0,1.0,1.0,6,1.0,2,0,0,0,1,1,0,0,0,0,0,0,219383.0
5.0,5.0,10.0,5.0,7.0,2.0,6,2.0,3,0,1,1,0,0,0,0,0,0,0,1,40149.0
4.0,12.0,4.0,6.0,4.0,1.0,6,0.0,4,1,0,0,1,0,0,0,0,0,0,1,18677.0
4.0,5.0,4.0,5.0,4.0,2.0,6,10.0,4,0,1,0,1,1,0,0,0,0,0,1,10000.0
17.0,20.0,10.0,6.0,5.0,1.0,3,0.0,4,0,1,1,1,1,0,0,0,0,0,1,69814.0
9.0,10.0,10.0,5.0,8.0,0.0,10,0.0,7,0,1,1,1,0,0,0,0,1,0,1,185000.0
7.0,16.0,20.0,3.0,4.0,0.0,3,1.0,9,0,1,1,1,0,0,1,0,0,1,1,80555.0
8.0,13.0,12.0,5.0,8.0,1.0,4,2.0,3,0,1,1,0,0,0,0,0,0,0,1,430685.0
12.0,15.0,12.0,3.0,5.0,0.0,6,6.0,8,0,1,1,1,0,0,0,0,0,0,1,91751.0
5.0,7.0,5.0,4.0,7.0,0.0,7,0.0,4,1,1,0,1,0,0,0,0,0,0,1,34370.0
16.0,30.0,16.0,6.0,4.0,1.0,6,1.0,9,1,1,1,1,0,1,0,0,0,1,1,42923.0
25.0,34.0,32.0,6.0,5.0,2.0,6,10.0,3,0,1,0,0,0,0,0,0,0,0,1,32123.0
1.0,3.0,2.0,4.0,3.0,2.0,3,0.0,4,1,1,0,0,1,0,0,0,0,0,0,16111.0
4.0,6.0,3.0,5.0,5.0,1.0,7,8.0,6,1,0,0,1,1,1,1,0,0,0,1,40814.0
11.0,13.0,10.0,5.0,3.0,0.0,9,10.0,6,0,1,1,1,0,0,0,1,0,0,1,82802.0
16.0,20.0,16.0,5.0,5.0,1.0,6,0.0,5,0,1,0,1,0,0,0,0,0,0,1,61222.0
25.0,30.0,10.0,6.0,5.0,1.0,6,9.0,4,1,0,0,0,0,0,1,0,0,0,1,72912.0
29.0,34.0,32.0,6.0,5.0,2.0,3,0.0,4,0,0,0,1,1,0,0,0,0,0,1,89147.0
7.0,12.0,10.0,6.0,3.0,2.0,9,0.0,7,1,1,1,1,0,0,1,1,0,0,1,63694.0
40.0,40.0,10.0,3.0,5.0,1.0,9,8.0,2,0,0,0,1,0,0,0,0,0,0,1,38216.0
5.0,5.0,10.0,4.0,5.0,1.0,9,0.0,2,0,1,1,0,0,0,0,0,0,0,1,101910.0
16.0,19.0,10.0,5.0,3.0,2.0,6,5.0,5,1,1,1,0,0,0,0,0,0,0,1,48333.0
7.0,10.0,7.0,5.0,7.0,1.0,3,0.0,7,0,1,0,1,1,1,0,0,0,0,1,45111.0
6.0,10.0,6.0,2.0,6.0,2.0,6,0.0,4,0,1,1,0,0,0,0,0,1,1,1,53703.0
3.0,10.0,3.0,1.0,2.0,2.0,6,9.0,5,1,1,0,0,0,0,1,0,0,1,1,27595.0
35.0,41.0,10.0,5.0,4.0,2.0,10,0.0,6,0,1,0,1,0,0,1,1,0,0,1,100000.0
15.0,20.0,17.0,6.0,4.0,0.0,6,10.0,5,0,1,1,0,0,0,0,0,0,1,0,60157.0
8.0,9.0,8.0,6.0,9.0,1.0,9,1.0,2,0,0,0,0,1,0,0,0,0,0,1,140127.0
10.0,13.0,10.0,5.0,6.0,1.0,6,2.0,3,1,1,1,0,0,0,0,0,0,0,1,75184.0
0.0,7.0,7.0,5.0,5.0,2.0,6,0.0,3,1,1,0,0,0,0,0,0,0,0,1,23456.0
6.0,7.0,6.0,5.0,3.0,2.0,4,1.0,2,1,0,0,1,0,0,0,0,0,0,1,17945.0
6.0,12.0,6.0,7.0,4.0,1.0,6,10.0,2,1,0,0,0,0,0,0,0,0,1,1,31071.0
4.0,5.0,2.0,5.0,3.0,2.0,10,0.0,9,1,1,1,1,0,0,0,1,0,0,1,72000.0
12.0,19.0,17.0,7.0,4.0,0.0,3,10.0,2,1,0,0,0,0,0,0,0,0,0,1,144998.0
5.0,9.0,5.0,5.0,9.0,1.0,6,10.0,16,1,1,1,1,0,0,1,0,0,1,1,68987.0
35.0,45.0,45.0,3.0,5.0,0.0,10,10.0,2,0,0,0,1,0,0,0,0,0,0,1,225000.0
27.0,32.0,27.0,3.0,2.0,0.0,6,0.0,7,1,1,0,1,0,1,0,0,0,0,1,27926.0
10.0,18.0,10.0,5.0,7.0,0.0,10,0.0,4,0,1,1,0,0,0,0,0,0,0,1,269000.0
15.0,15.0,10.0,3.0,5.0,0.0,6,2.0,5,1,1,1,0,0,0,0,0,0,0,1,95796.0
4.0,13.0,4.0,5.0,4.0,1.0,3,10.0,8,1,0,0,1,1,0,1,0,0,1,0,10053.0
0.0,0.0,10.0,3.0,3.0,0.0,10,2.0,2,0,0,0,0,0,0,0,0,0,0,1,73000.0
33.0,44.0,34.0,5.0,5.0,1.0,6,0.0,5,0,1,1,1,0,1,0,0,0,0,1,85886.0
11.0,14.0,11.0,3.0,3.0,1.0,1,0.0,7,0,1,0,1,0,1,0,1,0,0,1,44343.0
20.0,30.0,26.0,3.0,9.0,2.0,0,0.0,7,1,1,0,1,1,0,0,1,0,0,1,24243.0
3.0,5.0,5.0,6.0,5.0,2.0,6,0.0,13,1,1,1,1,1,0,0,0,1,1,1,19316.0
25.0,29.0,26.0,6.0,6.0,2.0,6,1.0,6,1,0,0,1,1,0,0,0,0,0,1,96666.0
11.0,16.0,11.0,3.0,7.0,1.0,6,1.0,1,0,0,0,0,0,1,0,0,0,0,1,96666.0
8.0,11.0,8.0,6.0,4.0,1.0,6,1.0,11,1,1,1,1,1,0,1,1,0,1,1,55680.0
10.0,12.0,10.0,6.0,4.0,0.0,6,1.0,5,0,1,0,1,1,0,0,0,0,0,1,68300.0
16.0,20.0,16.0,6.0,7.0,1.0,10,1.0,5,0,0,0,1,1,0,0,0,0,0,1,200000.0
3.0,6.0,10.0,6.0,4.0,2.0,2,1.0,6,0,1,1,1,1,0,0,0,0,0,1,68740.0
4.0,18.0,4.0,3.0,4.0,0.0,10,0.0,5,0,1,1,1,0,0,0,0,0,0,1,110000.0
20.0,26.0,26.0,6.0,3.0,1.0,10,10.0,7,1,1,0,1,1,1,0,0,0,0,1,100000.0
7.0,15.0,10.0,3.0,4.0,2.0,6,0.0,6,1,1,0,1,1,1,0,0,0,0,1,52122.0
40.0,51.0,10.0,6.0,7.0,2.0,10,0.0,7,1,1,0,1,0,1,1,0,0,1,1,190000.0
5.0,6.0,6.0,7.0,4.0,0.0,8,1.0,7,0,1,0,1,0,1,1,0,0,0,1,29621.0
22.0,28.0,10.0,6.0,1.0,0.0,0,1.0,12,1,1,0,1,1,0,1,1,1,0,0,190000.0
10.0,15.0,8.0,6.0,5.0,0.0,6,10.0,2,0,0,0,0,0,0,1,0,0,0,1,80555.0
4.0,13.0,4.0,5.0,6.0,2.0,3,7.0,5,0,0,0,1,1,0,0,0,0,0,1,53703.0
8.0,15.0,8.0,5.0,3.0,1.0,1,0.0,6,0,1,0,1,0,1,0,0,0,0,1,72693.0
21.0,30.0,25.0,3.0,7.0,1.0,6,8.0,1,0,0,0,0,0,1,0,0,0,0,1,133700.0
45.0,51.0,50.0,3.0,7.0,0.0,1,2.0,2,0,1,0,0,0,0,0,0,0,0,1,109039.0
1.0,3.0,10.0,5.0,7.0,1.0,10,0.0,5,0,1,0,1,1,1,0,0,0,0,1,65001.0
7.0,12.0,10.0,5.0,8.0,0.0,6,0.0,4,0,1,1,1,0,1,0,0,0,0,1,79491.0
18.0,20.0,20.0,6.0,3.0,0.0,5,1.0,7,1,1,1,1,1,0,0,0,0,0,1,107406.0
7.0,15.0,7.0,5.0,3.0,0.0,10,0.0,6,0,1,1,1,0,0,0,1,0,0,1,170000.0
3.0,5.0,10.0,5.0,9.0,1.0,10,0.0,3,0,1,0,0,0,0,0,1,0,0,1,120000.0
2.0,6.0,2.0,5.0,5.0,2.0,6,2.0,4,0,1,1,0,0,0,0,0,0,0,1,17937.0
10.0,10.0,10.0,3.0,4.0,1.0,6,10.0,1,0,1,0,0,0,0,0,0,0,0,1,64444.0
1.0,6.0,1.0,5.0,4.0,1.0,9,0.0,6,0,1,1,1,0,0,0,1,0,0,1,35669.0
15.0,20.0,25.0,2.0,5.0,1.0,5,10.0,7,0,1,1,1,0,1,0,0,0,0,1,69814.0
5.0,9.0,5.0,5.0,5.0,2.0,4,2.0,3,0,1,1,0,0,0,0,0,0,0,1,21534.0
18.0,30.0,10.0,6.0,7.0,0.0,1,10.0,0,0,0,0,0,0,0,0,0,0,0,1,79962.0
2.0,5.0,2.0,5.0,5.0,1.0,6,0.0,7,1,1,1,1,0,0,1,1,0,0,1,150369.0
15.0,24.0,15.0,5.0,4.0,1.0,6,10.0,3,0,0,0,1,1,0,0,0,0,0,1,42962.0
10.0,18.0,10.0,6.0,7.0,0.0,6,1.0,9,1,1,1,1,1,0,0,0,0,0,1,91000.0
7.0,12.0,6.0,2.0,2.0,1.0,5,0.0,5,0,1,1,1,0,0,0,0,0,0,1,50266.0
8.0,17.0,8.0,5.0,4.0,1.0,6,0.0,5,0,1,1,0,0,0,0,1,0,1,1,75184.0
15.0,22.0,15.0,7.0,4.0,2.0,6,3.0,3,1,0,0,0,0,0,0,0,0,0,1,105410.0
23.0,38.0,32.0,6.0,5.0,0.0,10,1.0,7,0,1,0,1,0,1,0,0,0,0,0,130000.0
7.0,10.0,8.0,5.0,4.0,0.0,10,8.0,5,0,1,1,1,1,0,0,0,0,0,1,150000.0
11.0,21.0,10.0,5.0,5.0,0.0,1,1.0,3,0,0,1,1,0,0,0,1,0,0,1,244248.0
5.0,11.0,5.0,3.0,3.0,1.0,3,10.0,7,0,1,1,1,0,0,0,1,1,0,1,81629.0
4.0,11.0,4.0,6.0,8.0,1.0,6,1.0,14,1,1,0,1,1,0,1,1,1,0,1,54494.0
20.0,25.0,20.0,6.0,9.0,1.0,6,8.0,2,0,0,0,0,0,1,1,0,0,0,1,50481.0
24.0,30.0,10.0,3.0,2.0,0.0,1,1.0,11,0,1,0,1,0,1,0,1,0,0,1,36346.0
6.0,8.0,6.0,3.0,5.0,1.0,6,0.0,9,0,1,1,1,0,0,1,0,0,1,1,123048.0
11.0,14.0,14.0,5.0,7.0,1.0,6,6.0,4,0,1,0,1,0,0,0,0,1,0,1,184789.0
2.0,6.0,2.0,2.0,6.0,0.0,6,10.0,2,1,0,0,0,0,0,0,0,0,1,1,23757.0
4.0,10.0,10.0,6.0,5.0,1.0,6,10.0,2,0,0,0,0,0,0,0,0,0,1,1,65514.0
5.0,7.0,5.0,5.0,9.0,1.0,9,10.0,6,1,1,0,0,0,0,1,0,1,0,1,49681.0
2.0,3.0,3.0,5.0,2.0,0.0,6,0.0,3,0,1,1,0,0,0,0,0,0,0,1,35151.0
3.0,8.0,10.0,6.0,5.0,1.0,6,0.0,11,1,1,1,0,1,0,1,0,1,0,1,50483.0
5.0,10.0,5.0,7.0,4.0,1.0,7,10.0,2,1,0,0,0,0,0,0,0,0,0,1,32222.0
2.0,2.0,10.0,5.0,5.0,2.0,10,10.0,2,1,0,0,0,0,0,1,0,0,0,1,81000.0
3.0,5.0,10.0,5.0,9.0,1.0,6,10.0,2,0,0,1,0,0,0,0,0,1,0,1,56101.0
3.0,10.0,3.0,3.0,2.0,2.0,1,0.0,4,0,1,0,0,0,1,0,1,0,0,1,29077.0
9.0,11.0,9.0,6.0,6.0,1.0,2,6.0,9,0,0,1,1,1,0,0,0,1,1,1,88073.0
5.0,6.0,5.0,3.0,9.0,0.0,6,1.0,6,1,0,0,1,1,0,0,0,0,0,1,35444.0
0.0,7.0,10.0,2.0,2.0,0.0,6,1.0,8,1,1,0,0,1,1,1,0,0,0,0,14254.0
18.0,35.0,18.0,5.0,7.0,0.0,6,1.0,3,1,0,0,1,0,0,0,0,0,0,1,165165.0
19.0,26.0,30.0,5.0,5.0,1.0,9,0.0,2,0,0,1,0,0,1,0,0,0,0,0,51847.0
20.0,20.0,10.0,3.0,1.0,2.0,6,0.0,2,0,0,0,1,0,0,0,1,0,0,0,25950.0
5.0,8.0,5.0,3.0,2.0,0.0,6,7.0,8,1,1,0,1,1,1,0,0,0,0,1,41574.0
6.0,28.0,6.0,5.0,3.0,1.0,5,1.0,5,0,1,0,0,0,0,0,1,0,0,1,40277.0
6.0,16.0,6.0,5.0,8.0,1.0,10,0.0,6,0,0,0,0,0,1,1,1,0,0,1,86000.0
1.0,6.0,1.0,6.0,4.0,0.0,6,0.0,5,0,1,1,1,1,0,0,0,0,0,1,15600.0
9.0,12.0,9.0,3.0,3.0,1.0,6,1.0,5,1,0,0,1,0,0,0,0,1,1,1,80000.0
4.0,12.0,4.0,5.0,4.0,2.0,6,1.0,12,0,1,1,1,1,1,1,0,0,0,1,66769.0
3.0,8.0,3.0,6.0,4.0,0.0,0,10.0,3,1,0,1,0,1,0,0,0,0,0,1,22360.0
4.0,10.0,3.0,5.0,2.0,2.0,6,0.0,4,0,0,1,0,0,1,0,0,0,0,1,58384.0
10.0,17.0,7.0,5.0,9.0,1.0,3,9.0,5,1,0,0,0,0,0,1,0,0,0,1,107406.0
2.0,2.0,8.0,5.0,7.0,0.0,10,1.0,3,1,0,0,1,0,0,0,0,0,0,1,325752.0
7.0,9.0,9.0,3.0,4.0,1.0,3,1.0,1,0,0,0,0,1,0,0,0,0,0,1,42962.0
8.0,9.0,10.0,5.0,3.0,0.0,10,0.0,4,0,1,0,1,0,0,0,0,0,0,1,155000.0
3.0,5.0,3.0,5.0,8.0,1.0,10,4.0,3,1,1,0,0,0,0,0,0,0,0,1,55536.0
10.0,24.0,10.0,3.0,4.0,1.0,6,1.0,3,1,0,1,1,0,0,0,0,0,0,1,121429.0
2.0,7.0,10.0,6.0,4.0,1.0,6,0.0,6,1,1,0,1,0,1,0,0,0,0,1,53703.0
9.0,9.0,8.0,4.0,7.0,0.0,4,0.0,6,0,1,1,1,1,0,0,0,0,0,1,28712.0
20.0,29.0,10.0,5.0,5.0,1.0,6,5.0,1,0,0,0,0,0,0,0,0,0,0,1,84138.0
3.0,6.0,10.0,5.0,4.0,1.0,6,1.0,11,1,1,1,1,0,1,0,1,1,1,1,52503.0
8.0,17.0,8.0,6.0,2.0,1.0,6,0.0,4,1,0,1,1,0,0,0,0,0,0,0,57230.0
27.0,30.0,27.0,5.0,4.0,1.0,6,10.0,13,1,0,1,1,1,1,1,0,0,1,1,75332.0
12.0,33.0,10.0,3.0,3.0,2.0,6,7.0,1,0,0,0,0,0,0,0,0,0,0,1,78971.0
2.0,9.0,10.0,6.0,7.0,0.0,6,10.0,3,1,0,0,0,0,0,0,0,0,0,1,55323.0
5.0,13.0,5.0,6.0,4.0,1.0,2,0.0,5,0,1,1,1,0,0,0,1,0,0,1,62296.0
10.0,13.0,10.0,5.0,1.0,0.0,10,0.0,4,0,1,0,1,0,0,0,1,0,0,0,17000.0
3.0,6.0,10.0,5.0,9.0,1.0,3,10.0,4,1,0,0,0,0,0,0,0,0,1,0,16111.0
2.0,3.0,10.0,6.0,2.0,1.0,6,0.0,3,0,1,1,0,0,0,0,0,0,1,1,25996.0
13.0,18.0,10.0,5.0,2.0,2.0,6,9.0,1,0,0,0,0,1,0,0,0,0,0,1,28640.0
7.0,9.0,9.0,5.0,4.0,1.0,8,0.0,12,1,1,1,1,0,1,0,1,1,0,1,187200.0
15.0,23.0,15.0,6.0,1.0,0.0,6,1.0,5,0,1,0,1,1,0,0,0,0,0,1,96666.0
2.0,4.0,8.0,5.0,8.0,1.0,10,10.0,3,0,0,0,1,0,1,0,0,0,0,1,130000.0
4.0,3.0,10.0,4.0,1.0,2.0,10,10.0,2,0,0,0,0,0,0,0,0,0,0,0,55000.0
4.0,5.0,10.0,5.0,4.0,0.0,6,1.0,5,0,0,0,1,1,1,0,0,1,0,1,59391.0
10.0,18.0,10.0,2.0,7.0,0.0,6,2.0,3,0,1,1,0,0,0,0,0,0,0,1,54777.0
17.0,21.0,17.0,6.0,5.0,0.0,0,1.0,4,0,1,1,0,0,0,0,0,0,0,1,170000.0
7.0,7.0,10.0,3.0,2.0,0.0,3,2.0,3,0,0,1,0,0,0,0,0,0,1,1,123517.0
30.0,41.0,30.0,5.0,5.0,0.0,10,6.0,5,0,1,1,1,0,1,0,0,0,0,1,225400.0
2.0,6.0,2.0,5.0,5.0,1.0,3,9.0,10,1,1,1,1,0,0,1,0,0,1,1,56925.0
7.0,10.0,7.0,5.0,3.0,1.0,6,1.0,6,0,1,1,1,0,0,0,0,0,0,1,12143.0
8.0,13.0,3.0,5.0,7.0,0.0,6,7.0,10,1,1,1,1,0,0,0,0,0,0,1,15457.0
7.0,10.0,7.0,3.0,7.0,2.0,3,9.0,8,0,1,0,1,1,1,1,0,0,0,0,45368.0
6.0,11.0,6.0,6.0,3.0,1.0,6,1.0,5,0,0,0,1,0,0,0,1,1,0,1,89087.0
13.0,17.0,10.0,6.0,7.0,0.0,8,1.0,6,0,1,0,1,0,1,0,0,0,0,1,86394.0
26.0,26.0,26.0,5.0,4.0,0.0,10,1.0,4,1,0,0,1,1,0,0,0,0,0,1,155000.0
27.0,31.0,30.0,3.0,7.0,1.0,10,7.0,9,0,1,1,0,1,0,0,0,0,0,1,190000.0
17.0,24.0,17.0,3.0,7.0,0.0,6,1.0,1,1,0,0,0,0,0,0,0,0,0,1,106416.0
2.0,7.0,10.0,3.0,2.0,2.0,5,7.0,7,0,1,0,1,1,0,0,1,0,0,1,37592.0
3.0,10.0,3.0,5.0,5.0,1.0,6,1.0,4,0,1,1,0,0,0,0,1,0,0,1,51555.0
25.0,29.0,25.0,3.0,5.0,1.0,10,9.0,10,1,1,0,0,0,1,1,0,1,1,1,190000.0
9.0,12.0,9.0,6.0,4.0,0.0,8,1.0,3,0,0,0,1,1,0,0,0,0,0,1,90000.0
15.0,23.0,18.0,5.0,3.0,1.0,6,0.0,4,0,1,0,1,0,0,0,1,0,0,1,64444.0
5.0,12.0,5.0,5.0,7.0,2.0,10,0.0,4,0,1,1,0,1,0,0,0,0,0,1,100000.0
40.0,44.0,42.0,5.0,2.0,1.0,6,0.0,11,0,0,0,1,0,1,1,0,0,0,0,70888.0
13.0,18.0,13.0,6.0,9.0,1.0,10,9.0,2,1,0,0,0,0,0,0,0,0,0,1,175000.0
14.0,21.0,10.0,6.0,2.0,0.0,3,0.0,5,0,1,1,0,1,0,0,0,0,1,1,88073.0
38.0,40.0,10.0,6.0,1.0,1.0,6,1.0,3,0,0,0,1,0,0,0,0,0,1,0,95463.0
29.0,34.0,10.0,5.0,1.0,0.0,10,9.0,14,1,1,0,0,1,1,1,0,1,0,0,72000.0
2.0,10.0,10.0,7.0,4.0,1.0,2,10.0,4,1,0,0,0,0,0,0,0,0,0,1,32222.0
5.0,30.0,27.0,6.0,4.0,1.0,2,5.0,15,1,1,1,1,1,0,1,1,1,0,1,66592.0
2.0,6.0,10.0,6.0,4.0,0.0,8,1.0,4,0,1,0,1,0,0,0,1,0,0,1,22216.0
9.0,10.0,10.0,5.0,8.0,0.0,4,0.0,1,0,0,1,0,0,0,0,0,0,0,1,35890.0
4.0,6.0,5.0,7.0,8.0,1.0,9,1.0,3,0,0,0,0,0,0,1,0,0,0,1,82802.0
10.0,16.0,10.0,4.0,7.0,1.0,5,10.0,4,1,0,0,1,0,1,0,0,0,0,1,69814.0
3.0,4.0,3.0,4.0,3.0,1.0,2,0.0,6,0,1,1,1,0,0,0,1,0,0,1,33296.0
8.0,13.0,8.0,5.0,8.0,1.0,6,0.0,9,0,1,1,1,1,0,1,0,0,0,1,32345.0
9.0,14.0,4.0,6.0,6.0,0.0,6,10.0,2,0,0,0,0,0,0,1,0,0,0,1,16111.0
2.0,10.0,10.0,5.0,4.0,1.0,6,8.0,3,0,0,0,0,0,0,0,0,0,0,1,48333.0
5.0,9.0,5.0,5.0,9.0,1.0,4,0.0,6,0,1,1,0,1,0,0,0,1,0,1,75370.0
9.0,13.0,9.0,1.0,4.0,1.0,6,0.0,3,1,1,0,0,0,0,0,1,0,0,1,10084.0
9.0,13.0,10.0,6.0,1.0,1.0,2,0.0,9,1,1,1,1,0,1,0,1,0,0,0,75184.0
1.0,6.0,1.0,5.0,2.0,1.0,10,5.0,6,1,1,0,1,1,0,0,0,0,0,1,120000.0
12.0,14.0,10.0,5.0,1.0,1.0,6,1.0,5,1,1,1,1,0,0,0,0,0,0,0,161905.0
8.0,16.0,16.0,5.0,2.0,1.0,6,10.0,10,0,1,1,1,0,0,1,1,0,0,1,67666.0
8.0,11.0,8.0,6.0,5.0,0.0,0,0.0,4,0,1,0,0,1,1,0,0,0,0,1,23311.0
10.0,14.0,10.0,7.0,4.0,2.0,3,10.0,7,1,1,1,0,0,0,0,0,0,0,1,64444.0
1.0,3.0,8.0,3.0,4.0,1.0,10,10.0,8,1,1,0,1,1,1,1,0,0,0,1,60000.0
3.0,6.0,10.0,6.0,7.0,1.0,2,1.0,9,1,1,1,1,1,0,0,0,0,0,0,29000.0
13.0,19.0,14.0,5.0,7.0,1.0,10,0.0,4,0,0,1,0,0,1,0,0,0,0,1,144000.0
9.0,12.0,10.0,5.0,4.0,0.0,9,0.0,5,0,1,1,1,0,1,0,0,0,0,1,89172.0
13.0,16.0,13.0,5.0,9.0,1.0,4,9.0,3,1,0,0,0,0,0,1,0,0,0,1,41872.0
8.0,14.0,8.0,5.0,4.0,1.0,9,7.0,7,0,1,0,1,0,1,0,0,0,0,1,63694.0
15.0,15.0,10.0,5.0,5.0,0.0,6,10.0,6,0,1,0,0,0,0,0,0,1,1,1,129381.0
20.0,31.0,10.0,3.0,1.0,1.0,6,1.0,10,1,0,0,1,0,1,0,0,1,1,0,80000.0
30.0,30.0,30.0,5.0,9.0,0.0,1,0.0,2,0,0,0,0,0,1,0,0,0,0,0,94501.0
3.0,6.0,6.0,5.0,2.0,0.0,6,0.0,6,1,1,0,0,0,1,0,0,0,0,1,49628.0
5.0,7.0,5.0,6.0,5.0,2.0,6,8.0,2,0,0,0,0,0,0,1,0,0,0,1,61768.0
6.0,6.0,5.0,3.0,3.0,1.0,5,7.0,0,0,0,0,0,0,0,0,0,0,0,1,40814.0
16.0,22.0,15.0,6.0,8.0,1.0,10,10.0,5,1,1,1,1,0,0,0,0,0,0,1,165000.0
3.0,14.0,3.0,5.0,5.0,0.0,6,4.0,5,1,0,0,1,0,1,1,1,0,0,1,46631.0
12.0,16.0,12.0,6.0,7.0,1.0,9,0.0,3,0,1,0,1,0,1,0,0,0,0,1,82802.0
30.0,40.0,30.0,6.0,7.0,1.0,6,0.0,3,0,0,0,1,0,0,0,1,0,0,1,30592.0
11.0,15.0,10.0,3.0,4.0,0.0,3,0.0,2,0,1,0,0,0,0,0,0,0,0,1,90221.0
8.0,10.0,8.0,5.0,5.0,1.0,1,0.0,5,0,1,1,1,0,0,0,0,0,0,1,79962.0
6.0,7.0,6.0,5.0,5.0,1.0,5,1.0,8,0,1,1,1,0,0,0,0,1,0,1,96666.0
3.0,9.0,3.0,5.0,6.0,0.0,10,1.0,10,1,1,1,1,1,0,0,0,1,0,1,200000.0
8.0,10.0,10.0,5.0,3.0,1.0,10,2.0,5,1,1,1,0,0,0,0,0,0,1,0,110000.0
3.0,8.0,3.0,5.0,8.0,1.0,6,0.0,14,1,1,0,1,1,1,1,0,0,1,1,79279.0
4.0,9.0,4.0,5.0,2.0,1.0,10,10.0,4,1,1,1,1,0,0,0,0,0,0,1,110000.0
8.0,12.0,8.0,5.0,4.0,2.0,10,0.0,6,1,1,0,1,0,1,0,0,0,0,1,87000.0
5.0,9.0,8.0,2.0,3.0,1.0,3,0.0,7,1,1,1,1,0,0,0,1,0,0,0,49407.0
13.0,15.0,13.0,5.0,6.0,0.0,6,0.0,7,0,1,1,1,1,1,0,0,0,0,1,53452.0
5.0,9.0,5.0,6.0,6.0,0.0,6,0.0,5,0,1,1,0,1,0,0,0,0,0,1,45111.0
3.0,7.0,10.0,5.0,4.0,2.0,10,10.0,8,1,0,0,0,1,0,1,0,0,0,1,87000.0
41.0,43.0,40.0,3.0,7.0,1.0,3,1.0,2,0,0,0,0,1,0,0,0,0,0,1,85925.0
5.0,9.0,10.0,6.0,3.0,0.0,8,7.0,9,1,1,0,1,1,0,1,1,0,0,1,66647.0
25.0,35.0,36.0,5.0,5.0,0.0,6,0.0,10,0,1,1,1,1,1,0,0,0,1,1,109554.0
2.0,9.0,4.0,5.0,5.0,1.0,10,10.0,4,1,0,0,1,0,1,0,0,0,0,1,70000.0
2.0,5.0,10.0,5.0,5.0,0.0,4,1.0,1,0,0,0,0,1,0,0,0,0,0,1,12933.0
20.0,25.0,10.0,4.0,5.0,0.0,10,1.0,6,1,1,0,1,0,0,0,1,0,0,1,125000.0
8.0,12.0,8.0,6.0,4.0,1.0,6,7.0,4,0,1,0,0,0,0,0,0,0,0,1,79894.0
9.0,12.0,10.0,5.0,4.0,0.0,1,1.0,3,1,1,0,0,0,0,0,0,0,0,1,146113.0
10.0,15.0,10.0,6.0,5.0,0.0,6,1.0,2,0,0,0,1,0,1,0,0,0,0,1,78000.0
6.0,8.0,6.0,6.0,4.0,1.0,2,0.0,6,0,1,1,1,0,0,0,0,1,0,1,44647.0
7.0,8.0,10.0,5.0,7.0,1.0,3,1.0,5,1,0,0,0,0,0,0,0,1,0,1,107406.0
10.0,14.0,10.0,5.0,4.0,0.0,4,1.0,1,1,0,0,0,0,0,0,0,0,0,1,57425.0
19.0,24.0,19.0,6.0,5.0,0.0,8,6.0,3,0,0,0,0,1,1,1,0,0,0,0,73700.0
19.0,22.0,10.0,5.0,8.0,1.0,10,5.0,8,1,1,0,1,1,0,0,0,0,0,1,160000.0
7.0,10.0,7.0,1.0,6.0,1.0,6,1.0,1,1,0,0,0,0,0,0,0,0,0,1,142477.0
7.0,10.0,12.0,5.0,6.0,1.0,6,0.0,13,1,1,1,1,1,1,1,1,0,0,1,12266.0
17.0,22.0,10.0,3.0,4.0,0.0,8,10.0,11,1,1,0,1,1,0,1,1,1,0,1,24000.0
3.0,6.0,10.0,5.0,6.0,1.0,8,8.0,4,1,1,1,0,0,0,0,0,0,0,1,24684.0
2.0,12.0,2.0,5.0,4.0,0.0,6,0.0,10,1,1,1,0,0,0,0,0,1,0,1,34645.0
7.0,10.0,7.0,7.0,5.0,1.0,6,1.0,9,1,0,0,1,1,0,0,0,0,0,1,53703.0
18.0,20.0,18.0,1.0,6.0,0.0,6,0.0,13,1,1,1,1,0,0,0,1,1,1,0,57230.0
2.0,3.0,2.0,6.0,2.0,1.0,9,0.0,7,1,1,0,1,0,0,0,1,0,0,1,38216.0
8.0,12.0,5.0,6.0,4.0,2.0,6,8.0,8,0,0,0,1,1,0,1,0,0,1,1,32285.0
8.0,12.0,12.0,6.0,7.0,1.0,6,0.0,8,1,1,0,1,1,1,0,1,0,0,1,22803.0
19.0,24.0,19.0,6.0,4.0,0.0,6,1.0,8,0,1,0,0,0,0,1,1,1,0,1,47059.0
6.0,12.0,6.0,4.0,5.0,1.0,6,1.0,1,0,0,0,0,0,1,0,0,0,0,1,53703.0
20.0,25.0,10.0,6.0,4.0,2.0,6,1.0,3,1,0,0,0,0,0,1,0,0,0,1,79279.0
0.0,4.0,1.0,1.0,5.0,1.0,6,10.0,3,0,1,1,0,0,0,0,0,0,0,1,14594.0
6.0,11.0,6.0,6.0,5.0,2.0,6,0.0,4,1,1,1,0,1,0,0,0,0,0,1,54835.0
5.0,14.0,5.0,6.0,6.0,1.0,6,0.0,3,0,1,0,0,0,0,0,0,0,0,1,16807.0
23.0,27.0,25.0,6.0,8.0,0.0,3,0.0,9,1,0,0,1,1,1,0,1,0,0,1,90221.0
4.0,5.0,9.0,6.0,4.0,0.0,8,1.0,1,0,0,0,0,1,0,0,0,0,0,1,54305.0
7.0,20.0,7.0,7.0,5.0,0.0,10,0.0,7,1,1,1,0,1,0,0,0,0,0,1,80000.0
13.0,20.0,13.0,5.0,4.0,0.0,6,1.0,2,1,0,0,0,0,0,0,1,0,0,1,56925.0
17.0,24.0,17.0,5.0,5.0,0.0,10,1.0,3,0,1,1,0,0,1,0,0,0,0,1,150000.0
40.0,45.0,44.0,6.0,9.0,1.0,10,4.0,5,1,1,0,1,0,1,0,0,0,0,1,200000.0
5.0,10.0,10.0,6.0,4.0,1.0,6,0.0,1,0,1,0,0,0,0,0,0,0,0,1,19876.0
10.0,10.0,10.0,6.0,4.0,2.0,6,0.0,11,0,1,1,0,1,1,0,0,1,1,1,76465.0
22.0,28.0,22.0,5.0,5.0,2.0,6,2.0,5,1,1,1,1,0,0,0,0,0,0,1,130558.0
9.0,15.0,9.0,5.0,5.0,0.0,9,0.0,4,0,0,1,0,0,0,0,0,1,0,1,98089.0
9.0,10.0,9.0,3.0,5.0,2.0,10,0.0,10,1,1,1,1,0,1,0,1,0,0,1,78000.0
3.0,8.0,10.0,5.0,7.0,1.0,10,9.0,7,1,0,0,0,1,0,1,0,0,1,1,120000.0
1.0,4.0,1.0,5.0,6.0,1.0,1,10.0,6,1,1,0,1,0,0,0,0,1,0,1,107440.0
4.0,10.0,4.0,4.0,4.0,2.0,10,0.0,5,1,1,1,0,0,0,0,1,0,0,0,30000.0
9.0,14.0,9.0,5.0,7.0,2.0,4,7.0,1,0,0,0,0,0,0,0,0,0,0,1,57461.0
2.0,10.0,2.0,6.0,5.0,1.0,3,4.0,2,1,0,0,1,0,0,0,0,0,0,1,75184.0
8.0,21.0,10.0,6.0,1.0,1.0,6,10.0,12,1,1,0,1,1,1,1,1,1,0,0,26852.0
7.0,10.0,7.0,5.0,5.0,1.0,10,0.0,6,0,1,1,0,1,1,0,1,0,0,1,140000.0
3.0,9.0,10.0,3.0,7.0,1.0,1,0.0,7,1,1,1,1,0,0,0,1,0,0,1,50885.0
0.0,5.0,5.0,2.0,4.0,2.0,6,0.0,5,0,1,0,1,0,1,0,1,0,0,1,72421.0
12.0,18.0,10.0,6.0,5.0,0.0,6,0.0,4,0,0,0,1,1,0,0,0,0,0,1,33445.0
12.0,17.0,12.0,5.0,2.0,2.0,6,10.0,4,0,1,0,1,0,0,0,1,0,0,1,38814.0
0.0,14.0,10.0,5.0,4.0,2.0,6,0.0,7,1,1,1,0,0,0,0,0,0,0,1,49671.0
3.0,6.0,10.0,5.0,4.0,0.0,6,0.0,3,0,1,0,1,1,0,0,0,0,0,1,26554.0
14.0,18.0,18.0,1.0,2.0,1.0,6,0.0,7,0,0,1,1,1,0,0,1,1,0,1,178267.0
11.0,36.0,10.0,2.0,5.0,0.0,3,0.0,4,0,1,1,0,1,0,0,0,0,0,1,51555.0
12.0,12.0,10.0,5.0,1.0,0.0,10,0.0,5,1,1,0,1,0,0,0,1,0,0,0,160000.0
3.0,7.0,3.0,5.0,5.0,1.0,10,0.0,6,1,1,1,0,0,0,0,0,0,0,1,160000.0
8.0,18.0,8.0,5.0,7.0,1.0,5,9.0,5,0,1,0,0,0,0,1,0,0,1,1,64444.0
7.0,11.0,10.0,5.0,4.0,1.0,6,10.0,1,0,0,0,0,0,0,0,0,0,0,1,76745.0
22.0,22.0,10.0,5.0,1.0,0.0,10,2.0,17,1,1,1,1,1,0,0,1,1,1,0,175000.0
8.0,12.0,9.0,6.0,7.0,1.0,2,0.0,9,1,1,1,1,1,0,0,0,0,0,1,54777.0
3.0,6.0,3.0,5.0,4.0,0.0,6,1.0,5,1,1,1,0,0,0,0,0,0,1,1,33613.0
3.0,6.0,10.0,5.0,7.0,1.0,6,5.0,3,1,1,1,0,0,0,0,0,0,0,1,32222.0
6.0,15.0,10.0,5.0,2.0,0.0,10,10.0,9,1,1,1,0,0,0,1,0,1,0,1,120000.0
6.0,9.0,6.0,5.0,4.0,0.0,6,1.0,10,1,1,0,0,1,0,0,1,0,0,1,32222.0
4.0,6.0,10.0,5.0,5.0,1.0,6,0.0,4,0,1,1,1,0,1,0,0,0,0,0,18519.0
3.0,5.0,4.0,3.0,7.0,0.0,10,0.0,6,1,1,0,1,1,0,0,0,0,1,1,110000.0
17.0,25.0,17.0,5.0,5.0,0.0,10,0.0,8,0,1,1,1,0,1,0,1,1,0,1,108000.0
11.0,16.0,10.0,5.0,2.0,0.0,6,10.0,8,1,1,1,1,0,0,1,0,1,0,1,60000.0
20.0,22.0,10.0,2.0,5.0,1.0,3,10.0,6,0,1,0,1,0,0,0,1,0,0,1,53703.0
3.0,11.0,3.0,3.0,5.0,1.0,6,10.0,8,1,1,0,1,1,0,1,0,0,0,0,17817.0
13.0,14.0,13.0,6.0,7.0,2.0,6,1.0,2,0,0,0,0,1,0,0,0,0,0,1,108587.0
18.0,35.0,18.0,5.0,4.0,1.0,6,1.0,5,0,0,0,1,0,1,0,0,0,0,1,61436.0
3.0,8.0,10.0,6.0,7.0,2.0,10,9.0,5,1,0,0,1,0,0,1,0,0,1,1,103000.0
2.0,6.0,4.0,5.0,4.0,1.0,7,2.0,2,0,1,1,0,0,0,0,0,0,0,1,26852.0
38.0,38.0,10.0,5.0,4.0,0.0,10,1.0,0,0,0,0,0,0,0,0,0,0,0,1,112000.0
12.0,15.0,10.0,6.0,1.0,1.0,2,7.0,3,0,0,0,0,0,0,0,0,0,0,0,75184.0
6.0,12.0,6.0,5.0,5.0,0.0,10,0.0,4,0,1,1,1,0,0,0,0,0,0,1,158000.0
23.0,30.0,26.0,5.0,2.0,1.0,6,0.0,3,0,1,0,0,0,0,0,1,0,0,1,84232.0
5.0,25.0,5.0,3.0,7.0,0.0,2,0.0,5,1,0,0,0,0,0,0,0,1,0,1,60147.0
7.0,17.0,7.0,6.0,4.0,0.0,6,1.0,3,1,0,0,0,0,0,0,0,0,1,0,38852.0
19.0,25.0,10.0,6.0,7.0,0.0,7,10.0,1,1,0,0,0,0,0,0,0,0,0,1,75184.0
7.0,12.0,7.0,7.0,5.0,1.0,7,1.0,7,0,1,1,0,1,0,0,0,0,0,1,45000.0
15.0,17.0,15.0,5.0,8.0,0.0,10,0.0,8,0,0,0,1,0,0,0,0,0,0,1,400000.0
13.0,17.0,13.0,5.0,5.0,0.0,3,8.0,1,0,0,0,0,0,1,0,0,0,0,1,107406.0
3.0,6.0,10.0,2.0,4.0,1.0,3,0.0,5,0,1,0,1,0,0,0,1,0,0,1,35444.0
5.0,9.0,10.0,5.0,3.0,2.0,6,0.0,6,1,1,1,1,0,0,0,0,0,0,1,115874.0
18.0,28.0,18.0,5.0,4.0,0.0,6,1.0,3,0,0,0,1,0,0,0,0,1,0,1,75184.0
4.0,6.0,4.0,3.0,5.0,0.0,6,0.0,7,1,1,1,0,0,1,0,0,0,1,0,66592.0
1.0,5.0,1.0,6.0,3.0,1.0,7,0.0,9,0,1,0,1,1,1,0,1,0,0,1,29000.0
25.0,43.0,30.0,3.0,4.0,1.0,9,0.0,4,0,1,0,1,1,0,0,0,0,0,1,76433.0
15.0,20.0,10.0,3.0,4.0,1.0,6,0.0,10,0,1,1,1,1,0,0,1,0,0,1,45875.0
8.0,9.0,8.0,4.0,6.0,0.0,0,1.0,2,0,0,0,1,0,0,0,0,0,0,1,91379.0
11.0,15.0,15.0,6.0,2.0,1.0,6,0.0,3,1,1,0,0,0,0,0,0,0,0,0,35551.0
2.0,8.0,2.0,2.0,4.0,1.0,6,7.0,7,0,1,1,1,1,0,1,0,0,0,1,21481.0
12.0,20.0,12.0,5.0,5.0,2.0,6,0.0,5,0,1,0,1,0,0,0,0,0,0,1,75315.0
17.0,20.0,10.0,5.0,5.0,1.0,6,1.0,4,0,1,0,1,1,0,0,0,0,0,1,79201.0
3.0,7.0,10.0,5.0,7.0,0.0,6,0.0,4,1,1,1,1,0,0,0,0,0,0,1,79279.0
6.0,11.0,6.0,5.0,5.0,1.0,6,1.0,7,1,1,1,1,0,0,0,1,0,0,1,14720.0
3.0,6.0,3.0,5.0,5.0,2.0,6,1.0,4,1,0,0,0,0,1,1,0,0,0,1,40061.0
4.0,10.0,4.0,6.0,7.0,1.0,6,4.0,15,1,1,0,1,1,1,0,1,0,0,1,53703.0
7.0,8.0,7.0,3.0,5.0,1.0,6,0.0,5,1,1,1,0,0,1,0,0,0,0,1,42962.0
1.0,4.0,1.0,5.0,2.0,1.0,10,0.0,10,1,1,1,1,0,1,0,0,1,0,1,90000.0
5.0,14.0,5.0,7.0,4.0,0.0,6,3.0,6,1,1,0,1,0,0,0,0,0,1,1,111851.0
22.0,25.0,25.0,6.0,9.0,1.0,10,10.0,5,1,1,0,1,0,1,0,0,0,1,1,100000.0
20.0,25.0,20.0,5.0,4.0,0.0,6,0.0,5,0,1,1,1,1,0,0,0,0,0,0,125986.0
7.0,9.0,7.0,2.0,7.0,1.0,9,1.0,7,0,1,1,1,0,0,0,0,0,0,1,85350.0
17.0,17.0,17.0,6.0,4.0,0.0,10,10.0,10,1,1,1,1,1,0,0,1,0,0,1,200000.0
6.0,6.0,10.0,5.0,3.0,0.0,10,4.0,3,1,0,0,1,0,0,0,0,0,0,1,170000.0
38.0,38.0,10.0,2.0,1.0,0.0,9,0.0,9,1,1,0,1,0,1,0,1,0,0,0,128887.0
20.0,30.0,27.0,5.0,7.0,2.0,6,10.0,7,1,1,0,1,0,1,0,1,0,0,1,112312.0
14.0,24.0,10.0,6.0,4.0,1.0,5,1.0,1,0,0,0,0,1,0,0,0,0,0,0,107406.0
31.0,33.0,30.0,4.0,5.0,1.0,10,8.0,6,1,1,1,1,1,1,0,0,0,0,1,150000.0
6.0,11.0,6.0,6.0,5.0,1.0,2,8.0,4,1,0,0,1,0,0,1,0,0,0,1,48333.0
0.0,2.0,10.0,5.0,4.0,1.0,10,0.0,6,1,1,1,1,0,0,0,0,0,0,1,120000.0
4.0,4.0,4.0,5.0,8.0,1.0,3,10.0,10,1,1,1,1,1,1,0,0,0,0,0,26852.0
12.0,16.0,10.0,3.0,2.0,1.0,6,0.0,5,0,1,1,0,0,0,0,0,0,0,1,53703.0
10.0,6.0,9.0,7.0,8.0,0.0,10,10.0,6,1,1,1,0,0,0,0,1,0,0,1,120000.0
14.0,19.0,10.0,6.0,1.0,0.0,4,7.0,8,1,1,0,1,0,0,0,0,0,0,0,29909.0
8.0,8.0,8.0,5.0,2.0,0.0,10,0.0,5,1,1,1,1,0,0,0,0,0,0,1,110000.0
9.0,13.0,9.0,3.0,6.0,0.0,6,2.0,2,0,0,1,0,0,0,0,0,0,0,1,39740.0
8.0,10.0,10.0,3.0,3.0,0.0,7,0.0,6,1,1,1,1,0,0,0,0,0,0,1,64444.0
4.0,8.0,4.0,5.0,6.0,2.0,6,0.0,6,1,1,1,1,0,0,0,1,0,0,1,64544.0
6.0,11.0,6.0,5.0,7.0,1.0,5,1.0,1,0,0,0,0,1,0,0,0,0,0,0,40389.0
9.0,10.0,10.0,5.0,4.0,0.0,10,0.0,2,0,1,0,0,1,0,0,0,0,0,1,180000.0
3.0,7.0,10.0,6.0,4.0,1.0,3,10.0,9,1,0,0,0,1,1,0,0,0,0,0,26852.0
2.0,8.0,2.0,6.0,5.0,1.0,5,1.0,2,0,0,0,0,0,0,0,0,0,1,1,53703.0
23.0,26.0,24.0,2.0,3.0,0.0,6,1.0,2,0,0,0,1,0,1,0,0,0,0,1,134258.0
9.0,19.0,9.0,6.0,5.0,0.0,6,8.0,2,1,0,0,0,0,1,0,0,0,0,1,31483.0
20.0,20.0,20.0,2.0,4.0,0.0,6,0.0,6,0,1,0,1,0,1,0,1,0,0,1,45111.0
8.0,15.0,10.0,5.0,4.0,1.0,3,9.0,12,1,1,0,1,0,1,1,1,0,1,1,71962.0
28.0,40.0,28.0,7.0,9.0,1.0,1,10.0,4,0,0,0,0,0,0,1,0,0,1,1,159924.0
1.0,3.0,3.0,6.0,2.0,1.0,10,10.0,13,1,0,1,0,0,1,1,0,0,1,1,150000.0
28.0,34.0,34.0,5.0,6.0,0.0,0,0.0,5,0,1,1,1,1,0,0,0,0,0,1,20887.0
2.0,8.0,10.0,6.0,7.0,1.0,2,4.0,4,1,0,0,1,1,0,0,0,0,0,1,55851.0
4.0,6.0,6.0,5.0,2.0,1.0,0,0.0,5,0,1,1,0,0,1,0,0,0,0,1,16597.0
14.0,20.0,10.0,4.0,1.0,0.0,10,0.0,5,0,1,0,1,1,0,0,1,0,0,0,36000.0
16.0,20.0,10.0,5.0,5.0,0.0,10,0.0,4,0,1,0,0,1,0,0,0,0,0,1,150000.0
13.0,13.0,10.0,5.0,8.0,2.0,6,0.0,12,1,1,1,1,1,1,0,1,0,0,1,26993.0
30.0,40.0,10.0,6.0,4.0,2.0,6,0.0,1,0,0,0,1,0,0,0,0,0,0,1,29000.0
3.0,10.0,10.0,5.0,5.0,2.0,10,0.0,10,1,1,1,0,1,0,0,0,0,1,1,250000.0
1.0,4.0,3.0,2.0,4.0,1.0,3,0.0,4,0,1,0,0,0,0,0,1,0,0,1,38666.0
12.0,15.0,12.0,6.0,4.0,0.0,8,1.0,8,0,1,0,1,1,0,1,1,1,0,1,37026.0
6.0,18.0,10.0,7.0,4.0,0.0,6,0.0,7,0,1,1,1,0,0,0,1,1,0,1,22409.0
14.0,17.0,15.0,6.0,9.0,1.0,0,1.0,6,0,1,0,1,0,1,0,0,1,0,1,65271.0
16.0,20.0,10.0,5.0,6.0,1.0,10,0.0,6,0,1,0,1,0,1,0,0,1,0,1,120000.0
4.0,6.0,4.0,5.0,2.0,1.0,4,2.0,10,1,1,1,1,1,1,0,1,0,0,1,17945.0
10.0,12.0,11.0,5.0,9.0,0.0,10,1.0,8,1,1,0,1,1,0,1,0,0,0,1,140000.0
4.0,4.0,10.0,5.0,1.0,0.0,10,10.0,6,1,1,1,1,0,0,0,0,1,0,0,60000.0
0.0,7.0,10.0,3.0,9.0,2.0,10,10.0,7,1,1,0,1,1,0,0,0,0,0,1,70000.0
0.0,28.0,10.0,7.0,3.0,1.0,10,10.0,7,1,1,1,1,0,0,0,0,0,0,1,165000.0
25.0,35.0,35.0,2.0,2.0,2.0,6,0.0,12,1,1,1,1,1,1,0,0,1,0,0,76307.0
48.0,50.0,10.0,6.0,2.0,0.0,10,1.0,8,0,1,1,1,0,1,0,0,0,0,1,120000.0
5.0,7.0,10.0,5.0,6.0,0.0,5,1.0,2,1,0,0,1,0,0,0,0,0,0,1,67021.0
3.0,6.0,6.0,7.0,5.0,0.0,6,8.0,6,0,0,0,1,0,1,1,0,0,0,1,16173.0
4.0,10.0,5.0,5.0,5.0,1.0,6,7.0,1,0,0,0,0,0,0,0,0,0,0,1,10515.0
2.0,4.0,2.0,5.0,4.0,2.0,10,8.0,5,0,1,0,1,0,1,0,0,0,0,1,110000.0
2.0,3.0,10.0,5.0,4.0,0.0,6,0.0,4,0,1,1,1,0,0,0,0,0,0,1,35341.0
7.0,20.0,8.0,6.0,4.0,0.0,3,1.0,3,1,0,0,1,0,0,0,0,0,0,0,76258.0
23.0,30.0,24.0,7.0,9.0,0.0,10,10.0,11,1,1,0,1,1,1,1,0,0,0,1,240000.0
9.0,11.0,10.0,5.0,4.0,0.0,0,0.0,4,0,1,0,1,0,0,0,1,0,0,1,29092.0
6.0,12.0,6.0,6.0,5.0,1.0,2,0.0,5,0,1,1,1,0,0,0,0,0,0,1,57999.0
3.0,6.0,3.0,3.0,4.0,1.0,3,0.0,6,0,0,0,0,1,1,0,1,0,0,1,13791.0
16.0,28.0,18.0,4.0,4.0,0.0,10,2.0,4,0,1,1,0,0,0,0,0,0,0,1,180000.0
28.0,32.0,28.0,6.0,8.0,2.0,10,9.0,8,1,1,0,1,1,1,1,0,1,0,1,165000.0
8.0,10.0,8.0,5.0,5.0,1.0,6,10.0,3,1,0,0,0,0,1,0,0,0,0,1,46185.0
8.0,14.0,14.0,5.0,9.0,1.0,10,5.0,7,1,1,0,1,1,0,0,0,0,0,1,160000.0
10.0,12.0,10.0,5.0,1.0,0.0,10,7.0,1,0,0,0,0,0,0,0,0,0,0,1,155250.0
2.0,6.0,2.0,5.0,3.0,1.0,6,1.0,3,0,0,1,0,0,0,0,0,1,0,1,45111.0
4.0,9.0,10.0,6.0,6.0,1.0,6,1.0,5,1,0,1,0,0,1,0,0,0,0,1,52092.0
20.0,30.0,35.0,3.0,4.0,0.0,6,10.0,5,0,1,0,1,0,0,0,1,0,0,1,82582.0
8.0,11.0,8.0,5.0,5.0,0.0,9,2.0,3,0,1,1,0,0,0,0,0,0,0,1,68789.0
15.0,19.0,15.0,7.0,7.0,1.0,3,5.0,3,1,0,0,0,0,0,0,0,1,0,1,85925.0
9.0,10.0,10.0,6.0,4.0,1.0,6,0.0,1,0,0,0,0,0,0,0,0,0,0,1,33081.0
2.0,3.0,10.0,3.0,2.0,0.0,8,1.0,1,0,0,0,0,1,0,0,0,0,0,1,26000.0
24.0,42.0,24.0,5.0,2.0,1.0,5,9.0,4,0,0,0,1,0,0,0,0,0,0,1,64444.0
3.0,7.0,3.0,3.0,5.0,2.0,3,0.0,9,1,1,0,1,1,0,1,1,0,0,0,12889.0
3.0,10.0,10.0,5.0,9.0,1.0,3,1.0,5,1,0,0,1,1,0,0,0,0,0,1,132110.0
18.0,23.0,18.0,5.0,2.0,0.0,10,0.0,7,0,1,1,1,0,1,0,1,1,0,0,200000.0
2.0,15.0,2.0,6.0,9.0,1.0,6,8.0,6,1,0,0,1,0,1,0,0,0,0,1,57999.0
9.0,10.0,10.0,6.0,4.0,0.0,8,2.0,3,0,1,1,0,0,0,0,0,0,0,1,76800.0
14.0,17.0,14.0,6.0,4.0,0.0,9,1.0,2,0,0,0,0,0,1,0,0,0,0,1,85350.0
7.0,8.0,7.0,3.0,2.0,2.0,10,2.0,7,0,0,1,1,0,1,0,0,0,0,1,65000.0
12.0,14.0,10.0,5.0,7.0,0.0,6,2.0,4,0,1,1,0,0,0,0,0,0,0,1,89147.0
17.0,21.0,17.0,5.0,4.0,0.0,6,0.0,4,0,0,1,0,0,1,0,0,0,0,1,90905.0
16.0,20.0,16.0,6.0,6.0,0.0,2,0.0,6,0,1,1,1,0,0,0,0,0,0,1,80555.0
11.0,13.0,10.0,5.0,1.0,0.0,10,0.0,15,0,1,1,1,0,1,0,0,1,1,0,150000.0
3.0,10.0,3.0,3.0,4.0,0.0,3,0.0,5,1,0,1,0,1,0,0,0,0,0,1,45111.0
6.0,10.0,10.0,6.0,7.0,2.0,8,8.0,4,0,1,0,1,0,0,1,0,0,0,1,48000.0
9.0,12.0,10.0,5.0,4.0,1.0,6,0.0,8,1,1,1,1,1,1,0,0,0,0,1,42962.0
7.0,15.0,8.0,7.0,3.0,1.0,6,10.0,2,1,0,0,1,0,0,0,0,0,0,1,75184.0
4.0,25.0,10.0,3.0,3.0,0.0,9,2.0,9,1,1,1,1,0,1,1,1,0,1,1,38216.0
3.0,6.0,3.0,5.0,2.0,1.0,3,9.0,7,1,0,0,0,0,0,1,0,0,1,1,63370.0
7.0,11.0,7.0,5.0,9.0,1.0,10,0.0,6,1,1,1,0,1,0,0,0,0,0,1,145000.0
17.0,20.0,10.0,5.0,7.0,1.0,4,9.0,3,0,1,0,0,0,0,1,0,0,0,1,39479.0
5.0,10.0,10.0,5.0,5.0,2.0,6,2.0,2,0,1,1,0,0,0,0,0,0,0,1,53328.0
18.0,19.0,18.0,3.0,7.0,1.0,10,0.0,9,1,1,1,1,1,0,0,0,0,0,1,170000.0
0.0,8.0,10.0,3.0,4.0,2.0,1,3.0,11,1,1,0,0,1,1,1,0,0,1,1,17446.0
17.0,23.0,10.0,6.0,2.0,1.0,6,0.0,8,0,1,1,1,0,1,0,0,1,0,1,133538.0
3.0,3.0,3.0,5.0,9.0,1.0,10,1.0,5,1,0,0,1,1,0,0,0,0,0,1,167000.0
5.0,10.0,5.0,6.0,8.0,2.0,10,1.0,2,1,0,0,0,1,0,0,0,0,0,1,163000.0
3.0,6.0,4.0,2.0,2.0,0.0,6,1.0,6,1,1,0,1,0,0,0,1,0,0,1,19797.0
5.0,9.0,4.0,5.0,4.0,1.0,1,0.0,12,1,1,1,1,1,1,1,1,0,1,1,50885.0
21.0,22.0,10.0,7.0,2.0,1.0,2,2.0,6,0,1,1,1,0,0,0,1,0,0,1,69814.0
20.0,20.0,10.0,3.0,4.0,1.0,10,0.0,10,1,1,1,1,0,0,1,0,1,1,1,200000.0
25.0,26.0,10.0,5.0,3.0,2.0,4,6.0,2,0,0,0,1,0,1,0,0,0,0,1,41872.0
4.0,6.0,10.0,5.0,5.0,1.0,10,10.0,6,1,1,0,1,0,0,0,0,0,0,1,110000.0
27.0,33.0,10.0,6.0,1.0,0.0,6,1.0,2,0,0,0,0,1,0,0,0,0,0,0,40814.0
11.0,27.0,10.0,6.0,4.0,2.0,3,0.0,9,0,1,1,1,1,0,0,1,0,0,1,96666.0
28.0,28.0,28.0,3.0,4.0,2.0,10,10.0,4,1,0,0,1,0,1,0,0,0,0,1,118106.0
17.0,22.0,17.0,6.0,7.0,0.0,9,0.0,4,0,1,1,1,0,1,0,0,0,0,1,76242.0
5.0,10.0,5.0,3.0,2.0,0.0,6,1.0,6,1,1,1,1,0,0,0,0,1,0,0,52000.0
17.0,20.0,10.0,6.0,7.0,1.0,3,10.0,14,1,1,0,1,1,1,1,1,1,0,1,64444.0
12.0,14.0,12.0,6.0,5.0,1.0,6,5.0,9,1,0,0,1,1,0,0,1,0,0,1,80555.0
8.0,13.0,10.0,6.0,7.0,0.0,10,7.0,3,0,0,0,0,0,0,0,0,0,1,1,205000.0
5.0,10.0,5.0,3.0,4.0,0.0,6,10.0,4,0,1,1,0,0,1,1,0,0,0,0,48333.0
4.0,8.0,4.0,6.0,5.0,0.0,6,2.0,4,0,1,1,0,0,0,0,0,0,0,1,26891.0
2.0,5.0,3.0,5.0,4.0,1.0,7,1.0,10,1,1,1,1,0,0,1,0,1,0,1,23092.0
5.0,6.0,5.0,5.0,7.0,0.0,6,0.0,4,0,1,1,1,0,1,0,0,0,0,0,50000.0
20.0,22.0,10.0,7.0,7.0,1.0,2,10.0,1,1,0,0,0,0,0,0,0,0,0,1,53703.0
4.0,9.0,10.0,6.0,6.0,0.0,10,1.0,6,1,1,0,0,1,0,0,0,1,1,1,140000.0
6.0,9.0,6.0,3.0,9.0,2.0,3,0.0,8,0,1,1,1,1,1,1,0,0,0,0,17185.0
19.0,19.0,19.0,2.0,3.0,1.0,6,5.0,9,1,1,1,1,0,0,0,0,0,1,1,90000.0
5.0,7.0,6.0,5.0,7.0,0.0,6,0.0,4,0,1,1,1,0,0,0,0,0,0,1,52463.0
14.0,14.0,10.0,2.0,2.0,0.0,3,0.0,3,0,1,1,0,0,0,0,0,0,0,0,53703.0
5.0,10.0,5.0,7.0,5.0,1.0,3,10.0,4,1,0,0,0,0,0,1,1,0,0,1,76867.0
4.0,10.0,10.0,2.0,1.0,0.0,6,0.0,7,1,1,1,0,0,1,1,0,0,0,0,154665.0
3.0,10.0,10.0,6.0,6.0,2.0,7,3.0,4,1,0,0,0,0,0,1,0,0,0,1,19333.0
5.0,8.0,5.0,2.0,7.0,1.0,3,0.0,6,1,1,1,0,0,0,1,1,0,0,1,49407.0
4.0,8.0,10.0,5.0,2.0,2.0,5,0.0,6,0,1,0,1,0,1,1,0,0,0,1,17185.0
45.0,50.0,10.0,7.0,1.0,2.0,6,10.0,12,1,1,0,0,1,0,1,1,0,0,0,93244.0
8.0,12.0,10.0,5.0,4.0,0.0,3,10.0,2,0,0,0,0,0,0,0,0,1,1,1,135332.0
15.0,25.0,15.0,6.0,3.0,2.0,6,0.0,8,1,1,0,1,1,1,0,0,0,0,1,178267.0
8.0,10.0,4.0,5.0,7.0,0.0,6,10.0,3,0,0,0,0,0,0,0,0,0,1,1,55851.0
7.0,13.0,7.0,6.0,4.0,1.0,2,10.0,2,0,0,0,0,0,1,1,0,0,0,1,59073.0
10.0,15.0,10.0,6.0,6.0,2.0,6,8.0,3,0,0,0,0,0,1,1,0,0,0,1,128129.0
9.0,11.0,10.0,6.0,7.0,0.0,8,7.0,4,0,0,0,0,1,0,0,0,0,0,1,69905.0
19.0,24.0,19.0,4.0,3.0,1.0,6,0.0,6,0,1,0,1,0,0,0,1,0,0,1,104732.0
8.0,8.0,8.0,6.0,5.0,0.0,3,0.0,3,0,1,1,0,1,0,0,0,0,0,1,71962.0
4.0,10.0,10.0,5.0,6.0,1.0,3,3.0,4,1,0,0,0,0,0,1,0,0,1,0,12889.0
12.0,20.0,10.0,7.0,1.0,0.0,1,0.0,3,1,1,0,1,0,0,0,0,0,0,0,50885.0
15.0,18.0,15.0,5.0,3.0,0.0,8,2.0,4,1,1,0,0,0,0,0,1,0,0,1,10367.0
15.0,20.0,20.0,3.0,7.0,1.0,3,10.0,5,1,1,0,1,0,0,0,1,0,0,1,96666.0
19.0,20.0,19.0,5.0,7.0,1.0,6,0.0,2,0,0,0,1,1,0,0,0,0,0,0,132132.0
27.0,25.0,27.0,6.0,4.0,2.0,6,0.0,8,0,1,1,1,0,0,0,0,1,0,1,111417.0
10.0,15.0,10.0,3.0,5.0,0.0,10,1.0,6,1,1,0,1,0,1,0,0,0,1,1,150000.0
7.0,10.0,10.0,6.0,6.0,1.0,6,1.0,6,0,1,1,1,0,1,0,0,0,0,1,90221.0
17.0,24.0,17.0,5.0,8.0,1.0,6,2.0,4,0,1,1,0,0,0,0,0,0,0,1,39740.0
1.0,3.0,10.0,5.0,5.0,1.0,6,2.0,5,0,1,1,1,1,0,0,0,0,0,1,36654.0
27.0,30.0,32.0,6.0,2.0,1.0,6,10.0,8,0,1,1,1,1,0,0,0,0,0,1,120000.0
15.0,20.0,10.0,5.0,5.0,0.0,10,0.0,7,1,1,0,1,0,1,1,0,0,0,1,116844.0
5.0,12.0,6.0,6.0,9.0,1.0,6,0.0,2,0,0,1,0,1,0,0,0,0,0,1,161109.0
28.0,28.0,10.0,5.0,9.0,0.0,9,10.0,8,0,1,1,1,0,1,0,0,0,0,1,140127.0
20.0,30.0,20.0,6.0,3.0,0.0,10,10.0,5,1,1,0,1,0,0,0,0,0,0,1,225000.0
4.0,7.0,10.0,3.0,2.0,1.0,3,10.0,2,1,0,0,0,0,1,0,0,0,0,0,10741.0
6.0,8.0,6.0,6.0,5.0,1.0,6,9.0,1,1,0,0,0,0,0,0,0,0,0,1,35635.0
5.0,12.0,10.0,5.0,7.0,1.0,3,9.0,5,0,0,0,0,0,0,0,0,0,1,0,42962.0
0.0,10.0,10.0,2.0,4.0,2.0,3,10.0,4,1,0,0,0,1,0,0,0,0,0,0,20407.0
7.0,14.0,7.0,5.0,2.0,1.0,3,0.0,8,0,1,1,0,1,0,0,0,0,1,1,38666.0
17.0,24.0,18.0,5.0,4.0,0.0,10,0.0,6,1,0,1,0,0,0,0,0,1,0,1,230000.0
13.0,20.0,10.0,5.0,4.0,0.0,10,1.0,2,0,0,0,0,1,0,0,0,0,0,1,165000.0
11.0,16.0,11.0,6.0,9.0,1.0,10,0.0,3,1,0,1,0,0,0,1,0,0,0,1,330000.0
16.0,20.0,15.0,6.0,4.0,0.0,6,1.0,6,0,1,0,1,0,1,0,0,0,0,1,104184.0
2.0,6.0,10.0,5.0,9.0,1.0,4,0.0,18,1,1,1,1,1,0,1,1,1,1,1,71781.0
7.0,15.0,10.0,5.0,7.0,1.0,6,1.0,5,0,0,1,1,0,1,0,0,1,0,1,37061.0
25.0,41.0,25.0,6.0,5.0,1.0,3,10.0,2,1,0,0,0,0,0,0,0,0,0,0,69814.0
1.0,7.0,1.0,5.0,9.0,1.0,9,0.0,7,1,0,1,0,1,0,0,0,0,1,1,82802.0
4.0,9.0,10.0,6.0,4.0,1.0,8,9.0,3,0,0,0,1,0,0,0,0,1,0,1,44061.0
17.0,22.0,17.0,5.0,5.0,1.0,9,0.0,6,0,0,0,1,0,1,0,0,0,0,1,91719.0
7.0,10.0,10.0,6.0,5.0,1.0,2,4.0,4,1,1,0,1,0,0,0,0,0,0,1,69814.0
42.0,46.0,10.0,5.0,5.0,1.0,10,0.0,6,0,1,1,1,0,1,0,0,0,0,1,104000.0
10.0,15.0,10.0,5.0,3.0,0.0,3,0.0,8,0,1,0,1,0,0,0,1,0,1,0,75184.0
11.0,15.0,12.0,5.0,4.0,1.0,6,0.0,3,0,1,1,0,0,0,0,0,0,0,1,98331.0
5.0,6.0,10.0,5.0,4.0,1.0,1,0.0,7,1,1,1,1,0,0,0,0,0,0,1,69058.0
16.0,22.0,16.0,5.0,9.0,0.0,10,1.0,3,0,0,0,1,0,1,0,0,0,0,1,179000.0
10.0,25.0,25.0,5.0,4.0,0.0,10,0.0,7,1,1,0,1,0,0,0,1,0,0,1,98000.0
0.0,2.0,1.0,5.0,6.0,0.0,4,0.0,5,0,1,1,1,0,0,1,0,0,0,1,81679.0
14.0,19.0,14.0,3.0,5.0,0.0,10,0.0,7,0,1,1,0,0,0,0,0,0,0,1,210000.0
12.0,16.0,12.0,5.0,5.0,0.0,10,10.0,14,1,1,1,0,1,0,1,1,1,1,1,300000.0
17.0,20.0,17.0,5.0,7.0,2.0,6,3.0,3,1,0,0,1,0,0,0,0,0,0,1,77284.0
2.0,8.0,10.0,6.0,3.0,2.0,3,10.0,3,1,0,0,0,0,0,0,0,0,0,1,38666.0
25.0,34.0,10.0,6.0,2.0,2.0,6,1.0,7,1,1,0,1,0,0,0,0,0,0,1,34370.0
2.0,6.0,10.0,7.0,9.0,1.0,9,4.0,3,1,0,0,1,0,0,0,0,0,0,1,76433.0
16.0,19.0,24.0,5.0,7.0,0.0,6,0.0,5,0,1,0,1,0,0,0,1,0,0,1,99099.0
2.0,4.0,10.0,7.0,8.0,2.0,0,10.0,4,1,1,0,0,0,0,0,0,0,0,1,14919.0
5.0,6.0,5.0,3.0,8.0,0.0,6,0.0,4,1,1,1,0,0,0,0,0,0,1,1,68727.0
7.0,7.0,10.0,5.0,8.0,1.0,10,10.0,9,1,1,1,1,0,0,0,0,0,1,1,124000.0
2.0,6.0,3.0,6.0,4.0,1.0,5,10.0,2,1,0,0,0,0,0,0,0,0,0,1,40492.0
10.0,12.0,3.0,6.0,6.0,1.0,6,4.0,4,1,0,0,1,0,0,0,1,0,0,1,65518.0
3.0,7.0,3.0,6.0,7.0,2.0,2,4.0,6,1,0,1,1,0,0,0,0,0,0,1,55851.0
25.0,30.0,10.0,3.0,7.0,1.0,1,0.0,5,0,1,0,1,0,1,0,0,0,0,0,109039.0
5.0,8.0,24.0,5.0,7.0,1.0,10,1.0,2,1,0,0,1,0,0,0,0,0,0,1,83000.0
26.0,31.0,26.0,5.0,5.0,0.0,10,6.0,6,1,0,1,1,0,0,0,0,0,1,1,250000.0
0.0,5.0,10.0,2.0,6.0,1.0,6,10.0,6,0,0,0,1,1,1,0,0,0,0,0,16111.0
14.0,24.0,14.0,3.0,5.0,0.0,6,5.0,9,1,1,1,0,1,0,1,0,1,0,1,94037.0
8.0,10.0,17.0,7.0,9.0,1.0,6,0.0,2,1,1,0,0,0,0,0,0,0,0,1,67227.0
11.0,20.0,11.0,7.0,4.0,0.0,2,1.0,1,0,0,0,0,0,0,0,0,0,1,1,96666.0
10.0,13.0,10.0,3.0,9.0,2.0,9,10.0,7,0,1,1,0,0,0,0,1,0,1,1,191082.0
34.0,44.0,34.0,5.0,5.0,0.0,10,4.0,6,1,0,0,1,1,0,0,0,0,1,1,250000.0
7.0,20.0,7.0,5.0,3.0,1.0,6,0.0,5,0,1,1,1,0,1,0,0,0,0,1,72673.0
25.0,45.0,10.0,4.0,7.0,1.0,1,0.0,12,1,1,1,1,1,0,0,0,1,0,1,75601.0
1.0,6.0,10.0,2.0,5.0,0.0,10,8.0,2,0,0,0,0,0,0,1,0,0,0,1,45000.0
5.0,10.0,5.0,5.0,5.0,0.0,3,0.0,9,1,1,1,1,0,0,0,1,1,0,1,69814.0
8.0,15.0,10.0,5.0,9.0,0.0,6,10.0,4,1,1,0,0,0,1,0,0,0,1,1,188890.0
6.0,7.0,6.0,5.0,2.0,0.0,6,2.0,4,0,1,1,0,0,0,0,0,0,0,1,264264.0
15.0,20.0,10.0,5.0,4.0,0.0,7,1.0,1,0,0,0,0,1,0,0,0,0,0,1,69814.0
20.0,24.0,20.0,5.0,6.0,0.0,10,0.0,4,0,1,0,1,0,1,0,0,0,0,1,175000.0
20.0,20.0,10.0,5.0,5.0,0.0,10,7.0,1,0,0,0,0,0,0,0,0,0,0,1,200000.0
8.0,22.0,20.0,5.0,5.0,0.0,10,1.0,3,1,1,0,0,0,0,0,0,0,0,1,207000.0
24.0,34.0,25.0,6.0,2.0,1.0,3,0.0,5,0,1,0,1,0,0,0,0,0,0,0,13963.0
8.0,11.0,8.0,6.0,4.0,1.0,6,0.0,5,1,1,0,1,0,0,0,0,0,0,1,92492.0
9.0,14.0,9.0,6.0,6.0,2.0,4,7.0,3,0,1,1,0,0,0,0,0,0,0,1,11485.0
4.0,14.0,4.0,5.0,6.0,1.0,6,10.0,10,1,1,1,0,0,0,0,0,1,1,1,109009.0
14.0,24.0,14.0,6.0,9.0,1.0,6,0.0,6,0,1,1,1,0,1,0,0,0,0,1,52166.0
8.0,5.0,10.0,2.0,5.0,1.0,10,10.0,3,0,1,0,1,0,0,0,0,0,0,1,49000.0
0.0,0.0,10.0,6.0,7.0,1.0,4,10.0,1,1,0,0,0,0,0,0,0,0,0,1,14356.0
4.0,9.0,10.0,5.0,4.0,0.0,3,0.0,5,0,1,1,0,1,0,0,0,0,0,1,64444.0
5.0,10.0,5.0,5.0,4.0,0.0,1,0.0,2,0,0,0,1,0,1,0,0,0,0,0,91593.0
8.0,12.0,8.0,5.0,4.0,1.0,9,2.0,3,0,1,1,0,0,0,0,0,0,0,1,89172.0
5.0,10.0,8.0,7.0,4.0,1.0,9,10.0,4,1,0,0,1,0,0,0,0,0,0,0,64968.0
27.0,40.0,10.0,6.0,4.0,0.0,2,0.0,3,0,1,1,0,0,0,0,0,0,0,1,96666.0
14.0,17.0,10.0,6.0,9.0,2.0,2,5.0,9,0,1,1,1,1,0,0,0,1,0,1,60147.0
6.0,7.0,10.0,6.0,3.0,1.0,8,10.0,3,0,1,0,0,0,1,0,0,0,0,1,167850.0
6.0,7.0,6.0,6.0,5.0,0.0,8,2.0,3,0,1,1,0,0,0,0,0,0,0,1,53703.0
3.0,8.0,3.0,6.0,9.0,0.0,6,3.0,4,1,0,0,1,0,0,0,0,0,0,1,55851.0
10.0,12.0,10.0,5.0,7.0,0.0,1,0.0,6,0,1,1,1,1,1,0,0,0,0,1,87231.0
8.0,10.0,10.0,4.0,4.0,2.0,0,0.0,7,0,1,1,1,0,0,0,0,0,0,1,18649.0
3.0,9.0,3.0,6.0,4.0,0.0,8,3.0,2,1,0,0,0,0,0,0,0,0,0,0,25000.0
10.0,13.0,10.0,3.0,1.0,1.0,6,8.0,4,0,1,0,0,0,1,0,1,0,0,0,26852.0
10.0,17.0,12.0,5.0,9.0,1.0,10,1.0,1,0,0,0,0,1,0,0,0,0,0,1,120000.0
28.0,32.0,28.0,6.0,4.0,0.0,10,1.0,3,1,0,0,0,0,0,0,0,1,0,1,150000.0
4.0,7.0,10.0,5.0,7.0,1.0,6,1.0,3,1,0,0,1,0,0,0,0,0,0,1,37502.0
19.0,23.0,20.0,5.0,4.0,0.0,10,0.0,3,0,1,1,1,0,0,0,0,0,0,1,155000.0
4.0,4.0,4.0,3.0,5.0,0.0,9,1.0,3,0,1,0,0,0,0,0,1,0,0,1,59872.0
44.0,44.0,10.0,6.0,4.0,1.0,6,10.0,3,1,0,0,1,0,0,0,0,0,0,0,33033.0
22.0,26.0,10.0,5.0,9.0,0.0,10,10.0,5,1,1,0,0,0,0,0,0,0,0,1,279000.0
5.0,8.0,10.0,7.0,7.0,1.0,6,10.0,2,0,0,0,0,0,0,0,0,0,1,1,32222.0
5.0,15.0,10.0,5.0,2.0,2.0,0,9.0,4,1,0,0,0,1,0,1,0,0,0,1,18089.0
35.0,45.0,35.0,5.0,2.0,1.0,1,10.0,3,0,0,0,1,1,0,0,0,1,0,0,210809.0
26.0,30.0,10.0,6.0,6.0,1.0,2,0.0,7,1,1,1,1,1,0,0,0,0,0,1,55851.0
11.0,14.0,11.0,4.0,5.0,2.0,10,0.0,5,0,1,0,0,0,0,0,1,1,0,1,85000.0
3.0,4.0,10.0,5.0,6.0,1.0,8,1.0,3,1,0,0,0,0,0,0,0,1,0,1,28800.0
5.0,8.0,5.0,5.0,2.0,2.0,6,1.0,4,0,1,0,1,0,1,0,0,0,0,1,39503.0
1.0,4.0,10.0,6.0,4.0,1.0,10,10.0,1,1,0,0,0,0,0,0,0,0,0,1,130000.0
5.0,6.0,5.0,2.0,5.0,0.0,9,1.0,2,1,0,0,0,0,0,0,0,0,0,1,61146.0
8.0,13.0,8.0,6.0,7.0,0.0,9,0.0,0,0,0,0,0,0,0,0,0,0,0,1,82802.0
11.0,14.0,11.0,6.0,6.0,1.0,2,10.0,4,1,0,0,1,0,0,0,0,1,0,1,54288.0
30.0,35.0,30.0,5.0,3.0,0.0,6,0.0,1,0,0,0,0,1,0,0,0,0,0,1,161109.0
22.0,25.0,22.0,2.0,4.0,1.0,3,0.0,6,0,1,0,1,0,0,0,1,0,0,1,69814.0
13.0,28.0,10.0,7.0,5.0,2.0,1,6.0,7,0,0,1,1,0,1,0,0,0,1,1,126486.0
6.0,14.0,10.0,5.0,9.0,2.0,9,9.0,5,1,0,0,1,0,1,1,0,0,0,1,76433.0
23.0,25.0,25.0,3.0,2.0,0.0,1,10.0,7,1,1,1,1,0,0,0,0,0,0,1,72693.0
5.0,12.0,10.0,5.0,7.0,1.0,6,4.0,3,1,0,0,1,0,0,0,0,0,0,1,51555.0
30.0,41.0,30.0,3.0,9.0,0.0,1,0.0,8,0,1,1,1,0,0,0,1,0,0,1,87231.0
9.0,13.0,10.0,2.0,5.0,0.0,6,2.0,2,0,0,1,0,0,0,0,0,0,0,0,41697.0
9.0,12.0,10.0,5.0,6.0,0.0,10,0.0,5,0,1,1,0,1,0,0,0,0,0,1,166000.0
20.0,25.0,10.0,5.0,4.0,1.0,6,2.0,7,0,1,1,1,1,0,1,0,0,0,1,115615.0
6.0,9.0,9.0,5.0,5.0,0.0,10,1.0,5,1,0,0,0,1,0,1,0,0,1,1,150000.0
6.0,10.0,6.0,5.0,2.0,1.0,3,0.0,1,0,0,0,0,0,1,0,0,0,0,1,59073.0
6.0,10.0,10.0,4.0,4.0,1.0,7,7.0,7,0,1,0,1,1,1,0,0,0,0,1,64444.0
18.0,18.0,10.0,5.0,3.0,0.0,6,7.0,4,0,0,0,0,1,0,0,0,0,0,1,44991.0
2.0,9.0,2.0,2.0,5.0,2.0,3,0.0,11,1,1,1,1,0,1,1,1,1,1,1,12352.0
15.0,19.0,10.0,7.0,4.0,2.0,6,0.0,8,0,1,1,1,0,1,0,1,0,0,1,44037.0
10.0,10.0,10.0,5.0,5.0,0.0,6,0.0,4,0,1,1,1,0,0,0,0,0,0,1,141055.0
5.0,12.0,5.0,6.0,9.0,1.0,9,0.0,7,1,1,1,0,0,1,0,0,0,0,1,60535.0
10.0,13.0,10.0,7.0,9.0,2.0,6,10.0,4,0,0,0,0,0,0,0,0,0,0,1,23303.0
11.0,11.0,11.0,5.0,3.0,0.0,8,4.0,3,1,1,0,0,0,0,0,0,0,0,0,69471.0
1.0,8.0,10.0,6.0,7.0,1.0,2,0.0,5,0,1,0,1,1,0,0,0,0,0,0,40814.0
10.0,15.0,10.0,5.0,5.0,0.0,3,0.0,6,0,1,1,1,1,0,0,0,0,0,1,92369.0
28.0,40.0,10.0,5.0,1.0,0.0,10,6.0,4,0,1,0,1,0,1,0,0,0,0,0,375000.0
14.0,19.0,10.0,6.0,7.0,1.0,8,7.0,6,1,1,1,0,1,0,1,0,0,0,1,50000.0
11.0,15.0,15.0,5.0,4.0,2.0,6,1.0,3,0,1,0,0,0,0,0,1,0,0,1,21619.0
17.0,20.0,20.0,5.0,2.0,0.0,6,10.0,4,0,0,0,0,0,0,0,0,1,0,1,150369.0
5.0,8.0,6.0,5.0,4.0,0.0,6,10.0,7,1,1,1,0,1,0,0,0,0,0,1,103110.0
9.0,9.0,10.0,3.0,1.0,0.0,6,2.0,1,0,0,1,0,0,0,0,0,0,0,0,130000.0
30.0,35.0,30.0,6.0,5.0,1.0,6,6.0,4,1,0,0,0,0,1,0,0,0,0,1,51555.0
5.0,8.0,10.0,5.0,9.0,0.0,9,0.0,7,0,1,0,1,0,1,0,0,0,0,1,42038.0
11.0,14.0,22.0,5.0,4.0,0.0,9,0.0,5,0,1,1,1,0,1,0,0,0,0,1,57325.0
7.0,18.0,7.0,7.0,4.0,1.0,5,3.0,4,1,0,0,1,0,0,0,0,0,1,1,88314.0
10.0,13.0,10.0,6.0,7.0,1.0,10,0.0,5,0,1,1,1,0,1,0,0,0,0,1,160000.0
3.0,7.0,4.0,5.0,4.0,0.0,1,0.0,7,0,1,1,1,1,0,0,0,0,0,1,47763.0
6.0,10.0,10.0,6.0,5.0,0.0,10,3.0,6,1,0,0,1,1,0,0,0,0,0,1,130000.0
7.0,18.0,7.0,5.0,5.0,0.0,6,1.0,4,0,1,0,0,0,0,0,1,0,0,1,46185.0
22.0,30.0,22.0,7.0,8.0,1.0,10,0.0,2,0,0,0,1,0,1,0,0,0,0,1,199642.0
10.0,15.0,10.0,5.0,7.0,0.0,6,1.0,4,0,1,1,1,0,1,0,0,0,0,1,52831.0
3.0,4.0,3.0,6.0,4.0,2.0,6,10.0,5,1,0,0,1,0,0,0,0,0,0,1,19576.0
7.0,10.0,7.0,6.0,4.0,2.0,5,10.0,2,1,0,0,0,0,0,0,0,0,0,1,91295.0
1.0,4.0,1.0,5.0,3.0,1.0,7,0.0,6,1,0,0,0,0,1,1,1,0,0,0,16326.0
6.0,10.0,10.0,5.0,2.0,1.0,1,0.0,1,0,0,1,0,0,0,0,0,0,0,1,105405.0
10.0,20.0,10.0,6.0,9.0,1.0,1,10.0,2,0,0,0,0,0,0,1,0,0,0,1,109039.0
6.0,11.0,5.0,6.0,4.0,1.0,2,8.0,4,0,1,0,0,0,0,1,0,0,0,1,59073.0
4.0,12.0,10.0,7.0,3.0,1.0,6,1.0,6,1,0,0,0,0,0,1,0,0,1,1,38666.0
20.0,40.0,10.0,7.0,2.0,0.0,6,1.0,17,1,1,1,1,1,1,1,1,0,0,1,14411.0
9.0,12.0,10.0,3.0,5.0,1.0,8,5.0,2,1,0,0,0,0,0,0,0,0,0,1,72000.0
8.0,20.0,8.0,5.0,4.0,0.0,1,0.0,4,0,1,0,1,0,0,0,0,0,1,1,83597.0
3.0,10.0,3.0,3.0,9.0,1.0,6,1.0,7,1,1,1,1,0,0,0,0,0,0,1,59073.0
2.0,5.0,10.0,6.0,5.0,1.0,2,8.0,7,1,0,1,0,1,1,0,0,1,0,1,50481.0
8.0,10.0,8.0,6.0,5.0,1.0,2,10.0,5,1,1,0,1,1,0,0,1,0,0,1,36518.0
5.0,6.0,5.0,6.0,7.0,1.0,6,1.0,11,0,1,1,0,1,0,1,0,1,1,1,118919.0
4.0,8.0,5.0,5.0,9.0,0.0,10,10.0,13,1,1,1,1,0,0,0,0,0,1,1,185000.0
9.0,16.0,10.0,5.0,5.0,0.0,10,2.0,4,1,1,1,0,0,0,0,0,0,0,1,169800.0
0.0,8.0,1.0,5.0,9.0,0.0,10,1.0,1,0,0,0,0,0,0,0,0,0,0,1,80000.0
6.0,9.0,8.0,6.0,4.0,2.0,10,0.0,8,1,0,0,0,1,0,1,0,0,1,1,136000.0
16.0,20.0,20.0,5.0,2.0,1.0,6,8.0,4,0,1,0,1,0,1,0,0,0,0,0,30914.0
2.0,10.0,10.0,6.0,5.0,1.0,2,1.0,3,1,0,0,0,0,0,0,0,0,0,1,59073.0
8.0,13.0,8.0,5.0,5.0,0.0,0,1.0,1,0,0,0,0,0,1,0,0,0,0,1,26854.0
13.0,20.0,13.0,5.0,4.0,1.0,6,0.0,5,0,1,1,1,0,1,0,0,0,0,1,21534.0
7.0,11.0,9.0,7.0,4.0,1.0,8,0.0,8,1,1,1,1,0,1,0,0,1,0,1,70000.0
0.0,6.0,10.0,5.0,2.0,0.0,1,0.0,5,1,1,0,1,0,0,0,0,0,0,1,50885.0
18.0,26.0,10.0,6.0,5.0,1.0,10,5.0,9,1,1,0,0,1,1,0,0,1,0,1,121859.0
8.0,31.0,10.0,7.0,9.0,1.0,5,10.0,3,1,0,0,0,0,0,0,0,0,1,1,118147.0
25.0,30.0,33.0,3.0,9.0,0.0,10,1.0,8,0,1,1,1,0,1,1,0,0,0,1,122000.0
17.0,22.0,17.0,5.0,8.0,0.0,0,0.0,6,1,1,1,1,1,0,0,0,0,0,1,51284.0
4.0,6.0,4.0,6.0,4.0,1.0,8,1.0,7,0,1,1,1,0,1,0,1,1,0,1,47985.0
10.0,11.0,12.0,6.0,9.0,1.0,10,3.0,3,1,0,0,1,0,0,0,0,0,0,1,165000.0
46.0,50.0,10.0,5.0,8.0,1.0,10,8.0,3,1,0,0,1,0,0,0,0,0,0,1,100000.0
25.0,29.0,24.0,5.0,2.0,0.0,8,0.0,3,0,1,0,1,1,0,0,0,0,0,1,38666.0
12.0,16.0,10.0,5.0,9.0,1.0,10,8.0,4,1,0,0,0,0,0,1,0,0,0,1,170000.0
7.0,9.0,8.0,5.0,4.0,0.0,1,0.0,3,0,1,0,1,0,0,0,0,0,0,1,102497.0
32.0,42.0,32.0,3.0,3.0,0.0,6,0.0,6,1,1,1,1,0,0,0,0,0,1,1,161109.0
4.0,15.0,4.0,5.0,2.0,2.0,9,0.0,8,0,1,1,1,0,0,0,0,0,0,1,76433.0
10.0,13.0,10.0,6.0,2.0,1.0,2,0.0,4,1,1,1,0,0,0,0,0,0,0,0,107406.0
12.0,14.0,10.0,6.0,7.0,1.0,6,0.0,8,0,1,0,1,0,1,1,0,0,0,1,51213.0
12.0,25.0,10.0,5.0,4.0,0.0,9,0.0,7,0,1,1,1,0,1,0,0,0,0,1,99363.0
26.0,40.0,26.0,5.0,8.0,1.0,6,6.0,3,0,1,0,1,1,0,0,0,0,0,1,112777.0
2.0,6.0,2.0,5.0,4.0,2.0,6,0.0,6,0,1,1,1,0,1,0,0,0,0,1,21162.0
13.0,17.0,13.0,6.0,9.0,0.0,9,0.0,8,1,1,1,1,0,1,0,0,0,0,1,107006.0
11.0,20.0,12.0,6.0,7.0,0.0,7,1.0,4,0,1,0,1,0,0,0,1,0,0,1,69814.0
14.0,20.0,14.0,6.0,7.0,0.0,10,1.0,2,0,0,0,1,0,0,0,0,0,0,1,190000.0
3.0,10.0,10.0,5.0,2.0,0.0,1,2.0,6,0,1,1,0,0,0,0,0,1,0,1,58154.0
12.0,16.0,10.0,5.0,1.0,1.0,6,0.0,7,0,1,0,1,0,0,0,1,0,0,0,128887.0
9.0,16.0,10.0,6.0,3.0,2.0,6,0.0,5,0,0,1,1,0,0,0,0,0,1,1,107138.0
1.0,4.0,1.0,2.0,4.0,1.0,2,10.0,7,1,1,0,0,1,0,1,0,0,0,0,25777.0
14.0,18.0,14.0,6.0,5.0,0.0,6,0.0,1,0,1,0,0,0,0,0,0,0,0,1,98986.0
12.0,17.0,12.0,6.0,4.0,0.0,8,7.0,3,1,0,0,0,0,0,0,0,0,0,1,60000.0
5.0,10.0,5.0,6.0,4.0,0.0,8,10.0,4,0,1,1,0,0,0,0,0,0,0,1,66943.0
4.0,12.0,4.0,6.0,3.0,2.0,7,9.0,5,1,0,0,0,0,0,0,0,0,0,1,26852.0
20.0,25.0,20.0,6.0,4.0,2.0,6,0.0,5,0,1,1,1,0,1,0,0,0,0,0,111417.0
12.0,15.0,10.0,4.0,6.0,0.0,7,7.0,3,0,0,0,1,0,0,0,0,0,0,1,85925.0
3.0,7.0,3.0,5.0,6.0,2.0,4,0.0,11,1,1,1,1,1,1,1,0,0,0,1,14356.0
4.0,5.0,4.0,5.0,3.0,2.0,6,0.0,10,1,1,1,1,1,0,0,0,0,0,1,46078.0
5.0,11.0,5.0,7.0,8.0,1.0,9,10.0,5,1,0,0,0,0,0,0,0,0,0,1,61146.0
17.0,22.0,17.0,6.0,4.0,0.0,3,1.0,3,0,0,0,1,0,0,0,0,0,0,1,139628.0
2.0,7.0,10.0,6.0,5.0,1.0,2,1.0,5,0,1,1,1,1,0,0,0,0,0,1,38666.0
5.0,14.0,10.0,5.0,7.0,0.0,10,10.0,3,0,0,1,0,0,0,0,1,1,0,1,330000.0
0.0,3.0,10.0,6.0,9.0,1.0,10,0.0,6,1,0,1,1,1,0,0,0,0,1,1,94000.0
5.0,8.0,5.0,5.0,5.0,1.0,6,0.0,5,1,1,0,0,0,1,0,0,0,0,0,62296.0
35.0,35.0,34.0,6.0,4.0,1.0,10,0.0,1,0,0,0,0,0,0,0,0,0,0,1,300000.0
3.0,13.0,10.0,5.0,3.0,2.0,9,9.0,6,0,1,0,1,0,1,0,0,0,1,1,35669.0
25.0,40.0,38.0,5.0,2.0,0.0,10,10.0,7,0,1,1,1,0,0,0,0,0,0,1,240000.0
9.0,13.0,9.0,5.0,5.0,1.0,10,0.0,3,0,1,0,0,0,0,0,1,0,0,1,55000.0
8.0,36.0,10.0,6.0,1.0,0.0,6,10.0,2,1,0,0,0,0,0,0,0,0,0,0,63566.0
17.0,17.0,17.0,3.0,5.0,2.0,6,1.0,5,1,0,1,0,0,1,1,0,1,0,1,95384.0
12.0,15.0,12.0,6.0,9.0,2.0,6,1.0,1,0,0,0,0,0,1,0,0,0,0,1,140387.0
17.0,20.0,20.0,3.0,5.0,1.0,6,1.0,4,0,1,0,1,0,1,0,0,0,0,1,61770.0
24.0,29.0,24.0,5.0,6.0,1.0,6,3.0,3,1,0,0,1,0,0,0,0,0,0,1,183493.0
13.0,8.0,4.0,6.0,4.0,0.0,8,1.0,5,0,1,1,1,0,1,0,0,0,0,1,51600.0
3.0,7.0,2.0,5.0,4.0,1.0,6,10.0,4,1,0,0,1,0,0,0,0,0,0,1,10031.0
8.0,24.0,8.0,7.0,4.0,0.0,9,10.0,8,1,0,0,0,0,1,1,0,0,0,1,54777.0
2.0,4.0,2.0,5.0,2.0,1.0,6,1.0,6,0,1,1,1,0,1,0,0,0,1,1,66066.0
11.0,26.0,11.0,6.0,5.0,1.0,6,1.0,6,1,0,0,0,1,0,1,0,0,0,1,48278.0
26.0,30.0,10.0,5.0,8.0,0.0,10,0.0,8,1,1,1,1,1,0,0,0,0,0,1,175000.0
13.0,21.0,20.0,6.0,9.0,0.0,3,0.0,3,0,0,0,1,0,1,0,0,0,0,1,96666.0
35.0,37.0,10.0,3.0,4.0,2.0,6,0.0,1,0,0,0,0,0,1,0,0,0,0,1,41369.0
11.0,14.0,10.0,5.0,7.0,1.0,10,1.0,3,1,0,0,0,0,0,0,0,0,1,1,200000.0
0.0,2.0,1.0,6.0,5.0,1.0,0,0.0,7,0,1,1,1,1,0,0,0,0,0,1,11935.0
20.0,25.0,10.0,6.0,4.0,2.0,6,10.0,6,1,0,0,0,0,0,0,0,0,1,1,94517.0
13.0,18.0,10.0,7.0,4.0,1.0,6,0.0,6,1,1,1,1,1,0,0,0,0,0,1,59073.0
19.0,23.0,37.0,6.0,4.0,0.0,10,10.0,2,0,0,0,1,1,0,0,0,0,0,1,176800.0
3.0,8.0,3.0,5.0,3.0,1.0,9,10.0,9,1,1,1,1,1,0,0,0,1,1,1,44586.0
4.0,10.0,10.0,6.0,3.0,1.0,6,0.0,10,1,1,1,0,1,0,1,0,1,0,1,100275.0
20.0,24.0,10.0,5.0,7.0,2.0,6,10.0,0,0,0,0,0,0,0,0,0,0,0,1,77958.0
21.0,40.0,10.0,7.0,7.0,1.0,3,10.0,4,1,0,0,1,0,0,0,0,0,0,1,96666.0
16.0,18.0,16.0,5.0,5.0,1.0,7,0.0,8,1,1,0,1,0,1,0,1,0,0,1,53703.0
7.0,8.0,7.0,5.0,9.0,2.0,6,8.0,3,1,0,0,0,0,0,1,0,0,0,1,110380.0
6.0,14.0,10.0,5.0,9.0,1.0,10,0.0,4,0,1,0,0,1,0,0,0,1,0,1,89000.0
16.0,26.0,16.0,6.0,5.0,1.0,3,10.0,7,0,0,1,0,0,0,0,1,1,1,1,112777.0
4.0,6.0,4.0,5.0,9.0,1.0,10,9.0,7,1,0,0,0,0,0,1,0,0,0,1,170000.0
8.0,9.0,8.0,5.0,9.0,0.0,6,7.0,1,0,1,0,0,0,0,0,0,0,0,1,44516.0
10.0,13.0,10.0,3.0,1.0,0.0,10,0.0,7,1,1,0,1,1,0,1,0,0,0,0,135000.0
9.0,15.0,9.0,5.0,4.0,1.0,7,1.0,5,0,1,0,1,1,0,0,0,0,0,1,42962.0
21.0,27.0,10.0,5.0,5.0,0.0,6,0.0,4,0,1,1,1,0,0,0,0,0,0,1,86800.0
7.0,11.0,10.0,5.0,4.0,0.0,10,1.0,7,0,1,1,1,1,1,0,0,0,0,1,177000.0
41.0,48.0,10.0,5.0,1.0,0.0,10,7.0,5,0,0,0,0,1,1,0,0,0,0,0,240000.0
1.0,5.0,1.0,4.0,9.0,2.0,6,2.0,3,0,1,1,0,0,0,0,0,0,0,1,17295.0
8.0,15.0,8.0,7.0,4.0,1.0,4,1.0,3,1,1,0,1,0,0,0,0,0,0,1,20099.0
5.0,5.0,5.0,6.0,9.0,0.0,6,2.0,3,0,1,1,0,0,0,0,0,0,0,1,65331.0
8.0,12.0,8.0,5.0,2.0,0.0,10,7.0,3,0,0,0,0,0,0,0,0,0,0,0,20000.0
3.0,10.0,3.0,6.0,5.0,2.0,2,0.0,7,1,1,1,1,0,0,0,1,1,0,1,48333.0
24.0,29.0,24.0,7.0,4.0,1.0,6,0.0,7,0,1,1,1,1,0,0,0,0,0,1,75184.0
20.0,35.0,10.0,7.0,5.0,1.0,9,2.0,3,0,1,0,0,0,0,0,1,0,0,0,38216.0
5.0,9.0,6.0,7.0,3.0,0.0,9,0.0,6,1,1,0,1,0,0,0,1,0,0,1,50955.0
12.0,12.0,10.0,5.0,9.0,1.0,9,10.0,4,0,1,0,1,0,0,0,0,0,0,1,159235.0
7.0,15.0,7.0,5.0,9.0,0.0,1,1.0,1,0,0,0,0,0,1,0,0,0,0,1,87231.0
18.0,24.0,18.0,6.0,8.0,1.0,6,1.0,9,1,1,1,1,0,1,0,0,1,0,1,56022.0
18.0,27.0,10.0,6.0,4.0,1.0,6,10.0,8,1,1,1,1,0,1,0,0,0,0,1,120000.0
6.0,8.0,10.0,6.0,4.0,0.0,8,1.0,5,0,1,1,1,0,1,0,0,0,0,1,51836.0
4.0,6.0,4.0,5.0,6.0,0.0,8,1.0,1,1,0,0,0,0,0,0,0,0,0,1,46000.0
10.0,11.0,10.0,6.0,7.0,0.0,8,1.0,5,1,1,1,1,0,0,0,0,1,0,1,96983.0
5.0,6.0,5.0,6.0,9.0,0.0,10,2.0,7,0,0,1,0,0,0,0,0,1,1,1,202000.0
2.0,4.0,2.0,3.0,2.0,2.0,6,0.0,8,1,1,1,1,1,0,0,0,0,0,1,49135.0
6.0,13.0,6.0,6.0,8.0,1.0,10,8.0,5,1,0,0,0,0,0,1,0,0,0,1,168000.0
8.0,12.0,8.0,5.0,6.0,0.0,6,0.0,3,0,1,1,0,0,1,0,0,0,0,1,37447.0
10.0,10.0,10.0,4.0,5.0,0.0,10,0.0,6,1,1,0,1,0,0,0,1,0,0,1,100000.0
0.0,11.0,1.0,5.0,9.0,0.0,10,0.0,7,0,1,0,1,1,0,0,1,0,1,1,97500.0
7.0,10.0,7.0,6.0,4.0,2.0,3,10.0,8,0,1,1,0,0,0,1,0,0,1,1,71962.0
34.0,35.0,10.0,3.0,4.0,1.0,6,1.0,5,1,0,0,1,0,0,0,0,0,0,1,51172.0
5.0,7.0,10.0,6.0,5.0,1.0,9,0.0,6,1,1,1,1,0,0,0,0,1,0,1,89172.0
7.0,25.0,7.0,3.0,3.0,1.0,5,10.0,3,0,1,0,0,0,0,0,0,0,0,1,61222.0
7.0,11.0,10.0,5.0,4.0,0.0,8,1.0,3,0,1,1,1,0,0,0,0,0,0,1,53317.0
16.0,16.0,16.0,6.0,4.0,1.0,6,1.0,4,0,0,0,1,1,0,0,0,0,0,1,33296.0
18.0,23.0,18.0,5.0,4.0,1.0,7,2.0,3,0,1,1,0,0,0,0,0,0,0,1,53703.0
12.0,15.0,10.0,5.0,5.0,1.0,6,1.0,6,0,1,1,1,0,1,0,0,0,0,1,82582.0
5.0,10.0,10.0,3.0,2.0,0.0,6,0.0,6,1,1,1,1,0,0,0,0,0,1,1,89189.0
16.0,18.0,23.0,5.0,3.0,1.0,10,0.0,6,0,1,0,1,0,1,0,0,0,0,1,145000.0
6.0,11.0,6.0,5.0,5.0,2.0,6,7.0,4,1,0,0,0,0,0,1,0,0,0,1,68662.0
22.0,25.0,10.0,5.0,7.0,2.0,6,1.0,2,1,0,0,1,0,0,0,0,0,0,1,129524.0
15.0,22.0,15.0,5.0,7.0,0.0,10,0.0,8,1,1,1,1,1,0,0,0,0,0,1,187000.0
13.0,17.0,17.0,5.0,2.0,0.0,6,7.0,2,0,1,0,0,0,0,0,0,0,0,0,150369.0
15.0,25.0,15.0,5.0,8.0,0.0,9,10.0,5,1,0,0,0,0,0,1,0,1,1,1,254776.0
2.0,9.0,2.0,6.0,4.0,1.0,2,7.0,1,0,0,1,0,0,0,0,0,0,0,1,37592.0
2.0,10.0,10.0,5.0,2.0,1.0,6,8.0,3,0,0,0,0,0,1,1,0,0,1,1,88000.0
5.0,5.0,5.0,2.0,3.0,1.0,5,0.0,9,1,1,0,1,1,1,1,0,0,0,0,25777.0
12.0,16.0,10.0,3.0,9.0,1.0,1,5.0,8,1,1,1,1,1,0,0,0,1,0,1,145386.0
5.0,6.0,5.0,4.0,5.0,0.0,6,0.0,4,0,1,1,0,0,0,0,0,0,0,1,38518.0
10.0,13.0,10.0,5.0,9.0,1.0,10,4.0,1,0,0,0,0,0,0,0,0,0,0,1,300000.0
15.0,22.0,10.0,7.0,4.0,1.0,6,3.0,8,1,0,0,1,0,0,0,0,0,0,1,65221.0
2.0,10.0,3.0,3.0,7.0,1.0,6,8.0,3,1,0,0,0,0,1,0,0,0,0,1,64444.0
13.0,21.0,40.0,5.0,5.0,0.0,10,0.0,6,0,1,0,1,1,0,0,0,0,0,1,85535.0
25.0,44.0,10.0,5.0,4.0,2.0,10,10.0,7,1,1,0,1,0,0,0,1,0,0,1,143000.0
2.0,9.0,10.0,5.0,7.0,2.0,9,9.0,3,1,0,0,0,0,0,1,0,0,0,1,57325.0
8.0,10.0,44.0,5.0,2.0,2.0,6,6.0,2,1,0,0,0,0,1,0,0,0,0,1,30884.0
2.0,2.0,10.0,5.0,3.0,2.0,8,10.0,5,0,1,0,1,0,0,0,0,0,0,1,22216.0
10.0,20.0,10.0,7.0,3.0,2.0,3,10.0,3,1,0,0,0,0,0,0,0,0,1,1,75184.0
1.0,3.0,10.0,3.0,5.0,0.0,6,5.0,2,0,1,0,0,0,0,0,0,0,0,1,13626.0
5.0,8.0,4.0,6.0,4.0,2.0,2,1.0,5,1,1,0,1,1,0,0,0,0,0,0,21481.0
8.0,12.0,10.0,5.0,9.0,1.0,6,1.0,1,0,0,0,0,1,0,0,0,0,0,1,123999.0
7.0,11.0,7.0,6.0,5.0,0.0,8,0.0,7,1,1,1,1,0,0,0,1,0,0,1,100000.0
9.0,10.0,10.0,5.0,3.0,2.0,0,0.0,2,0,0,1,0,0,0,0,1,0,0,1,14919.0
26.0,30.0,10.0,6.0,9.0,2.0,4,10.0,4,1,0,0,1,0,0,0,0,0,0,1,66995.0
5.0,6.0,5.0,5.0,5.0,0.0,6,0.0,2,0,1,0,0,0,1,0,0,0,0,1,25058.0
10.0,15.0,7.0,5.0,5.0,0.0,6,0.0,2,0,1,0,0,0,1,0,0,0,0,1,31200.0
25.0,32.0,10.0,7.0,9.0,1.0,3,10.0,0,0,0,0,0,0,0,0,0,0,0,1,174766.0
5.0,20.0,20.0,6.0,5.0,2.0,10,0.0,5,0,0,1,0,1,0,0,0,0,0,1,190000.0
3.0,8.0,3.0,6.0,5.0,1.0,6,1.0,6,0,1,1,0,0,1,0,0,0,0,1,35292.0
6.0,7.0,6.0,5.0,5.0,1.0,4,0.0,6,0,1,1,1,0,0,0,1,0,0,1,16749.0
7.0,15.0,10.0,7.0,5.0,1.0,6,10.0,5,1,0,1,0,0,0,0,0,1,0,1,64444.0
5.0,15.0,10.0,6.0,7.0,1.0,6,5.0,1,1,0,0,0,0,0,0,0,0,0,1,48333.0
10.0,18.0,10.0,5.0,5.0,1.0,6,5.0,7,1,1,1,1,1,0,0,0,1,0,1,268013.0
18.0,34.0,25.0,4.0,7.0,1.0,9,10.0,4,1,1,0,1,0,0,0,0,0,0,1,49681.0
5.0,12.0,5.0,6.0,3.0,2.0,9,9.0,3,1,0,0,0,0,0,1,0,0,0,1,38216.0
17.0,24.0,17.0,6.0,6.0,1.0,3,10.0,6,1,0,0,0,0,0,1,0,0,0,1,85983.0
8.0,9.0,8.0,6.0,5.0,0.0,6,0.0,10,1,1,1,1,1,0,1,0,0,0,1,81663.0
10.0,20.0,9.0,6.0,2.0,1.0,6,10.0,6,1,1,0,0,0,0,0,0,1,1,1,27926.0
11.0,11.0,10.0,5.0,7.0,1.0,5,1.0,3,0,0,0,0,1,0,0,0,1,1,1,128887.0
4.0,11.0,4.0,5.0,5.0,1.0,3,8.0,6,1,1,1,0,0,0,1,0,0,1,1,63370.0
10.0,15.0,10.0,5.0,5.0,1.0,8,5.0,4,1,0,0,1,0,0,0,0,0,0,1,39494.0
4.0,8.0,10.0,4.0,4.0,1.0,6,10.0,3,1,0,0,0,0,0,1,0,0,0,1,128887.0
8.0,16.0,8.0,5.0,9.0,0.0,10,2.0,5,0,1,1,0,0,0,0,0,0,0,1,122000.0
2.0,6.0,2.0,2.0,3.0,0.0,6,7.0,9,1,0,0,1,1,1,0,1,1,0,1,30000.0
7.0,13.0,7.0,5.0,3.0,1.0,6,0.0,6,1,1,1,1,0,0,0,0,0,0,1,16173.0
29.0,40.0,29.0,6.0,4.0,1.0,6,1.0,2,0,1,0,0,0,0,0,0,0,0,1,62000.0
12.0,20.0,12.0,6.0,9.0,1.0,6,1.0,5,0,1,1,1,0,0,0,0,0,0,1,123732.0
0.0,4.0,10.0,5.0,5.0,1.0,6,10.0,4,1,1,0,1,0,0,0,0,0,0,1,12713.0
23.0,25.0,23.0,5.0,5.0,1.0,6,0.0,7,0,1,1,1,1,0,0,0,0,0,1,91295.0
32.0,34.0,30.0,6.0,5.0,1.0,2,10.0,4,0,0,0,1,0,1,0,0,0,0,1,75184.0
11.0,15.0,10.0,6.0,5.0,1.0,8,6.0,6,0,1,0,1,1,0,0,0,0,0,1,95033.0
1.0,3.0,17.0,6.0,3.0,1.0,9,10.0,0,0,0,0,0,0,0,0,0,0,0,1,45860.0
3.0,5.0,10.0,4.0,4.0,1.0,9,2.0,3,0,1,1,0,0,0,0,0,0,0,1,28025.0
3.0,8.0,10.0,5.0,7.0,1.0,4,1.0,3,1,0,0,1,1,0,0,0,0,0,1,11963.0
37.0,41.0,37.0,5.0,7.0,0.0,10,2.0,5,1,1,1,1,0,0,0,0,0,0,1,259000.0
2.0,5.0,2.0,6.0,8.0,1.0,10,0.0,9,1,1,1,1,1,0,0,0,1,1,1,110000.0
24.0,27.0,10.0,5.0,7.0,1.0,6,0.0,2,1,0,0,0,0,1,0,0,0,0,1,187203.0
12.0,16.0,10.0,3.0,4.0,0.0,6,5.0,2,1,0,0,0,0,0,0,0,0,0,1,180000.0
25.0,29.0,33.0,5.0,9.0,0.0,10,10.0,6,0,1,1,1,1,0,0,0,0,0,1,181000.0
20.0,30.0,20.0,3.0,7.0,0.0,6,0.0,4,0,1,1,1,1,0,0,0,0,0,1,83138.0
10.0,10.0,10.0,1.0,4.0,0.0,6,8.0,2,1,0,0,0,0,0,0,0,0,0,1,55425.0
13.0,13.0,10.0,6.0,4.0,0.0,7,0.0,4,0,1,1,0,1,0,0,0,0,1,1,80555.0
6.0,8.0,6.0,5.0,3.0,0.0,9,0.0,6,1,1,0,1,0,0,0,0,0,0,1,84076.0
2.0,6.0,4.0,2.0,3.0,2.0,6,0.0,6,1,1,1,1,0,1,0,0,0,0,1,33296.0
2.0,7.0,10.0,5.0,2.0,1.0,10,5.0,6,1,0,1,0,1,0,0,0,1,0,1,77000.0
26.0,38.0,26.0,6.0,7.0,1.0,2,10.0,5,1,1,0,1,1,0,0,0,0,0,1,102036.0
6.0,12.0,10.0,5.0,4.0,1.0,6,1.0,6,1,1,1,1,0,0,0,0,0,0,1,74873.0
10.0,20.0,10.0,6.0,4.0,0.0,6,10.0,2,1,0,0,0,0,0,1,0,0,0,1,75184.0
1.0,5.0,10.0,5.0,5.0,0.0,1,8.0,5,0,0,1,1,1,1,0,0,0,0,1,52339.0
11.0,15.0,12.0,5.0,4.0,2.0,6,0.0,4,0,0,1,0,1,0,0,0,0,0,1,78183.0
3.0,6.0,10.0,3.0,3.0,2.0,6,1.0,4,1,0,0,0,0,0,0,0,1,0,1,37120.0
12.0,20.0,10.0,5.0,8.0,0.0,10,0.0,9,1,1,1,1,0,0,0,0,1,0,1,210000.0
4.0,8.0,4.0,6.0,4.0,0.0,9,0.0,8,1,1,1,1,1,0,0,1,0,0,1,118471.0
9.0,20.0,10.0,3.0,5.0,1.0,10,10.0,6,1,1,1,1,0,0,0,0,0,0,1,147000.0
15.0,26.0,15.0,6.0,5.0,0.0,6,7.0,14,1,0,0,1,1,1,1,1,0,0,0,123732.0
4.0,13.0,10.0,5.0,4.0,1.0,5,0.0,8,1,1,1,1,1,0,0,1,1,0,1,59073.0
3.0,13.0,3.0,3.0,8.0,1.0,7,0.0,9,1,1,1,1,1,1,0,1,0,0,1,32759.0
7.0,14.0,10.0,5.0,7.0,0.0,10,4.0,6,1,1,1,1,0,0,0,0,0,0,1,151000.0
4.0,9.0,4.0,5.0,9.0,1.0,10,1.0,9,1,1,0,1,1,1,0,0,1,1,1,150000.0
16.0,19.0,16.0,5.0,3.0,1.0,2,0.0,5,0,1,1,0,0,0,0,0,0,0,1,70888.0
10.0,15.0,11.0,6.0,2.0,1.0,6,2.0,7,1,1,1,0,1,1,0,0,0,0,1,80555.0
10.0,14.0,10.0,5.0,5.0,0.0,10,0.0,11,0,1,1,1,0,0,1,1,0,0,1,140000.0
12.0,15.0,12.0,5.0,9.0,1.0,4,2.0,3,0,1,1,0,0,0,0,0,0,0,1,47854.0
20.0,30.0,10.0,2.0,1.0,1.0,3,2.0,9,0,1,1,1,1,0,1,1,0,0,0,128887.0
4.0,6.0,4.0,6.0,8.0,0.0,8,2.0,3,0,1,1,0,0,0,0,0,0,0,1,29621.0
4.0,8.0,4.0,5.0,6.0,1.0,7,0.0,6,0,1,1,1,1,0,0,0,0,1,1,46464.0
7.0,9.0,10.0,5.0,4.0,1.0,9,1.0,7,1,1,1,1,1,0,0,0,0,0,1,121018.0
3.0,8.0,3.0,5.0,5.0,1.0,10,0.0,5,0,0,1,1,0,1,0,0,0,0,1,100000.0
15.0,17.0,15.0,7.0,3.0,0.0,10,0.0,8,1,1,1,0,1,0,1,0,0,0,1,95000.0
8.0,11.0,10.0,6.0,5.0,0.0,3,2.0,3,0,1,1,0,0,0,0,0,0,0,1,139628.0
2.0,8.0,5.0,5.0,7.0,1.0,3,1.0,6,0,1,0,1,1,0,0,1,0,0,1,43822.0
7.0,12.0,10.0,6.0,9.0,1.0,1,10.0,7,1,1,0,1,1,0,0,0,0,0,1,203540.0
21.0,21.0,21.0,6.0,5.0,0.0,6,4.0,5,1,1,0,1,1,0,0,0,1,0,0,80000.0
4.0,11.0,4.0,5.0,6.0,2.0,6,3.0,1,1,0,0,0,0,0,0,0,0,0,1,38994.0
14.0,17.0,14.0,5.0,4.0,0.0,6,1.0,7,1,1,1,1,1,0,0,0,0,0,1,81034.0
8.0,10.0,12.0,7.0,4.0,1.0,9,0.0,8,1,1,1,1,0,0,0,1,0,0,1,95541.0
4.0,12.0,4.0,5.0,4.0,1.0,1,0.0,5,0,1,1,1,1,0,0,0,0,0,1,58154.0
25.0,40.0,25.0,5.0,3.0,1.0,3,10.0,5,0,1,0,1,0,0,0,0,0,1,1,193331.0
7.0,13.0,7.0,4.0,3.0,1.0,3,0.0,9,0,1,1,1,1,1,0,0,1,0,1,64444.0
11.0,12.0,12.0,3.0,4.0,1.0,10,10.0,6,1,0,0,0,0,1,1,0,1,0,1,150000.0
6.0,14.0,10.0,5.0,2.0,1.0,10,1.0,6,1,1,0,1,0,0,1,0,0,1,1,160000.0
6.0,10.0,4.0,5.0,3.0,0.0,6,1.0,4,0,1,0,1,0,1,0,0,0,0,1,20000.0
3.0,9.0,3.0,5.0,7.0,0.0,1,10.0,3,1,1,0,0,0,0,0,0,1,0,1,54520.0
20.0,20.0,10.0,5.0,7.0,0.0,6,0.0,5,1,1,0,1,0,0,0,1,0,0,1,72000.0
10.0,22.0,10.0,6.0,4.0,0.0,10,1.0,11,1,1,1,1,1,1,0,0,1,0,1,161000.0
10.0,14.0,10.0,5.0,8.0,1.0,4,0.0,7,1,1,1,0,0,1,0,0,0,0,1,38283.0
5.0,13.0,5.0,5.0,5.0,0.0,1,1.0,5,1,0,0,1,0,0,1,0,0,1,1,109039.0
5.0,6.0,10.0,5.0,7.0,0.0,6,10.0,6,0,1,1,1,1,1,0,0,0,0,1,28256.0
5.0,10.0,6.0,2.0,5.0,1.0,3,10.0,8,0,1,0,1,1,1,1,0,0,1,1,53703.0
6.0,11.0,6.0,6.0,4.0,1.0,6,6.0,3,1,1,1,0,0,0,0,0,0,0,1,53703.0
10.0,12.0,30.0,5.0,5.0,0.0,10,2.0,7,1,1,1,1,0,0,0,1,0,0,1,160000.0
11.0,20.0,10.0,5.0,4.0,1.0,10,0.0,6,0,1,0,1,0,1,0,0,0,0,1,85000.0
10.0,10.0,10.0,5.0,7.0,0.0,8,2.0,1,0,0,1,0,0,0,0,0,0,0,1,54000.0
10.0,14.0,10.0,3.0,4.0,1.0,10,3.0,4,1,0,0,1,0,0,0,0,0,0,1,100000.0
8.0,10.0,8.0,2.0,5.0,1.0,6,0.0,2,0,0,0,1,0,1,0,0,0,0,1,100962.0
42.0,51.0,42.0,7.0,5.0,0.0,6,10.0,5,1,1,0,1,0,1,0,0,0,0,1,198198.0
6.0,6.0,10.0,5.0,7.0,1.0,6,10.0,2,0,0,0,1,0,0,0,0,0,0,1,110330.0
13.0,20.0,13.0,6.0,9.0,0.0,6,9.0,6,1,0,0,0,0,0,0,0,0,0,1,39594.0
3.0,5.0,10.0,2.0,5.0,1.0,6,0.0,4,0,1,1,0,0,0,0,1,0,0,0,76878.0
9.0,14.0,9.0,6.0,3.0,1.0,3,0.0,6,0,1,0,1,0,0,0,0,1,0,1,114388.0
5.0,13.0,10.0,6.0,9.0,1.0,6,2.0,3,1,1,0,0,0,0,0,0,0,0,0,18243.0
13.0,17.0,13.0,7.0,4.0,1.0,9,3.0,3,1,0,0,1,0,0,0,0,0,0,1,70063.0
4.0,12.0,4.0,6.0,8.0,1.0,6,4.0,3,0,0,0,1,0,0,0,0,0,0,1,57601.0
9.0,20.0,9.0,5.0,4.0,1.0,3,6.0,5,0,1,1,0,1,0,1,0,0,0,1,80555.0
4.0,11.0,5.0,3.0,6.0,1.0,3,1.0,17,0,1,1,1,1,1,0,0,1,1,0,57999.0
15.0,15.0,15.0,6.0,5.0,0.0,10,0.0,4,1,0,0,1,0,1,0,0,0,0,1,120000.0
11.0,15.0,11.0,6.0,6.0,0.0,2,0.0,3,0,0,1,0,0,0,0,0,0,0,1,65518.0
9.0,10.0,10.0,5.0,4.0,0.0,6,0.0,3,0,1,1,0,0,0,0,0,1,0,1,150000.0
14.0,18.0,14.0,6.0,7.0,2.0,6,1.0,1,0,0,0,0,0,0,0,0,1,0,1,64444.0
15.0,18.0,15.0,5.0,4.0,0.0,0,10.0,10,1,1,1,1,0,0,1,0,1,0,1,22378.0
3.0,6.0,10.0,5.0,8.0,1.0,6,7.0,5,1,0,0,0,1,0,0,0,0,0,1,18548.0
8.0,15.0,7.0,6.0,5.0,0.0,8,8.0,2,1,1,0,0,0,0,0,0,0,0,1,45000.0
0.0,6.0,10.0,6.0,5.0,1.0,6,10.0,3,1,0,0,0,0,0,0,0,0,0,1,34370.0
3.0,7.0,2.0,5.0,9.0,0.0,4,4.0,4,1,0,0,1,0,0,0,0,0,0,1,16510.0
16.0,16.0,16.0,3.0,4.0,2.0,6,10.0,13,1,1,0,1,1,0,1,1,1,1,1,23629.0
6.0,9.0,6.0,6.0,5.0,1.0,6,1.0,2,0,0,0,0,1,0,1,0,0,0,0,12000.0
20.0,23.0,23.0,6.0,6.0,1.0,3,0.0,2,0,0,0,1,1,0,0,0,0,0,1,81629.0
20.0,20.0,10.0,6.0,9.0,0.0,10,10.0,7,1,1,0,1,0,0,0,0,0,0,1,180000.0
7.0,13.0,6.0,5.0,5.0,1.0,6,1.0,6,0,1,0,1,0,0,0,0,0,0,1,18518.0
15.0,20.0,15.0,6.0,2.0,2.0,6,0.0,6,0,1,0,1,0,0,0,1,0,0,1,102504.0
3.0,6.0,10.0,2.0,1.0,0.0,9,0.0,7,1,1,1,1,1,1,0,0,0,0,0,38216.0
6.0,12.0,8.0,6.0,3.0,0.0,6,1.0,3,0,0,1,0,0,0,0,0,1,0,1,53171.0
6.0,16.0,6.0,6.0,5.0,0.0,2,8.0,4,0,1,0,0,0,0,1,0,0,0,1,48333.0
6.0,9.0,9.0,7.0,5.0,1.0,3,0.0,11,0,1,1,1,1,0,1,0,1,1,0,57999.0
7.0,10.0,7.0,6.0,5.0,0.0,8,1.0,1,0,0,0,0,1,0,0,0,0,0,1,96000.0
3.0,5.0,10.0,5.0,5.0,2.0,10,0.0,7,1,1,1,1,0,1,0,0,0,0,1,100000.0
8.0,12.0,10.0,5.0,1.0,0.0,6,0.0,7,0,1,1,1,0,0,0,0,0,0,0,200000.0
12.0,15.0,10.0,6.0,1.0,2.0,3,10.0,6,1,0,1,1,1,1,0,0,0,0,0,214812.0
7.0,10.0,7.0,2.0,5.0,1.0,6,0.0,8,0,1,1,1,0,1,0,0,1,0,1,46684.0
0.0,3.0,1.0,6.0,5.0,1.0,6,0.0,5,0,1,1,1,1,0,0,0,0,0,1,13533.0
14.0,18.0,17.0,5.0,4.0,1.0,6,0.0,7,0,1,1,1,0,1,0,0,0,0,1,48518.0
2.0,3.0,10.0,5.0,5.0,1.0,6,1.0,4,0,0,1,1,1,0,0,0,0,0,1,34338.0
1.0,6.0,10.0,4.0,3.0,2.0,6,1.0,6,1,1,0,1,0,0,1,0,0,1,1,30000.0
6.0,10.0,6.0,6.0,2.0,1.0,2,0.0,6,1,1,1,1,1,0,0,0,0,0,1,46185.0
3.0,5.0,10.0,6.0,5.0,1.0,6,2.0,3,1,1,0,0,0,0,0,0,0,0,1,81922.0
30.0,38.0,10.0,4.0,3.0,2.0,6,1.0,7,1,1,0,1,0,0,0,1,0,0,1,76206.0
23.0,23.0,23.0,5.0,4.0,2.0,6,1.0,2,0,0,0,0,0,0,0,0,0,1,1,82785.0
2.0,3.0,3.0,2.0,4.0,1.0,6,0.0,6,1,1,1,1,0,0,0,1,0,0,1,19797.0
11.0,15.0,11.0,5.0,7.0,1.0,4,0.0,5,0,1,1,1,0,0,0,0,0,0,1,43068.0
10.0,12.0,10.0,6.0,7.0,1.0,8,1.0,11,1,1,1,1,1,1,1,0,0,0,1,30000.0
2.0,3.0,2.0,5.0,5.0,0.0,8,0.0,3,0,1,1,0,0,0,0,0,0,0,1,14810.0
2.0,2.0,10.0,5.0,4.0,0.0,8,10.0,1,0,0,0,0,1,0,0,0,0,0,1,24000.0
20.0,25.0,10.0,5.0,5.0,0.0,9,0.0,4,1,1,0,0,1,0,0,0,0,0,1,95541.0
8.0,14.0,8.0,3.0,7.0,0.0,6,7.0,1,0,0,0,0,0,0,0,0,0,0,1,48333.0
25.0,25.0,25.0,5.0,4.0,0.0,10,0.0,8,1,1,1,1,1,0,0,0,0,0,1,163000.0
6.0,10.0,6.0,6.0,7.0,1.0,5,4.0,7,0,0,0,1,1,0,0,0,0,1,1,112777.0
46.0,45.0,10.0,3.0,1.0,0.0,9,10.0,2,0,0,0,0,0,0,0,0,0,0,0,12739.0
38.0,48.0,38.0,7.0,5.0,0.0,3,10.0,4,1,1,1,0,1,0,0,0,0,0,1,118147.0
1.0,4.0,10.0,5.0,2.0,0.0,8,1.0,5,0,1,1,1,0,1,0,0,0,0,0,27926.0
13.0,16.0,13.0,5.0,8.0,1.0,4,10.0,9,1,0,0,0,1,0,1,0,1,1,1,83744.0
25.0,30.0,25.0,6.0,5.0,0.0,10,0.0,6,0,1,1,1,0,1,0,0,0,0,1,160000.0
16.0,25.0,16.0,5.0,4.0,1.0,9,0.0,9,0,1,1,0,0,1,0,0,0,1,1,101910.0
16.0,20.0,16.0,6.0,8.0,0.0,6,1.0,5,0,1,0,1,0,0,0,0,0,0,1,193331.0
1.0,5.0,1.0,3.0,4.0,0.0,10,10.0,6,0,1,1,1,0,0,0,0,0,0,1,60000.0
1.0,4.0,10.0,6.0,4.0,0.0,8,1.0,3,0,0,0,1,1,1,0,0,0,0,1,11108.0
13.0,14.0,10.0,3.0,6.0,0.0,10,10.0,5,1,1,0,1,0,0,0,0,1,0,1,190000.0
3.0,8.0,4.0,5.0,9.0,0.0,6,0.0,7,1,1,1,1,0,0,0,0,0,0,1,18548.0
13.0,15.0,13.0,5.0,7.0,2.0,6,8.0,5,1,0,0,1,1,0,0,0,0,1,1,18000.0
28.0,32.0,33.0,6.0,4.0,1.0,10,1.0,6,0,1,0,1,0,1,1,0,0,0,1,140000.0
4.0,10.0,4.0,5.0,7.0,1.0,6,0.0,5,1,1,1,0,1,0,0,0,0,0,1,43518.0
2.0,6.0,3.0,5.0,6.0,1.0,10,0.0,3,0,1,1,0,0,0,0,0,0,0,1,120000.0
2.0,10.0,2.0,5.0,5.0,1.0,10,0.0,7,1,1,1,1,1,0,0,0,0,0,1,130000.0
2.0,3.0,2.0,5.0,9.0,1.0,6,8.0,1,0,1,0,0,0,0,0,0,0,0,1,83243.0
20.0,22.0,10.0,6.0,3.0,0.0,10,10.0,1,0,0,0,0,0,0,0,0,0,0,1,175000.0
10.0,13.0,10.0,5.0,4.0,0.0,6,6.0,7,0,1,1,1,0,1,0,0,0,0,1,105706.0
6.0,12.0,6.0,5.0,4.0,1.0,6,5.0,11,1,1,1,1,1,0,1,0,1,1,1,80555.0
6.0,10.0,6.0,5.0,7.0,0.0,5,1.0,1,0,0,0,0,0,0,0,0,1,0,1,107406.0
5.0,6.0,10.0,6.0,2.0,1.0,2,0.0,4,0,1,0,1,0,0,0,1,0,0,1,37592.0
10.0,12.0,10.0,5.0,5.0,0.0,10,1.0,3,0,0,0,0,0,1,0,0,0,0,1,100000.0
4.0,8.0,4.0,5.0,6.0,0.0,8,0.0,5,0,0,1,0,0,0,1,0,0,1,1,33817.0
3.0,3.0,3.0,3.0,4.0,0.0,6,0.0,7,0,1,1,1,1,0,1,0,0,0,1,24000.0
4.0,8.0,4.0,5.0,4.0,0.0,8,2.0,3,0,1,1,0,0,0,0,0,0,0,1,33000.0
10.0,10.0,10.0,5.0,6.0,2.0,6,1.0,2,1,0,0,0,0,0,0,0,0,0,1,27595.0
4.0,8.0,4.0,6.0,5.0,2.0,6,9.0,6,0,0,0,1,0,0,1,0,0,1,1,69814.0
2.0,12.0,10.0,5.0,4.0,1.0,10,1.0,6,1,1,1,0,0,0,1,0,0,1,1,140000.0
7.0,10.0,8.0,5.0,2.0,2.0,6,10.0,1,0,0,0,0,0,0,1,0,0,0,1,60481.0
13.0,15.0,10.0,6.0,2.0,1.0,6,0.0,7,1,1,0,1,0,0,1,1,0,0,0,36485.0
15.0,16.0,10.0,5.0,7.0,1.0,6,0.0,5,0,1,1,1,0,1,0,0,0,0,1,64570.0
3.0,13.0,5.0,5.0,9.0,1.0,10,0.0,3,0,1,1,0,0,0,0,0,0,0,1,90000.0
4.0,8.0,4.0,5.0,9.0,1.0,3,10.0,8,1,1,1,0,1,1,1,0,0,0,0,18259.0
18.0,26.0,26.0,6.0,5.0,0.0,8,0.0,4,0,1,1,0,0,1,0,0,0,0,1,50651.0
15.0,20.0,20.0,5.0,2.0,0.0,6,0.0,9,1,1,0,1,0,0,1,1,0,0,1,60000.0
6.0,8.0,6.0,5.0,5.0,0.0,6,0.0,5,0,1,1,1,0,0,0,0,0,1,1,59073.0
8.0,16.0,8.0,6.0,7.0,1.0,6,0.0,6,0,1,1,1,1,0,0,1,0,0,1,59073.0
1.0,7.0,1.0,5.0,5.0,1.0,6,0.0,6,0,1,1,1,0,1,0,0,0,0,1,53703.0
0.0,5.0,1.0,6.0,9.0,1.0,3,0.0,4,1,1,1,0,0,0,0,0,0,0,1,85925.0
18.0,22.0,20.0,5.0,2.0,0.0,9,2.0,4,0,1,0,1,0,0,0,1,0,0,1,95541.0
3.0,5.0,3.0,5.0,6.0,2.0,6,10.0,5,1,0,0,0,0,0,1,0,0,0,1,29696.0
10.0,11.0,10.0,6.0,4.0,0.0,6,6.0,4,0,1,0,1,0,0,0,0,0,1,0,134258.0
2.0,7.0,10.0,5.0,8.0,1.0,1,10.0,2,0,0,0,0,0,0,0,0,0,0,1,20354.0
10.0,10.0,10.0,3.0,9.0,1.0,6,5.0,8,1,0,0,1,0,0,1,1,0,0,1,97098.0
3.0,8.0,10.0,6.0,5.0,1.0,6,0.0,5,1,1,1,0,1,0,0,0,0,0,1,42962.0
8.0,11.0,8.0,5.0,3.0,1.0,3,0.0,3,0,1,0,0,0,0,0,1,0,0,1,77332.0
1.0,6.0,1.0,5.0,9.0,0.0,1,0.0,6,0,0,1,0,0,0,1,0,1,1,1,63243.0
7.0,10.0,14.0,7.0,4.0,0.0,10,1.0,3,1,0,0,1,0,0,0,0,0,1,1,180000.0
6.0,6.0,6.0,5.0,6.0,0.0,4,1.0,2,0,1,0,0,1,0,0,0,0,0,1,25123.0
26.0,30.0,25.0,6.0,6.0,0.0,10,1.0,3,1,0,1,0,0,0,0,0,0,0,1,167979.0
25.0,25.0,25.0,2.0,4.0,1.0,6,0.0,2,0,0,1,0,0,1,0,0,0,0,1,112309.0
9.0,14.0,10.0,5.0,1.0,0.0,4,10.0,2,0,1,1,0,0,0,0,0,0,0,0,135000.0
6.0,7.0,10.0,6.0,5.0,2.0,9,4.0,3,1,0,0,1,0,0,0,0,0,0,1,318470.0
25.0,28.0,27.0,6.0,9.0,1.0,10,10.0,3,0,0,0,1,0,0,0,0,0,0,1,160000.0
4.0,8.0,6.0,5.0,5.0,1.0,3,0.0,7,0,1,1,1,1,0,0,0,0,0,1,57999.0
4.0,6.0,10.0,7.0,7.0,0.0,7,10.0,2,1,0,0,1,0,0,0,0,0,0,1,52495.0
25.0,33.0,25.0,5.0,5.0,2.0,6,1.0,5,1,0,1,1,0,0,0,1,0,0,1,67945.0
16.0,20.0,16.0,6.0,9.0,0.0,0,1.0,2,1,0,0,0,1,0,0,0,0,0,1,55946.0
12.0,20.0,12.0,6.0,9.0,0.0,8,1.0,3,1,0,0,0,1,0,0,0,0,0,1,63600.0
23.0,39.0,10.0,7.0,7.0,1.0,2,10.0,5,0,1,0,0,0,0,1,0,0,0,1,44434.0
2.0,13.0,10.0,5.0,9.0,1.0,10,8.0,16,1,1,1,1,1,1,1,1,1,1,1,135000.0
7.0,16.0,7.0,6.0,3.0,1.0,3,10.0,5,0,1,1,0,0,1,0,0,1,0,1,128887.0
2.0,8.0,2.0,6.0,4.0,1.0,3,2.0,5,0,1,1,0,0,1,0,0,0,0,1,52629.0
6.0,10.0,7.0,5.0,3.0,0.0,6,1.0,6,1,0,0,1,1,0,0,1,0,0,1,35555.0
3.0,7.0,5.0,5.0,7.0,2.0,10,0.0,8,1,1,1,0,0,0,1,0,0,1,1,85000.0
6.0,9.0,6.0,5.0,3.0,2.0,3,0.0,9,1,0,0,0,0,1,1,1,1,0,0,79481.0
10.0,14.0,10.0,6.0,5.0,1.0,10,0.0,5,1,1,0,1,0,0,0,1,0,0,1,130000.0
26.0,26.0,30.0,3.0,6.0,2.0,10,0.0,6,0,1,0,1,0,1,0,0,0,0,1,110000.0
16.0,20.0,20.0,3.0,7.0,0.0,6,6.0,7,0,0,1,1,1,0,0,0,0,1,1,68677.0
17.0,24.0,24.0,3.0,7.0,0.0,6,0.0,4,0,1,0,1,0,0,0,1,0,0,1,161109.0
13.0,15.0,13.0,5.0,9.0,1.0,6,0.0,6,0,1,1,0,0,1,0,0,0,0,1,60147.0
4.0,14.0,5.0,3.0,3.0,0.0,6,0.0,7,0,1,1,1,0,0,0,1,0,0,1,59317.0
6.0,11.0,6.0,5.0,4.0,1.0,9,3.0,5,1,0,0,0,0,1,0,0,1,1,1,127388.0
20.0,30.0,10.0,4.0,7.0,1.0,1,1.0,6,1,1,0,1,0,0,0,1,0,0,1,79962.0
24.0,30.0,24.0,6.0,9.0,1.0,9,10.0,3,0,0,0,0,0,0,0,0,1,0,1,254776.0
7.0,11.0,9.0,5.0,4.0,1.0,6,1.0,8,0,1,1,0,1,1,1,0,0,1,1,75184.0
18.0,27.0,10.0,3.0,7.0,0.0,10,0.0,6,1,1,0,1,0,0,0,0,0,0,1,220000.0
11.0,20.0,11.0,4.0,6.0,0.0,3,0.0,4,0,1,1,0,0,0,0,0,1,0,1,96666.0
35.0,35.0,35.0,5.0,7.0,1.0,9,0.0,5,0,0,0,1,0,1,0,0,0,0,1,58598.0
10.0,15.0,10.0,6.0,4.0,1.0,6,1.0,4,1,0,0,0,1,0,0,0,0,1,1,128887.0
36.0,40.0,40.0,6.0,9.0,2.0,6,8.0,4,0,0,0,1,0,1,0,0,0,0,1,129602.0
8.0,8.0,8.0,4.0,2.0,0.0,6,2.0,9,0,1,1,1,1,1,0,0,0,0,1,53703.0
20.0,25.0,10.0,6.0,1.0,1.0,6,10.0,6,0,0,0,0,0,1,0,1,0,0,0,128887.0
21.0,25.0,21.0,6.0,4.0,2.0,6,1.0,3,0,0,0,0,1,0,0,0,0,1,0,94704.0
5.0,10.0,5.0,6.0,7.0,1.0,2,0.0,6,0,0,1,1,1,0,0,0,0,0,1,42962.0
3.0,8.0,2.0,5.0,7.0,0.0,6,1.0,6,1,1,0,1,0,0,0,0,0,0,1,31978.0
12.0,15.0,12.0,5.0,6.0,0.0,10,0.0,5,0,1,1,1,0,1,0,0,0,0,1,145000.0
3.0,7.0,10.0,6.0,4.0,1.0,6,10.0,4,1,1,1,1,0,0,0,0,0,0,1,30074.0
9.0,12.0,10.0,5.0,6.0,1.0,10,7.0,4,1,0,0,0,1,0,0,0,0,0,1,200000.0
11.0,12.0,10.0,5.0,2.0,2.0,3,0.0,8,1,1,1,1,0,0,0,1,0,0,1,77332.0
3.0,10.0,7.0,6.0,7.0,1.0,6,10.0,4,1,0,0,0,0,0,0,0,0,0,1,70193.0
2.0,6.0,2.0,5.0,9.0,1.0,10,2.0,2,0,0,1,0,1,0,0,0,0,0,1,250000.0
3.0,5.0,10.0,5.0,4.0,0.0,6,1.0,5,1,1,1,0,0,0,0,0,1,0,1,17479.0
10.0,18.0,10.0,5.0,2.0,0.0,6,0.0,7,0,1,1,1,0,0,0,1,0,0,1,39745.0
2.0,5.0,10.0,5.0,7.0,1.0,3,3.0,7,1,0,0,1,1,0,0,0,0,0,1,64444.0
12.0,19.0,12.0,4.0,9.0,0.0,9,0.0,4,1,1,0,0,0,0,0,0,0,0,1,138216.0
10.0,13.0,10.0,6.0,9.0,0.0,4,3.0,8,1,1,1,1,1,1,0,0,0,0,1,41872.0
15.0,17.0,15.0,6.0,3.0,0.0,8,5.0,7,0,1,1,1,1,0,0,0,0,0,0,66647.0
10.0,13.0,10.0,5.0,4.0,1.0,7,0.0,6,0,0,1,1,1,0,0,0,0,0,1,37592.0
13.0,20.0,10.0,6.0,4.0,1.0,6,1.0,12,0,1,1,1,1,0,0,0,1,0,1,64444.0
8.0,17.0,10.0,2.0,4.0,0.0,10,0.0,8,0,1,1,1,0,1,0,0,0,0,1,160000.0
4.0,8.0,4.0,5.0,7.0,2.0,6,4.0,4,1,1,0,1,0,0,0,0,0,0,1,198326.0
5.0,9.0,10.0,5.0,3.0,0.0,10,10.0,4,1,1,0,1,0,0,0,0,0,1,0,20000.0
5.0,7.0,5.0,4.0,4.0,0.0,10,2.0,3,0,1,1,0,0,0,0,0,0,0,1,105000.0
1.0,4.0,2.0,5.0,5.0,2.0,6,0.0,4,0,1,0,0,1,0,0,0,0,0,1,39740.0
6.0,6.0,6.0,5.0,6.0,0.0,10,0.0,5,0,1,1,1,0,0,0,0,0,0,1,175000.0
3.0,12.0,10.0,6.0,5.0,1.0,3,8.0,6,0,1,1,1,0,1,0,0,0,0,1,48333.0
4.0,9.0,4.0,6.0,4.0,1.0,6,0.0,7,0,1,1,0,0,1,0,1,0,0,1,52175.0
11.0,17.0,10.0,5.0,6.0,1.0,1,0.0,3,0,1,0,0,1,0,0,0,0,0,1,106466.0
18.0,26.0,18.0,3.0,9.0,0.0,10,0.0,5,0,1,1,0,0,0,0,0,0,0,1,209000.0
9.0,11.0,10.0,5.0,1.0,0.0,2,0.0,7,1,1,1,1,0,0,0,1,0,0,0,128887.0
10.0,22.0,8.0,5.0,9.0,1.0,4,0.0,4,0,1,1,0,0,0,0,0,0,0,1,31105.0
3.0,4.0,3.0,5.0,9.0,0.0,6,4.0,2,1,0,0,0,0,0,0,0,0,0,1,79866.0
2.0,8.0,3.0,5.0,7.0,1.0,1,10.0,5,1,1,0,1,0,0,0,0,1,0,1,74147.0
15.0,30.0,15.0,7.0,5.0,1.0,3,10.0,2,1,0,0,0,0,0,1,0,0,0,1,80555.0
3.0,8.0,10.0,6.0,4.0,1.0,2,0.0,9,1,1,1,1,1,0,0,0,0,0,1,42962.0
7.0,9.0,9.0,6.0,6.0,1.0,9,1.0,2,0,1,1,0,0,0,0,0,0,0,1,152865.0
20.0,25.0,25.0,2.0,7.0,0.0,10,6.0,5,0,1,1,0,0,0,0,0,0,0,1,126605.0
3.0,6.0,4.0,6.0,7.0,1.0,6,0.0,9,1,1,1,1,1,0,0,0,0,0,1,77873.0
16.0,26.0,10.0,5.0,4.0,1.0,10,5.0,8,1,1,1,1,0,0,0,1,0,0,1,194400.0
0.0,5.0,10.0,3.0,6.0,1.0,10,9.0,6,0,1,0,0,0,0,0,0,0,1,1,40000.0
20.0,40.0,20.0,7.0,2.0,0.0,10,1.0,9,1,1,1,0,1,0,0,0,0,0,1,130000.0
9.0,13.0,10.0,5.0,2.0,1.0,10,0.0,11,1,1,1,1,0,0,0,0,0,1,1,120000.0
4.0,21.0,6.0,6.0,5.0,1.0,3,5.0,3,0,0,0,0,0,0,0,0,1,0,1,69814.0
16.0,20.0,10.0,6.0,5.0,0.0,6,1.0,5,0,1,0,1,0,0,0,1,1,0,0,95026.0
6.0,8.0,6.0,5.0,4.0,2.0,6,2.0,5,0,1,1,0,0,0,0,0,0,0,1,32222.0
2.0,8.0,2.0,6.0,5.0,1.0,2,0.0,6,1,1,0,0,1,0,0,0,0,0,1,39203.0
14.0,16.0,14.0,6.0,6.0,1.0,10,0.0,5,0,0,1,1,0,1,1,0,0,0,1,100000.0
14.0,19.0,15.0,5.0,5.0,1.0,9,0.0,9,1,1,0,1,0,1,1,0,0,0,1,96815.0
5.0,8.0,5.0,5.0,7.0,1.0,10,9.0,6,0,0,0,0,1,1,1,0,0,1,1,94420.0
9.0,10.0,9.0,5.0,9.0,2.0,4,2.0,3,0,1,0,1,0,0,0,0,0,0,1,13160.0
2.0,3.0,10.0,4.0,4.0,1.0,2,8.0,2,0,1,1,0,0,0,0,0,0,0,1,32222.0
12.0,20.0,12.0,5.0,4.0,0.0,6,1.0,7,1,0,1,1,1,0,0,0,0,1,1,70989.0
10.0,13.0,10.0,7.0,2.0,0.0,7,10.0,3,0,1,1,0,0,0,0,0,0,0,1,56925.0
4.0,8.0,5.0,7.0,2.0,2.0,6,0.0,9,1,1,1,1,0,1,0,0,0,0,1,55495.0
8.0,15.0,8.0,5.0,9.0,1.0,10,0.0,7,0,1,1,1,0,1,0,0,0,0,1,94000.0
35.0,28.0,36.0,6.0,9.0,1.0,3,0.0,12,1,1,0,1,1,0,0,0,0,0,0,150369.0
2.0,4.0,2.0,5.0,5.0,1.0,10,2.0,6,1,1,1,1,1,0,0,0,0,0,1,104000.0
6.0,11.0,7.0,5.0,9.0,1.0,10,5.0,7,1,1,1,0,1,0,0,0,1,0,1,156000.0
8.0,15.0,8.0,6.0,5.0,1.0,6,10.0,6,1,0,0,0,0,0,1,0,1,1,1,71538.0
1.0,5.0,10.0,6.0,4.0,0.0,6,3.0,5,1,1,0,1,0,0,1,0,1,0,1,106562.0
7.0,10.0,33.0,5.0,4.0,0.0,6,0.0,5,0,1,0,1,0,0,0,1,0,0,1,70008.0
32.0,34.0,10.0,3.0,1.0,0.0,6,10.0,10,1,1,0,1,1,0,0,0,0,0,0,89102.0
26.0,30.0,27.0,3.0,7.0,0.0,1,10.0,12,1,1,1,1,0,0,0,1,1,1,0,230000.0
3.0,5.0,3.0,6.0,4.0,0.0,6,1.0,2,0,0,0,1,0,0,0,0,1,0,0,22000.0
1.0,10.0,1.0,5.0,5.0,2.0,9,1.0,3,1,1,0,0,0,0,0,0,0,1,1,70063.0
7.0,16.0,10.0,6.0,4.0,2.0,6,1.0,6,1,0,0,1,0,1,1,0,0,0,1,89684.0
10.0,12.0,12.0,5.0,9.0,1.0,3,5.0,11,1,0,0,1,1,0,0,0,0,0,1,103110.0
12.0,20.0,12.0,2.0,2.0,2.0,6,0.0,8,1,1,1,1,0,0,0,1,1,0,1,36088.0
14.0,16.0,16.0,6.0,4.0,0.0,8,1.0,5,1,0,0,1,0,0,1,0,0,0,1,71090.0
6.0,10.0,10.0,7.0,5.0,1.0,9,10.0,3,1,0,0,0,0,0,0,0,0,0,1,108280.0
5.0,11.0,5.0,5.0,9.0,1.0,6,9.0,2,1,0,0,0,0,0,0,0,0,0,1,41794.0
3.0,5.0,3.0,5.0,3.0,1.0,6,10.0,3,1,1,0,0,0,0,1,0,0,0,1,17687.0
16.0,30.0,16.0,6.0,6.0,1.0,3,8.0,5,0,1,0,1,1,1,0,0,0,0,1,64444.0
9.0,15.0,12.0,6.0,7.0,0.0,10,6.0,11,1,1,1,0,1,0,1,1,0,1,1,165000.0
10.0,20.0,9.0,6.0,5.0,1.0,6,10.0,17,1,1,1,1,1,1,1,1,1,0,1,54351.0
22.0,30.0,25.0,5.0,7.0,0.0,10,0.0,6,0,1,1,1,1,0,0,0,0,0,1,250000.0
1.0,3.0,10.0,5.0,5.0,2.0,6,0.0,7,1,1,0,1,0,1,1,1,0,0,1,22555.0
24.0,26.0,10.0,3.0,4.0,0.0,6,8.0,3,0,1,0,1,1,0,0,0,0,0,1,16628.0
12.0,18.0,12.0,3.0,2.0,0.0,3,0.0,11,1,1,1,1,0,0,0,1,0,1,1,64444.0
3.0,9.0,3.0,2.0,3.0,2.0,6,7.0,16,1,1,1,1,1,1,1,1,1,1,1,24386.0
24.0,30.0,10.0,4.0,2.0,0.0,10,0.0,8,0,1,1,1,0,0,0,0,1,1,1,210000.0
12.0,18.0,16.0,5.0,5.0,0.0,6,1.0,2,1,0,0,0,0,0,0,0,0,0,1,155739.0
11.0,15.0,10.0,5.0,5.0,0.0,6,1.0,3,1,0,0,1,0,0,0,0,0,0,1,48333.0
8.0,12.0,10.0,6.0,9.0,1.0,8,5.0,2,0,0,0,1,0,0,0,0,1,0,1,120000.0
2.0,5.0,2.0,2.0,3.0,0.0,6,2.0,4,0,1,1,0,0,0,0,0,0,0,1,12512.0
26.0,36.0,26.0,6.0,5.0,1.0,6,0.0,5,0,0,1,1,1,0,0,0,0,0,1,96666.0
4.0,10.0,4.0,5.0,5.0,1.0,3,0.0,4,1,0,0,0,1,0,0,0,0,0,1,74540.0
18.0,22.0,18.0,6.0,4.0,0.0,6,4.0,2,1,0,0,1,0,0,0,0,0,0,0,79051.0
4.0,8.0,10.0,6.0,4.0,1.0,10,10.0,6,1,0,0,0,0,0,0,0,1,1,1,60000.0
2.0,10.0,2.0,6.0,9.0,1.0,2,10.0,9,1,1,0,0,1,0,0,0,1,1,1,32222.0
5.0,8.0,5.0,6.0,4.0,1.0,6,8.0,2,0,0,0,0,0,1,1,0,0,0,1,47513.0
4.0,8.0,8.0,6.0,6.0,0.0,10,0.0,5,1,1,0,1,0,0,0,1,0,0,1,50000.0
14.0,27.0,14.0,6.0,8.0,0.0,10,10.0,3,1,0,0,1,0,0,0,0,0,0,1,155000.0
3.0,6.0,3.0,5.0,7.0,1.0,6,1.0,9,0,1,1,1,1,0,0,1,0,0,1,50554.0
14.0,19.0,19.0,6.0,3.0,0.0,6,1.0,5,0,1,0,1,0,0,0,1,0,0,1,91045.0
4.0,7.0,4.0,5.0,4.0,1.0,6,8.0,6,0,1,1,1,0,1,0,0,0,1,1,53703.0
33.0,43.0,10.0,5.0,1.0,0.0,9,0.0,5,0,1,0,1,0,1,0,0,0,0,0,101910.0
3.0,7.0,3.0,5.0,8.0,1.0,10,2.0,5,1,1,1,0,0,0,0,0,0,0,1,100000.0
9.0,11.0,10.0,5.0,4.0,1.0,5,1.0,5,1,1,0,1,0,0,0,0,0,1,1,83777.0
32.0,35.0,33.0,5.0,4.0,0.0,10,8.0,5,1,0,0,0,0,1,1,0,0,0,1,150000.0
13.0,21.0,12.0,6.0,5.0,0.0,6,0.0,8,0,1,1,1,0,1,0,1,0,0,1,86613.0
13.0,17.0,13.0,5.0,5.0,0.0,10,0.0,6,0,1,0,1,1,0,0,0,0,0,1,135000.0
40.0,43.0,41.0,6.0,3.0,0.0,10,8.0,5,0,1,0,1,0,1,0,0,0,0,0,260000.0
3.0,5.0,3.0,5.0,6.0,1.0,4,7.0,2,0,0,0,0,1,0,0,1,0,0,1,13160.0
8.0,9.0,8.0,6.0,2.0,0.0,8,2.0,3,0,1,1,0,0,0,0,0,0,0,1,48000.0
24.0,27.0,10.0,3.0,4.0,0.0,6,8.0,3,0,0,0,1,0,1,0,0,0,0,1,71962.0
24.0,30.0,24.0,6.0,7.0,2.0,6,8.0,5,1,0,1,1,1,0,0,0,0,0,1,102950.0
3.0,3.0,3.0,7.0,2.0,2.0,6,0.0,5,0,1,1,1,0,1,0,0,0,0,0,13520.0
8.0,10.0,11.0,6.0,2.0,1.0,0,10.0,9,1,1,1,1,1,0,1,0,0,0,1,16112.0
10.0,12.0,20.0,3.0,9.0,0.0,10,0.0,4,1,1,0,0,0,0,0,0,1,0,1,240000.0
3.0,14.0,3.0,6.0,5.0,1.0,10,9.0,6,1,0,0,0,0,0,1,0,1,1,1,125000.0
5.0,5.0,10.0,6.0,3.0,1.0,9,10.0,1,0,0,0,0,0,0,0,0,0,0,1,70063.0
2.0,5.0,2.0,5.0,7.0,1.0,6,0.0,8,1,1,1,1,0,0,1,0,0,0,1,26852.0
14.0,18.0,12.0,6.0,7.0,0.0,10,1.0,1,0,0,0,0,0,0,0,0,1,0,1,250000.0
11.0,12.0,11.0,3.0,7.0,1.0,3,7.0,5,1,1,0,0,0,0,0,0,0,0,1,85925.0
8.0,10.0,10.0,7.0,8.0,2.0,10,10.0,2,1,0,0,0,0,0,0,0,0,1,1,90000.0
8.0,11.0,10.0,5.0,7.0,0.0,8,1.0,3,0,1,1,0,0,0,0,1,0,0,1,72000.0
1.0,8.0,1.0,6.0,5.0,1.0,5,4.0,3,1,0,0,0,0,0,1,0,0,0,1,48333.0
7.0,8.0,8.0,5.0,4.0,0.0,9,2.0,4,1,1,1,0,0,0,0,0,0,0,1,66242.0
9.0,14.0,9.0,3.0,3.0,0.0,4,0.0,4,0,1,1,0,0,0,0,0,0,0,1,26320.0
29.0,39.0,10.0,5.0,5.0,0.0,10,6.0,5,0,1,0,1,0,0,0,0,1,0,1,185000.0
7.0,9.0,6.0,5.0,7.0,1.0,6,1.0,2,0,0,0,1,0,0,0,0,0,0,1,151112.0
9.0,12.0,10.0,5.0,5.0,2.0,6,0.0,13,1,1,1,1,1,1,1,1,1,0,1,46298.0
8.0,10.0,10.0,5.0,5.0,0.0,1,0.0,19,0,0,0,0,0,1,0,0,0,0,1,163559.0
17.0,22.0,17.0,5.0,8.0,0.0,6,0.0,8,1,1,1,1,1,0,0,0,0,0,1,123999.0
2.0,5.0,9.0,2.0,3.0,1.0,6,0.0,7,1,1,1,0,0,0,0,1,1,0,1,45111.0
2.0,6.0,7.0,3.0,5.0,2.0,10,10.0,6,1,1,1,1,0,0,0,0,0,1,1,55000.0
5.0,5.0,10.0,6.0,4.0,0.0,2,1.0,3,1,0,0,1,1,0,0,0,0,0,1,85925.0
13.0,24.0,13.0,5.0,2.0,0.0,4,10.0,4,1,1,0,0,1,0,0,0,1,0,0,59817.0
15.0,20.0,15.0,6.0,8.0,1.0,2,3.0,4,0,0,0,0,0,1,0,0,0,0,0,96666.0
6.0,13.0,6.0,5.0,5.0,1.0,6,0.0,7,0,1,1,0,0,0,0,0,0,0,1,31822.0
26.0,36.0,29.0,5.0,5.0,0.0,10,0.0,4,0,1,0,1,0,1,0,0,0,0,1,167000.0
6.0,11.0,10.0,2.0,4.0,1.0,6,10.0,7,1,1,1,1,0,0,0,0,0,1,1,89189.0
10.0,12.0,12.0,5.0,9.0,1.0,10,10.0,12,1,1,0,1,0,1,0,0,1,0,1,90000.0
3.0,7.0,10.0,6.0,8.0,0.0,8,3.0,3,1,0,0,1,0,0,0,0,0,0,1,17772.0
14.0,30.0,14.0,6.0,7.0,0.0,6,5.0,6,1,1,0,0,0,0,0,0,1,1,0,128682.0
8.0,12.0,10.0,6.0,9.0,0.0,10,6.0,6,1,1,0,1,1,0,0,0,0,0,1,140000.0
16.0,20.0,20.0,7.0,6.0,1.0,6,1.0,4,0,1,0,0,1,0,0,0,0,0,0,82526.0
6.0,11.0,10.0,5.0,4.0,1.0,6,0.0,6,1,1,1,1,0,0,0,0,0,0,1,73748.0
5.0,20.0,7.0,5.0,4.0,1.0,6,1.0,3,0,1,1,0,0,0,0,0,0,0,1,85886.0
10.0,12.0,10.0,6.0,9.0,1.0,6,0.0,6,1,1,1,1,1,1,0,0,0,0,1,90221.0
23.0,23.0,10.0,6.0,6.0,0.0,10,10.0,5,1,1,0,1,0,1,0,0,0,0,1,144000.0
5.0,7.0,10.0,5.0,4.0,1.0,5,1.0,1,0,0,0,0,0,0,0,0,1,0,1,57999.0
13.0,18.0,13.0,5.0,5.0,1.0,9,0.0,4,1,1,0,0,0,0,0,0,0,0,1,101910.0
5.0,7.0,10.0,5.0,4.0,2.0,6,0.0,6,0,1,0,1,0,0,0,1,1,0,1,25563.0
6.0,11.0,6.0,6.0,6.0,1.0,6,2.0,2,0,1,0,0,0,0,0,0,0,0,1,45111.0
15.0,15.0,15.0,3.0,4.0,1.0,6,0.0,8,0,1,1,1,0,1,0,0,0,0,1,110622.0
37.0,40.0,40.0,6.0,9.0,1.0,9,0.0,5,0,0,0,1,1,0,0,0,0,0,1,90445.0
3.0,20.0,10.0,6.0,5.0,1.0,10,4.0,6,1,1,0,1,0,1,0,0,0,0,1,95000.0
5.0,8.0,5.0,5.0,5.0,0.0,10,0.0,6,0,1,1,0,0,1,0,0,1,0,1,99500.0
30.0,40.0,10.0,3.0,1.0,0.0,10,8.0,7,0,0,0,1,0,0,1,1,0,0,0,200000.0
30.0,41.0,30.0,5.0,6.0,2.0,10,0.0,4,0,1,0,1,0,0,0,1,0,0,1,90000.0
6.0,16.0,4.0,6.0,2.0,0.0,3,1.0,1,1,0,0,0,0,0,0,0,0,0,1,69814.0
23.0,25.0,25.0,5.0,4.0,0.0,10,10.0,8,0,1,1,1,0,1,0,0,1,0,1,115000.0
13.0,20.0,13.0,6.0,9.0,1.0,6,0.0,6,0,1,1,1,0,1,0,0,0,0,1,108587.0
10.0,14.0,10.0,5.0,8.0,1.0,10,1.0,6,0,0,1,1,1,0,0,0,0,0,1,350000.0
5.0,10.0,10.0,6.0,4.0,1.0,6,1.0,4,1,0,0,0,0,0,0,0,1,0,1,75184.0
6.0,12.0,6.0,6.0,6.0,1.0,6,0.0,4,0,1,1,0,0,1,0,0,0,0,1,87508.0
16.0,21.0,10.0,2.0,5.0,1.0,6,8.0,1,0,0,0,0,0,1,0,0,0,0,1,70244.0
14.0,20.0,14.0,4.0,3.0,0.0,3,0.0,6,1,1,0,1,0,0,0,0,0,0,1,77332.0
12.0,25.0,12.0,5.0,3.0,1.0,10,6.0,7,1,1,1,1,0,0,0,0,0,0,1,152000.0
2.0,9.0,2.0,3.0,2.0,1.0,9,1.0,2,1,0,0,1,0,0,0,0,0,0,1,48407.0
15.0,22.0,10.0,3.0,5.0,1.0,6,10.0,6,0,1,1,1,0,0,0,0,1,0,0,51555.0
19.0,26.0,10.0,6.0,1.0,0.0,2,1.0,8,1,0,0,1,0,1,1,0,0,0,0,80555.0
11.0,12.0,10.0,6.0,9.0,1.0,4,1.0,10,1,1,1,1,1,0,0,1,0,0,1,40676.0
20.0,30.0,10.0,7.0,5.0,1.0,6,0.0,2,0,0,0,1,0,1,0,0,0,0,1,75184.0
12.0,21.0,10.0,6.0,6.0,1.0,9,0.0,1,1,0,0,0,0,0,0,0,0,0,1,114649.0
7.0,25.0,20.0,6.0,9.0,0.0,10,4.0,4,1,0,0,1,1,0,0,0,0,0,1,110000.0
12.0,16.0,12.0,5.0,5.0,1.0,6,10.0,3,0,1,0,1,0,1,0,0,0,0,1,119810.0
4.0,10.0,4.0,3.0,3.0,1.0,9,0.0,2,0,1,0,0,0,0,0,0,0,0,1,35032.0
10.0,10.0,10.0,5.0,2.0,0.0,10,0.0,9,1,1,1,1,0,1,0,1,0,0,0,45000.0
7.0,14.0,5.0,5.0,7.0,1.0,0,1.0,11,1,1,1,1,0,1,1,0,0,0,1,20364.0
12.0,20.0,12.0,6.0,4.0,1.0,5,7.0,6,0,0,0,0,0,1,0,0,0,0,1,96666.0
3.0,6.0,3.0,5.0,7.0,1.0,6,0.0,6,0,1,1,1,0,0,0,0,1,0,1,44818.0
1.0,10.0,10.0,6.0,3.0,1.0,9,10.0,6,1,1,1,1,0,0,0,0,0,0,1,44586.0
6.0,11.0,6.0,5.0,3.0,0.0,8,0.0,5,0,1,1,1,0,0,0,1,0,0,1,30000.0
6.0,12.0,12.0,5.0,2.0,0.0,6,0.0,6,1,1,1,0,1,0,0,0,0,0,1,36711.0
4.0,10.0,4.0,7.0,2.0,0.0,6,0.0,4,1,1,0,1,0,0,0,0,0,0,1,72532.0
3.0,7.0,10.0,6.0,4.0,1.0,2,0.0,12,0,1,1,1,1,1,1,0,1,1,0,22555.0
12.0,20.0,12.0,3.0,9.0,1.0,6,1.0,4,0,0,0,1,1,0,0,0,1,0,1,31038.0
0.0,2.0,10.0,6.0,4.0,0.0,6,10.0,2,1,0,0,0,0,0,0,0,0,0,0,89087.0
1.0,4.0,1.0,5.0,4.0,2.0,4,7.0,2,0,0,0,0,0,0,1,0,0,0,1,17945.0
10.0,25.0,25.0,5.0,9.0,1.0,10,10.0,10,1,1,0,1,0,0,0,0,0,0,1,140000.0
8.0,15.0,8.0,6.0,6.0,0.0,8,1.0,2,0,0,0,1,0,1,0,0,0,0,1,60000.0
25.0,30.0,10.0,5.0,5.0,0.0,10,8.0,3,1,0,0,0,0,0,1,0,0,0,1,150000.0
7.0,15.0,7.0,5.0,2.0,2.0,10,10.0,8,1,1,1,0,1,0,1,0,1,0,1,150000.0
3.0,7.0,3.0,5.0,5.0,1.0,4,1.0,5,1,0,0,1,0,1,1,0,0,0,1,19142.0
9.0,13.0,9.0,6.0,4.0,0.0,6,0.0,4,0,1,0,1,1,0,0,0,0,0,1,59073.0
14.0,20.0,14.0,6.0,4.0,2.0,6,1.0,4,1,0,0,1,1,0,0,0,0,0,1,91295.0
1.0,3.0,15.0,5.0,6.0,0.0,10,1.0,6,1,1,0,1,0,0,0,0,0,0,1,100000.0
6.0,15.0,6.0,3.0,4.0,1.0,5,4.0,3,1,0,0,1,0,0,0,0,1,0,1,102036.0
24.0,25.0,25.0,5.0,8.0,1.0,10,10.0,6,1,0,0,0,0,0,0,0,0,1,1,165000.0
10.0,11.0,10.0,6.0,9.0,1.0,10,1.0,1,1,0,0,0,0,0,0,0,0,0,1,125000.0
3.0,16.0,10.0,6.0,4.0,1.0,2,0.0,4,1,0,0,0,0,0,0,0,0,0,1,50481.0
12.0,18.0,12.0,5.0,5.0,1.0,2,10.0,9,1,1,1,0,0,1,0,1,0,0,1,81629.0
26.0,28.0,10.0,6.0,7.0,1.0,9,5.0,8,1,0,0,0,0,1,1,0,0,0,1,76433.0
7.0,10.0,7.0,6.0,4.0,2.0,2,1.0,5,0,1,1,1,0,0,0,1,0,0,1,56925.0
2.0,7.0,10.0,6.0,7.0,1.0,3,10.0,4,1,0,0,1,0,0,0,0,0,1,1,59073.0
0.0,1.0,10.0,5.0,1.0,0.0,0,10.0,9,0,1,0,0,1,1,1,1,0,0,0,33568.0
10.0,12.0,10.0,6.0,5.0,1.0,2,0.0,5,0,1,1,1,0,1,0,0,0,0,1,48333.0
1.0,3.0,10.0,5.0,8.0,1.0,6,3.0,3,1,0,0,1,0,0,0,0,0,0,1,27926.0
22.0,35.0,22.0,5.0,7.0,0.0,9,0.0,8,0,1,1,1,0,0,0,1,1,0,1,63694.0
10.0,15.0,10.0,5.0,9.0,2.0,10,8.0,3,1,0,0,0,0,0,1,0,0,0,1,132000.0
2.0,8.0,2.0,3.0,4.0,0.0,6,0.0,4,0,1,1,0,0,0,0,0,1,0,1,32391.0
51.0,51.0,10.0,5.0,1.0,0.0,10,8.0,6,0,0,0,1,0,1,0,0,0,0,0,180000.0
6.0,6.0,6.0,2.0,3.0,1.0,10,6.0,7,0,1,1,1,0,0,0,0,1,1,1,140000.0
8.0,9.0,8.0,6.0,2.0,1.0,6,1.0,5,0,1,1,1,1,0,0,0,0,0,1,93591.0
8.0,8.0,8.0,5.0,7.0,0.0,4,0.0,4,1,1,1,0,0,0,0,0,0,0,1,34096.0
9.0,12.0,10.0,5.0,9.0,1.0,6,0.0,9,0,1,0,1,1,0,0,1,0,0,1,64444.0
9.0,16.0,9.0,6.0,6.0,0.0,1,10.0,3,1,0,0,1,0,0,0,0,0,0,1,163559.0
39.0,47.0,39.0,5.0,7.0,0.0,10,0.0,3,0,1,0,0,0,1,0,0,0,0,1,250000.0
2.0,5.0,5.0,5.0,9.0,2.0,10,9.0,5,1,0,0,0,0,0,1,0,0,1,1,101000.0
10.0,18.0,10.0,6.0,5.0,1.0,6,6.0,3,0,1,0,0,0,1,0,0,0,0,1,77332.0
10.0,19.0,10.0,3.0,9.0,0.0,9,10.0,10,1,1,0,1,1,0,0,1,0,0,1,72611.0
11.0,14.0,11.0,2.0,5.0,0.0,6,1.0,4,0,1,1,0,0,1,0,1,0,0,1,88073.0
0.0,6.0,1.0,6.0,9.0,1.0,6,10.0,5,1,0,0,0,1,1,1,0,0,0,1,53703.0
15.0,18.0,2.0,2.0,5.0,0.0,3,1.0,5,0,0,0,1,1,0,0,0,0,0,1,99888.0
40.0,42.0,42.0,6.0,2.0,1.0,6,7.0,4,0,0,0,0,1,0,0,0,0,1,1,85925.0
8.0,10.0,8.0,6.0,9.0,0.0,6,1.0,6,1,1,1,0,1,0,0,0,0,0,1,18765.0
6.0,10.0,10.0,6.0,7.0,1.0,8,0.0,5,0,1,1,1,0,1,0,0,0,0,1,36000.0
8.0,8.0,10.0,5.0,5.0,1.0,10,9.0,3,1,0,0,0,0,0,1,0,0,0,1,120000.0
2.0,2.0,10.0,6.0,4.0,2.0,6,10.0,5,1,1,1,0,0,0,0,0,0,0,1,52433.0
25.0,38.0,25.0,3.0,2.0,1.0,2,6.0,7,1,1,0,1,0,0,0,1,0,0,1,53703.0
25.0,40.0,23.0,3.0,7.0,1.0,6,1.0,8,0,1,0,1,1,0,0,1,0,0,1,53703.0
2.0,12.0,2.0,5.0,9.0,1.0,9,5.0,11,1,1,1,1,1,0,0,0,1,1,1,44586.0
1.0,4.0,1.0,5.0,5.0,2.0,6,0.0,4,0,1,1,1,1,0,0,0,0,0,1,15951.0
10.0,17.0,10.0,2.0,7.0,0.0,3,1.0,2,0,1,0,0,0,0,0,0,0,0,1,107406.0
24.0,30.0,10.0,5.0,5.0,0.0,7,0.0,2,0,0,0,0,0,0,0,0,0,0,1,128887.0
3.0,8.0,3.0,5.0,7.0,0.0,1,0.0,5,0,1,1,1,0,1,0,0,0,0,1,79962.0
5.0,15.0,10.0,5.0,4.0,0.0,3,0.0,9,0,1,1,1,1,0,0,1,1,0,1,80555.0
12.0,15.0,10.0,6.0,4.0,0.0,10,0.0,6,1,1,1,1,0,1,0,0,0,0,1,150000.0
10.0,13.0,16.0,3.0,6.0,0.0,9,5.0,3,0,0,0,0,0,0,0,0,1,0,1,108280.0
1.0,2.0,2.0,5.0,3.0,2.0,4,0.0,7,0,1,1,1,0,0,0,1,1,1,1,11963.0
13.0,21.0,10.0,6.0,5.0,0.0,8,7.0,2,0,0,0,0,0,0,0,0,0,0,1,48000.0
6.0,11.0,6.0,6.0,5.0,1.0,6,10.0,6,1,0,0,0,1,0,1,0,0,0,1,53606.0
12.0,17.0,10.0,5.0,8.0,0.0,8,1.0,3,1,1,0,0,1,0,0,0,0,0,1,49368.0
8.0,5.0,10.0,6.0,9.0,2.0,6,10.0,1,0,0,0,0,0,0,0,0,0,0,1,17927.0
2.0,6.0,2.0,5.0,9.0,2.0,10,1.0,3,0,0,0,0,0,1,0,0,1,0,1,150000.0
41.0,45.0,10.0,3.0,5.0,1.0,6,0.0,3,0,0,1,0,0,1,0,0,0,0,1,144002.0
10.0,14.0,10.0,5.0,5.0,0.0,6,1.0,5,0,1,1,0,0,0,0,1,0,0,1,30000.0
4.0,8.0,4.0,5.0,5.0,2.0,6,0.0,6,0,1,1,1,1,0,0,0,0,0,1,16937.0
2.0,9.0,2.0,3.0,3.0,0.0,10,0.0,12,1,1,1,0,0,0,1,0,1,0,0,52000.0
16.0,24.0,16.0,6.0,3.0,2.0,6,0.0,8,1,1,1,1,1,0,0,0,0,0,1,33973.0
21.0,25.0,21.0,5.0,9.0,0.0,10,10.0,2,0,0,0,0,0,0,0,0,1,0,1,250000.0
12.0,15.0,10.0,6.0,4.0,0.0,10,10.0,4,1,0,1,1,0,0,0,0,0,0,1,145000.0
3.0,7.0,10.0,6.0,8.0,2.0,2,0.0,5,1,1,1,0,0,0,0,0,0,0,0,26852.0
24.0,28.0,24.0,5.0,6.0,0.0,6,0.0,7,1,1,0,0,1,1,0,1,1,0,1,80555.0
2.0,13.0,2.0,4.0,2.0,2.0,9,10.0,7,1,1,1,0,0,1,0,0,0,1,1,23847.0
38.0,38.0,10.0,6.0,3.0,1.0,10,0.0,7,0,1,1,0,1,0,0,0,1,0,1,105000.0
12.0,17.0,12.0,5.0,9.0,1.0,10,1.0,2,0,0,0,0,1,0,0,0,0,0,1,170000.0
6.0,17.0,6.0,6.0,5.0,1.0,6,1.0,6,1,0,1,1,1,0,0,0,1,0,1,61222.0
10.0,14.0,11.0,3.0,7.0,0.0,6,0.0,18,1,1,1,1,1,1,1,1,0,1,1,42962.0
8.0,23.0,8.0,5.0,2.0,0.0,10,0.0,5,0,1,0,1,0,0,0,1,0,0,1,120000.0
15.0,17.0,17.0,2.0,2.0,0.0,8,0.0,1,0,0,0,0,0,0,0,0,0,1,1,18760.0
6.0,12.0,6.0,5.0,4.0,0.0,0,1.0,5,0,1,1,1,0,0,0,0,0,0,1,120000.0
8.0,10.0,8.0,6.0,4.0,0.0,8,0.0,3,0,0,0,1,0,1,0,0,0,0,1,37026.0
7.0,11.0,7.0,3.0,4.0,0.0,10,10.0,6,0,0,0,1,0,0,0,0,1,0,1,168000.0
16.0,22.0,15.0,6.0,2.0,0.0,6,1.0,2,1,0,0,0,0,0,0,0,1,0,1,110000.0
5.0,30.0,10.0,5.0,8.0,2.0,6,10.0,4,1,0,0,0,0,0,1,0,0,0,1,99099.0
24.0,35.0,24.0,6.0,4.0,1.0,3,1.0,3,0,0,0,1,0,1,0,0,0,0,1,90221.0
30.0,35.0,10.0,6.0,9.0,0.0,10,2.0,2,0,1,1,0,0,0,0,0,0,0,1,170000.0
46.0,51.0,10.0,7.0,4.0,1.0,6,10.0,8,1,1,0,1,1,0,0,0,1,0,1,34004.0
8.0,10.0,9.0,5.0,4.0,1.0,4,6.0,1,0,1,0,0,0,0,0,0,0,0,1,44265.0
0.0,5.0,10.0,6.0,5.0,1.0,2,8.0,5,1,0,1,0,1,1,0,0,0,0,1,51555.0
7.0,12.0,7.0,5.0,9.0,0.0,10,0.0,6,0,1,1,1,1,0,0,0,0,0,1,130000.0
3.0,4.0,4.0,5.0,7.0,1.0,6,0.0,5,1,1,1,0,0,0,0,0,0,0,1,34370.0
19.0,25.0,19.0,6.0,3.0,1.0,1,10.0,5,0,0,1,1,0,1,0,0,0,0,1,87231.0
7.0,12.0,7.0,6.0,2.0,0.0,6,0.0,7,0,1,1,1,1,1,0,0,0,1,1,42962.0
7.0,13.0,7.0,6.0,5.0,1.0,2,0.0,3,0,1,1,0,0,0,0,0,0,0,0,42962.0
18.0,22.0,18.0,5.0,8.0,1.0,10,6.0,4,0,1,0,0,0,0,0,0,0,0,1,190000.0
3.0,6.0,3.0,3.0,7.0,1.0,1,0.0,5,0,1,1,1,1,0,0,0,0,0,1,62516.0
12.0,18.0,12.0,3.0,4.0,2.0,5,1.0,6,0,1,1,1,0,0,0,1,0,0,1,53703.0
6.0,6.0,6.0,5.0,4.0,1.0,6,6.0,6,1,1,0,0,0,0,1,0,0,0,1,29696.0
3.0,3.0,6.0,5.0,4.0,0.0,9,0.0,4,0,1,1,1,0,0,0,0,0,0,1,70063.0
18.0,24.0,10.0,6.0,5.0,0.0,6,7.0,9,1,1,0,1,0,0,0,1,0,0,1,85846.0
16.0,17.0,17.0,6.0,5.0,1.0,6,10.0,6,1,1,1,0,1,0,0,0,1,0,1,356400.0
7.0,13.0,8.0,4.0,4.0,1.0,6,0.0,6,0,1,1,1,0,1,0,0,0,0,1,80555.0
7.0,12.0,7.0,5.0,5.0,2.0,10,4.0,5,1,0,0,1,0,0,0,0,1,0,1,150000.0
6.0,12.0,10.0,5.0,3.0,1.0,5,0.0,8,0,1,1,0,0,1,0,1,0,0,1,85597.0
11.0,19.0,11.0,3.0,5.0,2.0,10,8.0,11,1,1,1,1,0,1,1,1,0,0,1,102000.0
8.0,14.0,8.0,6.0,4.0,1.0,6,0.0,7,1,1,0,1,1,0,0,1,0,0,1,66592.0
4.0,12.0,4.0,5.0,5.0,0.0,0,4.0,4,1,0,0,1,0,0,0,0,0,0,1,23553.0
2.0,7.0,10.0,6.0,4.0,1.0,2,0.0,5,1,1,1,1,0,0,0,0,0,0,1,107406.0
14.0,16.0,10.0,5.0,5.0,0.0,1,0.0,3,0,0,1,0,0,1,0,0,0,0,1,93047.0
9.0,13.0,9.0,5.0,7.0,1.0,10,0.0,7,0,1,1,1,0,1,0,0,0,0,1,150000.0
3.0,6.0,3.0,5.0,2.0,0.0,6,0.0,4,1,1,0,0,0,0,0,0,0,0,0,31999.0
11.0,15.0,11.0,5.0,5.0,0.0,5,10.0,7,1,1,1,1,0,0,0,0,1,0,1,139628.0
21.0,28.0,21.0,6.0,9.0,2.0,6,1.0,1,1,0,0,0,0,0,0,0,0,0,1,111359.0
20.0,34.0,36.0,7.0,8.0,2.0,6,10.0,9,0,1,0,1,0,1,1,1,0,0,1,15202.0
16.0,20.0,16.0,5.0,3.0,0.0,10,0.0,5,0,1,1,0,0,0,0,0,0,0,1,350000.0
8.0,10.0,10.0,5.0,5.0,2.0,5,0.0,1,0,0,0,0,0,0,1,0,0,0,1,83777.0
41.0,41.0,10.0,3.0,1.0,0.0,1,8.0,4,0,0,0,1,0,0,0,0,0,0,0,323483.0
3.0,7.0,3.0,5.0,9.0,0.0,3,1.0,6,1,0,0,1,0,1,1,0,0,0,1,128887.0
3.0,8.0,10.0,3.0,2.0,0.0,6,0.0,9,1,1,0,1,0,1,0,1,0,0,1,12769.0
13.0,17.0,10.0,5.0,7.0,0.0,6,8.0,4,0,0,1,1,0,1,0,0,0,0,1,32884.0
1.0,10.0,2.0,3.0,5.0,1.0,7,0.0,6,0,1,1,1,0,1,0,1,0,0,1,30074.0
10.0,20.0,10.0,5.0,4.0,1.0,7,1.0,3,0,1,1,0,0,0,0,0,0,0,1,59073.0
1.0,10.0,1.0,3.0,2.0,1.0,6,0.0,6,1,0,0,0,1,1,0,0,0,1,1,42962.0
14.0,28.0,16.0,6.0,5.0,1.0,6,3.0,8,1,1,0,1,0,1,0,0,0,0,1,133700.0
20.0,24.0,22.0,6.0,4.0,0.0,6,0.0,4,0,1,1,1,0,1,0,0,0,0,1,123543.0
9.0,15.0,10.0,6.0,7.0,0.0,7,8.0,8,1,1,0,0,1,1,1,0,1,0,1,107406.0
16.0,31.0,16.0,3.0,7.0,0.0,10,1.0,4,1,0,0,0,0,1,0,0,0,0,1,175000.0
12.0,28.0,8.0,5.0,7.0,1.0,3,10.0,9,1,1,0,0,0,0,1,0,1,0,0,42962.0
5.0,13.0,10.0,6.0,3.0,1.0,3,3.0,5,1,1,0,1,0,0,0,0,0,1,1,80555.0
15.0,18.0,17.0,6.0,7.0,1.0,4,10.0,12,1,1,1,1,1,1,0,1,0,0,1,55032.0
3.0,8.0,3.0,5.0,5.0,1.0,5,1.0,2,0,0,1,0,0,0,0,0,1,0,1,61759.0
22.0,30.0,31.0,5.0,4.0,1.0,9,0.0,8,0,1,1,0,1,0,1,1,0,1,1,133757.0
13.0,17.0,13.0,5.0,7.0,0.0,6,1.0,2,0,0,0,0,0,0,0,0,0,0,1,51065.0
2.0,5.0,10.0,6.0,4.0,1.0,9,0.0,5,1,0,0,1,0,0,0,0,1,0,1,56051.0
5.0,11.0,3.0,5.0,5.0,1.0,6,0.0,4,0,1,0,1,1,0,0,1,0,0,1,28616.0
10.0,20.0,10.0,5.0,9.0,1.0,6,10.0,14,1,1,1,1,1,1,0,1,0,0,1,58799.0
8.0,11.0,11.0,6.0,9.0,0.0,6,3.0,5,1,0,0,1,0,0,1,0,0,0,1,95026.0
1.0,6.0,1.0,6.0,9.0,1.0,2,1.0,7,1,1,1,1,0,0,0,0,0,0,1,53703.0
8.0,10.0,9.0,3.0,4.0,1.0,3,1.0,6,1,1,0,1,0,0,0,0,0,0,1,53703.0
3.0,7.0,7.0,6.0,9.0,1.0,6,10.0,5,1,1,1,1,0,1,0,0,0,0,1,144842.0
4.0,7.0,2.0,6.0,5.0,2.0,9,0.0,8,0,1,1,1,0,0,0,0,1,0,1,76433.0
4.0,5.0,4.0,5.0,2.0,0.0,6,0.0,9,1,1,0,1,0,0,0,1,0,0,1,38666.0
7.0,18.0,7.0,5.0,4.0,0.0,0,1.0,2,0,0,0,0,0,1,0,0,0,0,0,16784.0
18.0,23.0,10.0,6.0,4.0,0.0,10,7.0,2,0,0,0,0,1,0,0,0,0,0,1,185035.0
8.0,15.0,15.0,5.0,3.0,1.0,6,10.0,6,1,1,0,1,0,1,0,0,0,0,1,46738.0
7.0,23.0,12.0,6.0,2.0,2.0,6,8.0,1,0,0,0,0,0,0,0,0,0,0,0,47692.0
6.0,16.0,10.0,7.0,4.0,2.0,10,10.0,8,1,0,0,1,0,0,1,0,0,0,1,44000.0
8.0,10.0,8.0,5.0,7.0,1.0,10,6.0,6,0,1,0,1,0,1,0,0,1,0,1,110000.0
30.0,12.0,10.0,3.0,6.0,1.0,3,0.0,1,0,0,0,0,0,1,0,0,0,0,1,81629.0
9.0,11.0,10.0,6.0,9.0,1.0,4,0.0,11,1,1,1,1,1,1,1,1,0,0,1,37087.0
2.0,6.0,3.0,5.0,5.0,1.0,10,0.0,9,1,1,1,1,0,0,0,0,0,1,1,130000.0
4.0,8.0,4.0,2.0,8.0,0.0,9,1.0,10,1,1,1,1,1,0,1,0,1,1,1,89172.0
15.0,25.0,14.0,5.0,9.0,1.0,1,10.0,6,1,1,0,1,0,0,0,0,0,0,1,90866.0
20.0,25.0,10.0,5.0,4.0,2.0,6,10.0,10,1,1,0,1,0,1,0,1,0,0,1,12615.0
22.0,30.0,22.0,6.0,5.0,0.0,6,0.0,7,1,1,0,1,0,1,0,0,0,0,1,77332.0
3.0,6.0,3.0,3.0,4.0,1.0,6,0.0,4,0,0,0,1,1,1,1,0,0,0,0,83563.0
11.0,15.0,15.0,6.0,5.0,0.0,6,1.0,14,1,1,0,1,0,1,0,0,1,1,1,75000.0
8.0,10.0,8.0,3.0,9.0,1.0,6,2.0,6,1,1,1,1,0,0,0,1,0,0,1,67321.0
10.0,13.0,13.0,6.0,5.0,1.0,2,1.0,4,1,1,1,0,0,0,0,0,0,1,1,57999.0
6.0,15.0,10.0,5.0,8.0,1.0,1,1.0,9,1,1,1,1,1,0,0,0,0,1,1,101770.0
11.0,15.0,11.0,5.0,7.0,1.0,6,1.0,6,0,1,1,1,0,0,0,1,0,0,1,64691.0
15.0,25.0,25.0,1.0,4.0,1.0,6,0.0,9,1,1,1,1,1,0,0,1,1,1,1,93591.0
11.0,16.0,11.0,6.0,4.0,0.0,8,1.0,5,0,0,1,0,0,1,0,0,0,0,1,78000.0
8.0,30.0,7.0,4.0,5.0,1.0,6,0.0,5,0,1,1,1,0,1,0,0,0,0,1,52938.0
9.0,11.0,10.0,5.0,6.0,0.0,6,1.0,3,0,1,0,0,0,0,0,1,0,0,1,13200.0
7.0,12.0,7.0,5.0,4.0,0.0,4,1.0,3,1,1,1,0,0,0,0,0,0,0,1,20577.0
31.0,38.0,31.0,4.0,9.0,1.0,6,10.0,3,1,0,0,0,0,0,0,0,0,0,1,42962.0
9.0,13.0,10.0,5.0,7.0,1.0,6,9.0,5,1,0,0,0,0,0,1,0,0,0,1,107937.0
5.0,8.0,10.0,2.0,1.0,1.0,6,0.0,14,1,1,1,1,1,1,1,1,0,0,0,19333.0
18.0,22.0,10.0,6.0,1.0,0.0,6,0.0,6,0,1,0,1,0,0,0,0,0,0,0,198198.0
33.0,46.0,10.0,6.0,5.0,1.0,2,0.0,4,0,1,0,1,1,0,0,0,0,0,1,75184.0
3.0,6.0,3.0,5.0,2.0,0.0,10,0.0,5,0,1,1,1,0,1,0,0,0,0,1,93420.0
17.0,20.0,20.0,5.0,6.0,1.0,3,10.0,5,0,1,1,1,1,0,0,0,1,0,1,98814.0
4.0,7.0,4.0,5.0,4.0,2.0,6,0.0,5,0,1,1,0,0,0,0,0,0,0,1,19752.0
10.0,14.0,10.0,5.0,5.0,1.0,10,0.0,7,1,1,1,1,1,0,0,0,0,0,1,160000.0
0.0,10.0,10.0,3.0,4.0,2.0,1,7.0,6,0,0,0,0,0,0,1,0,0,1,0,36346.0
6.0,6.0,6.0,6.0,4.0,0.0,8,1.0,2,0,0,0,1,1,0,0,0,0,0,1,54000.0
24.0,34.0,24.0,6.0,4.0,1.0,6,1.0,10,1,1,1,0,1,1,1,0,0,0,1,69369.0
4.0,12.0,4.0,6.0,5.0,1.0,9,1.0,9,1,1,1,1,0,0,0,0,1,1,1,81528.0
2.0,6.0,10.0,5.0,2.0,1.0,10,0.0,8,1,1,1,1,0,0,0,0,1,1,1,135000.0
6.0,9.0,6.0,2.0,3.0,2.0,6,10.0,4,0,0,0,0,0,1,0,0,0,0,1,86401.0
27.0,30.0,10.0,5.0,7.0,0.0,9,1.0,7,0,1,0,0,1,0,1,0,0,0,1,184712.0
19.0,30.0,19.0,6.0,4.0,0.0,6,0.0,7,1,1,1,0,0,1,0,0,0,0,1,45111.0
2.0,7.0,5.0,5.0,2.0,1.0,6,1.0,11,1,1,1,1,0,0,0,0,0,1,1,50000.0
20.0,25.0,20.0,3.0,4.0,1.0,10,0.0,6,1,1,0,1,0,0,0,1,0,0,1,220000.0
15.0,25.0,20.0,5.0,2.0,1.0,6,0.0,6,0,1,0,1,0,0,1,0,0,0,1,98814.0
8.0,12.0,10.0,3.0,4.0,0.0,1,0.0,6,0,1,1,1,0,1,0,0,0,0,1,66151.0
8.0,14.0,8.0,3.0,2.0,2.0,3,0.0,10,0,1,0,1,1,1,0,1,0,0,1,51988.0
1.0,3.0,3.0,4.0,2.0,0.0,6,0.0,4,0,1,0,1,0,1,0,0,0,0,1,40061.0
13.0,16.0,10.0,6.0,6.0,1.0,6,1.0,3,0,0,0,1,1,0,0,0,0,0,1,59073.0
9.0,11.0,9.0,5.0,2.0,0.0,10,0.0,6,0,1,0,1,0,1,0,1,0,1,1,75000.0
4.0,15.0,21.0,3.0,4.0,0.0,10,10.0,8,1,1,0,0,0,1,1,0,1,0,1,120000.0
3.0,7.0,3.0,5.0,4.0,0.0,6,0.0,3,0,1,1,0,0,0,0,0,0,0,1,42000.0
23.0,27.0,23.0,5.0,4.0,0.0,6,1.0,4,1,0,0,1,1,0,0,0,0,0,0,72287.0
3.0,7.0,2.0,5.0,5.0,0.0,6,1.0,4,1,0,0,0,1,1,0,0,0,0,1,16477.0
27.0,30.0,10.0,5.0,5.0,1.0,10,1.0,2,1,0,0,0,1,0,0,0,0,0,1,265000.0
7.0,18.0,10.0,5.0,7.0,0.0,10,2.0,7,0,1,0,1,0,1,1,0,0,0,1,126000.0
2.0,10.0,1.0,2.0,9.0,1.0,3,10.0,9,1,1,1,1,1,0,1,0,0,0,1,16111.0
21.0,24.0,21.0,3.0,5.0,1.0,6,1.0,5,0,1,0,1,0,1,0,0,0,0,1,62381.0
20.0,28.0,20.0,6.0,5.0,1.0,6,8.0,3,0,0,0,1,0,1,0,0,0,0,1,144842.0
6.0,15.0,6.0,5.0,9.0,1.0,10,0.0,7,0,1,1,1,0,1,0,1,0,0,1,90000.0
8.0,13.0,8.0,6.0,7.0,0.0,3,9.0,4,1,0,0,0,0,0,1,0,0,0,1,90221.0
11.0,16.0,15.0,6.0,4.0,1.0,2,1.0,3,0,0,0,0,1,1,0,0,0,0,1,59073.0
10.0,20.0,10.0,5.0,7.0,1.0,7,8.0,2,1,0,0,0,0,0,1,0,0,0,1,64444.0
20.0,22.0,22.0,5.0,3.0,1.0,6,7.0,15,0,1,1,1,1,1,1,1,0,0,0,26664.0
5.0,8.0,5.0,5.0,3.0,1.0,6,0.0,4,0,1,0,0,1,0,0,0,1,0,1,105735.0
11.0,8.0,10.0,6.0,5.0,0.0,7,0.0,4,0,0,1,0,0,1,0,0,0,0,1,62296.0
6.0,11.0,6.0,5.0,2.0,0.0,6,0.0,4,0,1,0,1,0,1,0,0,0,0,1,15140.0
26.0,30.0,30.0,4.0,9.0,0.0,10,10.0,10,0,1,0,0,1,0,1,1,0,0,1,185000.0
7.0,11.0,12.0,6.0,5.0,0.0,6,1.0,4,0,0,0,1,0,0,0,1,1,0,0,87000.0
26.0,32.0,10.0,6.0,4.0,0.0,8,5.0,9,1,0,0,1,1,0,1,0,1,0,1,59241.0
10.0,13.0,10.0,5.0,4.0,0.0,1,0.0,4,0,0,0,0,1,0,1,0,0,0,1,90866.0
6.0,6.0,6.0,5.0,5.0,0.0,3,0.0,12,1,1,1,1,1,0,1,1,1,1,1,64444.0
6.0,8.0,7.0,6.0,3.0,1.0,7,0.0,1,0,0,0,0,0,0,0,0,0,0,1,42962.0
3.0,6.0,10.0,4.0,3.0,2.0,6,0.0,2,0,1,1,0,0,0,0,0,0,0,1,14200.0
8.0,10.0,8.0,5.0,5.0,1.0,1,0.0,4,0,1,0,1,0,1,0,0,0,0,1,72693.0
8.0,15.0,10.0,3.0,5.0,0.0,6,5.0,3,0,0,1,0,0,0,0,0,0,1,1,132132.0
16.0,22.0,17.0,5.0,7.0,0.0,10,10.0,7,1,1,1,1,1,1,0,0,0,0,1,192000.0
4.0,12.0,4.0,6.0,4.0,2.0,6,9.0,6,1,0,1,1,0,1,0,0,0,0,1,80953.0
3.0,10.0,3.0,5.0,7.0,0.0,10,1.0,1,0,0,0,0,0,1,0,0,0,0,1,88000.0
3.0,8.0,10.0,5.0,4.0,1.0,5,0.0,6,0,1,1,1,0,0,0,1,0,0,1,40814.0
2.0,6.0,2.0,5.0,8.0,2.0,10,8.0,9,1,1,0,1,0,1,1,1,0,0,1,90000.0
13.0,15.0,10.0,5.0,7.0,0.0,10,1.0,7,0,1,1,1,1,0,0,1,0,0,1,200000.0
10.0,12.0,10.0,6.0,5.0,0.0,10,1.0,2,1,0,0,1,0,0,0,0,0,0,1,140000.0
28.0,32.0,10.0,5.0,4.0,2.0,10,0.0,5,0,1,1,1,0,1,0,0,0,0,1,250000.0
14.0,18.0,18.0,5.0,9.0,1.0,1,1.0,1,0,0,0,0,0,0,0,0,1,0,1,121397.0
5.0,7.0,6.0,6.0,7.0,1.0,3,4.0,6,1,0,0,0,0,0,0,0,0,1,1,80555.0
16.0,16.0,17.0,6.0,4.0,0.0,10,10.0,2,0,0,0,0,0,0,0,0,0,0,1,160000.0
2.0,2.0,2.0,3.0,4.0,0.0,8,1.0,7,0,1,1,1,0,0,0,0,1,0,1,13920.0
16.0,20.0,10.0,3.0,1.0,1.0,6,7.0,1,0,0,0,0,0,0,0,0,0,0,0,82703.0
3.0,15.0,3.0,6.0,5.0,1.0,3,9.0,3,1,0,0,0,0,0,1,0,0,1,1,59073.0
9.0,9.0,9.0,5.0,6.0,0.0,4,0.0,5,0,1,1,1,0,0,0,0,0,0,1,65799.0
5.0,8.0,5.0,5.0,4.0,0.0,8,2.0,3,0,1,1,0,0,0,0,0,0,0,1,59241.0
2.0,5.0,2.0,5.0,9.0,1.0,4,1.0,5,1,1,1,1,1,0,0,0,0,0,1,21534.0
2.0,15.0,2.0,3.0,5.0,0.0,6,0.0,7,0,1,0,0,1,0,0,0,1,0,1,25777.0
3.0,5.0,10.0,2.0,1.0,0.0,6,7.0,11,0,1,1,1,0,1,0,0,1,0,0,32222.0
15.0,20.0,18.0,5.0,7.0,1.0,6,10.0,6,0,1,0,1,0,1,0,0,0,0,1,153198.0
5.0,9.0,10.0,3.0,4.0,1.0,8,0.0,6,0,0,0,1,0,0,0,1,1,0,1,24684.0
10.0,22.0,15.0,3.0,2.0,0.0,6,1.0,1,1,0,0,0,0,0,0,0,0,0,0,39091.0
2.0,5.0,2.0,5.0,7.0,1.0,6,0.0,5,1,1,0,0,0,0,1,0,0,0,1,39947.0
29.0,29.0,10.0,6.0,7.0,1.0,10,1.0,4,0,1,0,0,1,0,0,0,0,0,1,160000.0
3.0,5.0,10.0,6.0,3.0,1.0,6,0.0,7,1,1,0,1,0,0,0,1,0,0,1,27119.0
4.0,5.0,5.0,6.0,3.0,1.0,6,10.0,6,1,0,0,0,0,1,0,0,0,0,1,57946.0
10.0,18.0,10.0,6.0,3.0,0.0,3,8.0,2,0,0,0,1,1,0,0,0,0,0,0,54133.0
13.0,18.0,18.0,7.0,2.0,0.0,9,1.0,4,0,1,0,0,0,0,0,1,1,0,1,108280.0
13.0,20.0,10.0,3.0,7.0,1.0,6,5.0,3,0,0,0,0,0,1,0,0,0,0,1,165933.0
10.0,16.0,10.0,3.0,4.0,2.0,6,0.0,3,0,1,0,0,0,0,0,1,0,0,1,101389.0
10.0,11.0,10.0,5.0,7.0,1.0,10,1.0,6,1,1,0,1,0,1,0,0,0,0,1,70000.0
9.0,12.0,9.0,5.0,5.0,1.0,6,1.0,4,0,1,0,1,0,1,0,0,0,0,1,60809.0
13.0,20.0,10.0,6.0,8.0,1.0,6,10.0,7,0,1,0,1,0,0,0,0,0,0,1,92369.0
1.0,13.0,1.0,6.0,7.0,1.0,6,0.0,7,0,1,1,1,1,0,0,0,0,0,1,19161.0
4.0,14.0,4.0,6.0,9.0,1.0,10,10.0,7,1,1,1,0,1,0,0,0,0,0,1,154000.0
10.0,10.0,16.0,5.0,6.0,2.0,10,0.0,1,0,0,0,0,0,1,0,0,0,0,1,123000.0
2.0,4.0,10.0,5.0,4.0,1.0,6,0.0,11,1,1,1,1,1,1,0,0,0,0,1,30000.0
26.0,31.0,26.0,3.0,3.0,0.0,6,0.0,8,0,1,0,1,1,0,0,0,0,0,1,102402.0
8.0,10.0,8.0,3.0,6.0,1.0,9,0.0,15,1,1,1,1,0,1,1,0,1,1,1,61783.0
15.0,20.0,16.0,7.0,3.0,0.0,6,0.0,6,1,1,0,1,0,0,1,1,0,0,1,43435.0
3.0,4.0,3.0,5.0,1.0,0.0,4,10.0,1,0,0,0,0,0,1,0,0,0,0,1,14356.0
7.0,10.0,7.0,1.0,9.0,1.0,6,0.0,3,0,0,1,0,0,1,0,0,0,0,1,58154.0
6.0,14.0,10.0,6.0,6.0,1.0,6,0.0,3,0,1,0,0,0,0,0,0,0,0,1,45111.0
6.0,10.0,10.0,6.0,2.0,1.0,6,1.0,1,0,0,0,0,0,0,0,0,1,0,1,40814.0
5.0,8.0,16.0,6.0,7.0,0.0,6,1.0,5,0,1,1,1,0,1,0,0,0,0,1,85925.0
42.0,45.0,45.0,4.0,5.0,1.0,9,7.0,5,1,1,0,0,0,0,1,0,0,0,0,57109.0
16.0,25.0,16.0,5.0,9.0,1.0,6,1.0,3,0,0,0,0,1,0,0,0,0,0,1,203268.0
6.0,7.0,7.0,5.0,2.0,0.0,10,0.0,8,1,1,1,1,0,1,0,0,0,0,1,130000.0
10.0,14.0,10.0,6.0,5.0,1.0,9,1.0,7,1,1,1,1,0,0,0,0,1,0,1,108280.0
1.0,5.0,2.0,5.0,4.0,0.0,4,0.0,10,1,1,0,0,1,1,1,0,1,0,1,21534.0
25.0,30.0,30.0,5.0,5.0,1.0,9,6.0,9,1,1,1,1,0,0,0,0,1,0,1,95541.0
19.0,24.0,20.0,5.0,9.0,0.0,1,1.0,3,0,1,0,0,1,0,0,0,0,0,1,109039.0
31.0,37.0,31.0,5.0,2.0,1.0,10,10.0,6,1,1,1,0,0,0,0,0,1,0,1,250000.0
16.0,18.0,10.0,5.0,1.0,0.0,10,0.0,4,0,1,0,0,0,0,0,1,1,0,0,120000.0
14.0,20.0,14.0,6.0,8.0,0.0,2,10.0,7,1,1,0,1,1,0,0,0,0,0,1,91295.0
1.0,10.0,1.0,6.0,4.0,1.0,2,0.0,5,0,1,0,1,0,0,0,1,0,1,1,38666.0
10.0,16.0,10.0,5.0,4.0,0.0,1,0.0,7,0,1,1,1,0,0,0,1,1,0,1,87231.0
5.0,5.0,5.0,5.0,5.0,1.0,9,8.0,4,0,1,1,0,1,0,0,0,1,0,1,54522.0
2.0,10.0,2.0,5.0,4.0,1.0,9,0.0,7,0,1,1,0,0,1,1,0,0,1,1,44586.0
8.0,10.0,10.0,6.0,6.0,0.0,8,0.0,4,0,0,1,1,0,1,0,0,0,0,1,100000.0
2.0,10.0,3.0,5.0,4.0,1.0,6,0.0,6,1,1,1,1,0,0,0,0,0,0,1,41459.0
11.0,15.0,11.0,5.0,9.0,1.0,9,1.0,5,0,1,0,1,0,1,0,0,0,0,1,68789.0
10.0,11.0,10.0,6.0,9.0,0.0,1,10.0,2,1,0,0,0,0,0,1,0,0,0,1,152655.0
2.0,5.0,5.0,1.0,9.0,2.0,6,0.0,8,0,1,1,1,0,1,0,1,0,0,1,31534.0
6.0,7.0,4.0,5.0,4.0,2.0,6,1.0,6,0,1,0,1,0,0,0,1,1,0,1,26499.0
6.0,8.0,6.0,5.0,2.0,0.0,0,0.0,8,1,1,1,1,1,1,0,0,0,0,1,111892.0
9.0,18.0,10.0,6.0,4.0,0.0,5,2.0,3,0,1,1,0,0,0,0,0,0,0,1,71425.0
23.0,35.0,17.0,7.0,5.0,1.0,3,10.0,14,1,1,1,0,1,1,0,1,0,0,1,85925.0
13.0,18.0,13.0,7.0,4.0,1.0,5,10.0,11,0,1,1,1,0,0,1,1,0,0,1,68740.0
25.0,30.0,25.0,5.0,6.0,0.0,10,10.0,3,1,0,0,1,1,0,0,0,0,0,0,240000.0
5.0,9.0,6.0,5.0,6.0,0.0,4,1.0,7,1,0,1,1,1,0,0,0,1,0,1,47854.0
31.0,43.0,10.0,6.0,4.0,0.0,10,1.0,4,0,1,0,0,1,0,0,0,0,0,1,165000.0
25.0,30.0,25.0,6.0,9.0,0.0,10,4.0,4,1,1,0,1,1,0,0,0,0,0,1,190000.0
20.0,30.0,20.0,5.0,5.0,0.0,10,0.0,6,0,1,1,1,1,0,0,0,0,0,1,200000.0
3.0,8.0,7.0,5.0,6.0,1.0,10,10.0,3,1,0,0,0,1,0,1,0,0,0,1,80000.0
12.0,18.0,12.0,5.0,4.0,0.0,10,10.0,4,0,1,0,0,0,0,0,0,1,0,1,211000.0
17.0,19.0,17.0,4.0,5.0,0.0,10,2.0,2,0,0,0,0,0,0,0,0,0,0,1,150000.0
0.0,1.0,10.0,4.0,1.0,0.0,6,0.0,4,0,1,0,1,0,1,0,0,0,0,0,29730.0
6.0,8.0,5.0,6.0,5.0,1.0,3,3.0,1,1,0,0,0,0,0,0,0,0,0,1,107406.0
20.0,25.0,25.0,7.0,1.0,0.0,9,10.0,4,1,0,0,0,0,0,0,0,0,0,1,152865.0
5.0,7.0,6.0,5.0,4.0,1.0,9,8.0,4,1,0,0,1,0,0,1,0,0,0,1,66242.0
7.0,8.0,8.0,5.0,4.0,0.0,9,1.0,5,0,1,1,0,0,0,1,0,0,0,1,99363.0
2.0,5.0,11.0,6.0,9.0,1.0,6,0.0,7,0,1,1,1,1,0,0,1,0,0,1,38861.0
10.0,14.0,11.0,6.0,7.0,1.0,6,0.0,6,1,1,1,0,1,0,0,0,0,0,1,44544.0
9.0,10.0,9.0,6.0,6.0,0.0,6,0.0,3,0,1,1,0,0,0,0,0,0,0,1,43356.0
20.0,40.0,39.0,2.0,2.0,1.0,6,9.0,9,1,1,0,1,0,0,1,0,1,0,1,49165.0
0.0,3.0,1.0,3.0,3.0,1.0,6,0.0,4,0,1,1,0,0,0,0,0,0,0,1,39375.0
12.0,22.0,12.0,5.0,4.0,0.0,6,0.0,1,0,0,0,0,0,0,0,0,0,0,1,138580.0
23.0,33.0,10.0,3.0,4.0,1.0,3,0.0,5,0,1,1,0,0,0,0,1,0,1,0,150369.0
2.0,7.0,2.0,5.0,4.0,0.0,6,10.0,3,1,0,0,0,0,0,1,0,0,0,1,38666.0
6.0,10.0,10.0,5.0,5.0,2.0,6,1.0,6,0,0,1,1,1,0,0,1,0,0,1,60715.0
7.0,10.0,8.0,6.0,5.0,0.0,2,1.0,4,0,0,0,1,0,1,0,0,0,0,1,67666.0
4.0,10.0,9.0,5.0,7.0,2.0,6,7.0,1,0,0,0,0,0,0,0,0,0,0,1,49415.0
25.0,31.0,10.0,6.0,4.0,0.0,8,1.0,5,1,1,0,1,0,1,0,0,0,0,1,51836.0
5.0,6.0,5.0,7.0,7.0,2.0,6,10.0,5,1,0,0,1,0,0,0,0,0,0,0,111417.0
6.0,8.0,6.0,6.0,6.0,0.0,6,0.0,4,0,0,1,1,0,0,0,0,0,0,1,75184.0
3.0,7.0,7.0,6.0,5.0,1.0,8,10.0,5,0,1,0,1,0,0,0,1,0,0,1,24684.0
5.0,7.0,8.0,3.0,4.0,0.0,7,10.0,6,1,0,0,1,0,0,0,1,1,0,1,37592.0
19.0,20.0,23.0,5.0,3.0,2.0,10,1.0,3,0,0,0,1,0,0,0,0,1,1,1,140000.0
4.0,5.0,4.0,6.0,5.0,0.0,8,10.0,2,0,0,0,0,1,0,0,0,0,0,1,48100.0
15.0,20.0,10.0,6.0,5.0,0.0,6,1.0,2,1,0,0,1,0,0,0,0,0,0,0,69814.0
9.0,13.0,10.0,2.0,9.0,1.0,6,10.0,5,1,0,1,0,0,0,1,0,0,0,1,31380.0
23.0,40.0,10.0,6.0,1.0,0.0,6,0.0,4,1,0,0,1,0,0,0,0,0,0,0,32222.0
32.0,40.0,10.0,7.0,5.0,2.0,7,10.0,2,0,0,0,0,0,0,0,0,0,1,1,107406.0
12.0,15.0,12.0,7.0,8.0,0.0,3,10.0,4,0,0,0,0,1,0,0,1,0,0,0,85925.0
14.0,16.0,14.0,3.0,2.0,0.0,6,1.0,9,0,1,1,1,1,1,1,1,0,0,0,92741.0
15.0,15.0,10.0,7.0,5.0,2.0,10,10.0,7,1,1,0,0,1,0,1,0,0,0,1,75000.0
3.0,7.0,0.0,5.0,5.0,0.0,6,0.0,11,0,1,1,1,1,0,1,0,0,0,1,12000.0
3.0,8.0,10.0,4.0,5.0,2.0,6,0.0,7,0,1,0,1,0,1,0,0,0,0,0,35444.0
14.0,22.0,15.0,6.0,5.0,2.0,6,6.0,7,1,1,0,0,0,1,0,0,0,1,1,133631.0
16.0,17.0,50.0,3.0,6.0,0.0,10,1.0,3,1,0,0,0,0,1,0,0,0,0,1,175000.0
6.0,15.0,7.0,6.0,5.0,1.0,6,10.0,5,1,0,0,0,1,1,1,0,0,0,1,54076.0
0.0,7.0,1.0,5.0,9.0,1.0,3,3.0,2,1,0,1,0,0,0,0,0,0,0,0,33296.0
22.0,25.0,22.0,6.0,2.0,1.0,2,0.0,6,0,1,1,1,1,0,0,0,0,0,0,128887.0
18.0,30.0,18.0,5.0,7.0,0.0,10,1.0,2,1,0,0,0,1,0,0,0,0,0,1,200000.0
9.0,14.0,8.0,6.0,4.0,1.0,3,6.0,4,0,1,0,1,0,0,0,0,0,0,1,96666.0
3.0,6.0,3.0,3.0,6.0,2.0,10,9.0,4,1,0,1,0,0,0,0,0,0,0,0,63000.0
7.0,12.0,7.0,6.0,4.0,1.0,3,1.0,5,0,1,1,1,0,1,0,0,0,0,1,42962.0
10.0,24.0,10.0,5.0,4.0,0.0,10,10.0,12,1,1,1,1,0,0,0,0,1,1,1,180000.0
10.0,13.0,10.0,5.0,6.0,0.0,6,1.0,7,1,1,0,1,0,0,0,0,1,0,1,85919.0
21.0,26.0,21.0,5.0,8.0,1.0,6,10.0,2,0,0,0,0,0,1,0,0,0,0,1,53171.0
1.0,15.0,10.0,5.0,9.0,1.0,10,9.0,6,1,0,0,0,1,0,1,0,0,1,1,75000.0
13.0,20.0,10.0,3.0,2.0,0.0,1,10.0,12,1,1,1,1,0,1,0,0,1,1,1,218079.0
9.0,20.0,9.0,5.0,9.0,1.0,10,10.0,6,1,1,1,1,1,0,0,0,0,0,1,350000.0
14.0,32.0,14.0,7.0,8.0,1.0,6,10.0,5,0,0,0,0,0,0,0,0,0,0,1,60664.0
3.0,3.0,17.0,6.0,9.0,1.0,6,0.0,4,1,1,1,0,0,0,0,0,0,1,1,36914.0
10.0,12.0,14.0,4.0,6.0,0.0,9,0.0,7,0,1,1,0,1,0,0,1,1,0,1,108280.0
30.0,30.0,10.0,6.0,1.0,0.0,3,8.0,2,0,0,0,1,0,0,0,0,0,0,0,96666.0
3.0,6.0,13.0,5.0,5.0,1.0,6,10.0,6,1,1,0,0,0,0,0,0,0,0,1,35041.0
26.0,26.0,26.0,2.0,3.0,0.0,10,0.0,5,0,1,0,1,0,0,0,1,0,0,1,130000.0
6.0,8.0,10.0,5.0,4.0,0.0,4,0.0,4,1,0,1,1,0,0,0,1,0,0,0,20338.0
14.0,25.0,11.0,5.0,3.0,2.0,3,8.0,6,1,1,1,0,0,1,0,0,0,0,1,80555.0
25.0,35.0,10.0,6.0,4.0,2.0,6,10.0,1,0,0,0,0,0,0,0,0,0,0,1,22409.0
13.0,22.0,13.0,4.0,2.0,1.0,2,0.0,5,0,0,1,1,0,1,0,0,0,0,1,32222.0
5.0,7.0,10.0,2.0,5.0,1.0,0,0.0,8,1,1,0,1,1,1,0,0,0,0,1,12122.0
30.0,40.0,10.0,7.0,1.0,1.0,5,1.0,8,1,1,1,1,1,1,0,0,0,0,0,193331.0
5.0,5.0,10.0,5.0,9.0,1.0,9,7.0,3,0,0,1,0,0,0,0,0,0,0,1,89172.0
9.0,15.0,9.0,5.0,9.0,0.0,3,8.0,5,1,1,1,0,1,0,0,0,0,0,1,75184.0
13.0,20.0,10.0,6.0,4.0,0.0,9,8.0,5,1,0,0,0,1,1,0,0,0,0,0,70063.0
5.0,8.0,5.0,5.0,5.0,0.0,8,4.0,2,1,0,0,1,0,0,0,0,0,0,1,59241.0
9.0,10.0,10.0,5.0,1.0,0.0,8,0.0,4,0,1,1,0,0,0,0,1,0,0,0,50000.0
2.0,12.0,2.0,5.0,6.0,2.0,10,9.0,3,1,0,1,0,0,0,1,0,0,0,1,145000.0
27.0,36.0,27.0,6.0,8.0,1.0,3,1.0,10,1,0,0,1,1,1,0,1,1,0,1,113851.0
11.0,19.0,11.0,3.0,5.0,1.0,6,1.0,4,0,1,1,0,0,1,0,0,0,0,1,60202.0
2.0,7.0,7.0,5.0,7.0,1.0,10,0.0,10,0,1,1,1,1,1,0,0,0,0,1,130000.0
10.0,15.0,10.0,6.0,1.0,0.0,2,0.0,11,1,1,0,1,0,0,0,1,1,0,0,85925.0
13.0,22.0,13.0,6.0,3.0,0.0,3,0.0,4,0,1,0,0,0,0,0,0,0,0,1,75184.0
4.0,6.0,10.0,3.0,7.0,0.0,10,5.0,6,1,1,0,1,0,0,0,0,0,1,1,115000.0
20.0,22.0,20.0,7.0,5.0,1.0,7,1.0,4,0,1,1,1,1,0,0,0,0,0,1,62296.0
17.0,20.0,10.0,5.0,1.0,1.0,6,4.0,2,0,0,0,1,1,0,0,0,0,0,0,53703.0
8.0,16.0,10.0,5.0,5.0,2.0,10,1.0,3,1,0,0,0,0,0,1,0,0,0,1,140000.0
5.0,15.0,6.0,3.0,6.0,2.0,6,7.0,1,0,0,0,0,0,0,0,0,0,0,1,133700.0
3.0,5.0,8.0,7.0,6.0,0.0,10,10.0,1,0,0,0,0,0,0,0,0,0,0,0,80000.0
7.0,10.0,3.0,6.0,6.0,1.0,5,3.0,7,1,1,1,1,0,0,1,0,0,0,0,63370.0
8.0,9.0,10.0,5.0,5.0,0.0,10,2.0,3,0,1,1,0,0,0,0,0,0,0,1,200000.0
2.0,10.0,2.0,7.0,4.0,2.0,3,1.0,4,1,0,0,0,0,0,1,0,0,0,1,75184.0
15.0,15.0,10.0,3.0,1.0,1.0,6,0.0,7,1,1,1,1,0,0,0,1,0,0,0,48333.0
29.0,30.0,10.0,6.0,5.0,1.0,7,1.0,8,1,0,0,0,1,0,1,0,0,0,1,100962.0
33.0,37.0,34.0,5.0,9.0,1.0,10,1.0,7,1,0,0,0,1,0,1,0,1,0,1,130000.0
32.0,33.0,32.0,5.0,5.0,1.0,10,0.0,6,1,1,0,0,0,0,0,1,0,0,1,120000.0
7.0,11.0,7.0,5.0,6.0,0.0,4,0.0,9,1,1,1,1,0,0,1,1,0,0,1,35890.0
8.0,18.0,8.0,6.0,3.0,1.0,5,0.0,6,1,1,0,1,0,0,0,1,0,0,1,65518.0
28.0,39.0,25.0,6.0,2.0,0.0,6,0.0,16,1,1,1,1,1,1,1,0,0,0,1,51633.0
6.0,10.0,15.0,5.0,6.0,1.0,6,1.0,3,0,0,1,0,1,0,0,0,0,0,1,59073.0
5.0,8.0,5.0,6.0,4.0,1.0,2,0.0,3,0,1,0,0,0,0,0,0,0,0,1,53703.0
1.0,2.0,10.0,3.0,5.0,0.0,10,5.0,4,1,1,0,0,1,0,0,0,0,0,1,105000.0
11.0,15.0,14.0,5.0,2.0,1.0,6,10.0,10,1,1,1,1,0,1,0,0,1,0,0,134921.0
24.0,28.0,24.0,5.0,2.0,0.0,6,0.0,5,0,1,0,1,0,1,0,0,0,0,1,103647.0
3.0,5.0,10.0,6.0,5.0,0.0,8,0.0,8,1,1,1,1,0,1,0,0,0,0,1,22658.0
4.0,8.0,9.0,5.0,4.0,0.0,10,1.0,4,1,0,0,1,0,0,0,0,0,1,1,185000.0
18.0,24.0,18.0,6.0,5.0,0.0,10,6.0,6,1,1,1,1,0,1,0,0,0,0,1,300000.0
3.0,4.0,3.0,5.0,5.0,2.0,4,0.0,9,1,1,1,1,1,1,1,0,0,0,1,11963.0
38.0,40.0,10.0,3.0,5.0,1.0,9,8.0,6,0,1,0,1,0,0,0,0,0,0,1,38216.0
4.0,8.0,4.0,5.0,2.0,1.0,6,2.0,6,0,1,1,0,0,0,1,0,0,0,1,37592.0
24.0,30.0,24.0,6.0,6.0,2.0,6,0.0,6,0,1,1,1,0,1,0,0,0,0,1,118147.0
7.0,10.0,7.0,5.0,3.0,1.0,6,10.0,3,0,0,1,1,0,0,0,0,0,0,1,115615.0
4.0,10.0,4.0,7.0,4.0,1.0,10,10.0,5,1,0,0,1,0,0,1,0,0,0,1,70000.0
17.0,17.0,17.0,3.0,6.0,0.0,10,6.0,9,1,1,0,1,1,1,0,0,0,0,1,195000.0
6.0,17.0,6.0,7.0,4.0,0.0,3,3.0,4,1,0,0,1,0,0,1,0,0,0,1,75184.0
17.0,21.0,10.0,5.0,8.0,1.0,6,1.0,3,1,0,0,1,1,0,0,0,0,0,1,16191.0
0.0,9.0,0.0,2.0,5.0,2.0,6,8.0,11,1,1,1,1,0,1,0,0,0,0,1,37436.0
10.0,12.0,12.0,6.0,9.0,1.0,2,6.0,8,0,1,1,1,0,1,1,0,0,0,1,107406.0
5.0,6.0,5.0,6.0,4.0,0.0,8,1.0,1,1,0,0,0,0,0,0,0,0,0,1,50000.0
3.0,5.0,3.0,5.0,7.0,0.0,6,1.0,2,1,0,0,0,0,0,0,0,1,0,1,25233.0
1.0,4.0,1.0,5.0,4.0,2.0,6,0.0,8,0,1,1,1,1,1,0,0,0,0,1,25777.0
15.0,20.0,10.0,5.0,1.0,1.0,6,9.0,3,0,0,0,0,0,0,1,0,0,0,0,11085.0
20.0,20.0,20.0,4.0,7.0,0.0,10,0.0,6,0,1,0,1,0,1,0,0,0,0,1,150000.0
2.0,3.0,10.0,5.0,4.0,1.0,8,1.0,5,0,0,1,1,1,0,1,0,0,0,1,25000.0
20.0,40.0,10.0,3.0,1.0,0.0,6,7.0,2,0,0,0,1,0,0,0,0,0,0,0,60000.0
22.0,25.0,22.0,3.0,5.0,2.0,6,8.0,4,1,0,0,1,1,1,0,0,0,0,1,40814.0
21.0,26.0,21.0,5.0,5.0,1.0,9,8.0,1,0,0,0,0,0,1,0,0,0,0,1,98089.0
10.0,10.0,10.0,2.0,8.0,0.0,3,0.0,16,1,1,1,1,1,1,1,1,1,0,1,85925.0
18.0,30.0,20.0,6.0,5.0,0.0,3,0.0,8,0,1,0,1,1,1,0,1,0,0,1,92369.0
17.0,23.0,20.0,6.0,5.0,2.0,3,4.0,6,0,1,0,1,1,0,0,0,0,0,1,85925.0
8.0,12.0,8.0,6.0,6.0,1.0,6,2.0,5,0,1,1,0,0,0,0,0,1,0,1,86870.0
6.0,7.0,10.0,3.0,8.0,1.0,6,10.0,7,1,1,0,1,1,0,1,1,0,0,1,84034.0
4.0,6.0,10.0,5.0,9.0,0.0,0,5.0,3,1,0,0,1,0,0,0,0,0,0,1,27973.0
27.0,40.0,10.0,5.0,8.0,0.0,6,10.0,5,0,0,0,0,0,0,1,0,0,1,0,245117.0
13.0,24.0,13.0,3.0,3.0,2.0,6,0.0,7,1,0,1,1,0,0,1,0,0,0,1,134921.0
6.0,12.0,6.0,5.0,9.0,0.0,6,0.0,5,1,1,1,1,0,0,0,0,0,0,1,59391.0
10.0,14.0,10.0,5.0,9.0,1.0,10,7.0,5,0,0,0,0,1,0,1,0,0,0,1,150000.0
3.0,4.0,3.0,6.0,9.0,1.0,2,10.0,4,0,1,0,0,0,1,0,0,0,0,0,21696.0
14.0,20.0,10.0,3.0,1.0,0.0,6,7.0,8,0,1,1,0,1,0,0,1,0,0,0,32222.0
14.0,18.0,14.0,5.0,4.0,0.0,1,0.0,8,0,1,1,1,1,1,0,0,0,0,1,135209.0
3.0,4.0,4.0,3.0,3.0,0.0,3,0.0,6,0,1,1,1,0,0,0,1,0,0,1,59073.0
8.0,12.0,8.0,5.0,4.0,1.0,6,0.0,4,1,0,1,0,0,0,0,0,1,0,1,32696.0
7.0,7.0,9.0,3.0,8.0,1.0,5,10.0,8,1,1,0,1,0,0,0,0,0,0,0,193331.0
7.0,12.0,10.0,6.0,4.0,0.0,8,1.0,6,1,1,1,1,0,0,0,0,0,0,1,59241.0
23.0,32.0,32.0,5.0,3.0,0.0,6,1.0,5,0,0,0,1,0,1,0,0,0,1,1,184985.0
1.0,4.0,10.0,3.0,2.0,2.0,6,2.0,4,0,1,0,0,0,1,0,1,0,0,1,40061.0
2.0,6.0,2.0,5.0,4.0,0.0,10,0.0,4,0,1,0,0,0,0,0,0,0,0,0,70000.0
5.0,10.0,5.0,5.0,5.0,1.0,4,2.0,4,0,1,1,0,0,0,0,0,0,0,1,14356.0
13.0,20.0,13.0,4.0,4.0,1.0,3,0.0,6,0,1,1,1,0,0,0,0,0,0,1,96666.0
10.0,13.0,13.0,5.0,5.0,1.0,6,10.0,7,1,1,1,1,0,0,0,0,0,0,1,145715.0
0.0,13.0,1.0,6.0,3.0,2.0,6,10.0,18,1,1,1,1,1,0,1,1,1,1,1,19333.0
6.0,16.0,10.0,6.0,9.0,1.0,10,10.0,2,1,0,0,0,0,0,0,0,0,0,1,400000.0
21.0,35.0,10.0,6.0,4.0,1.0,3,10.0,7,1,0,0,1,1,0,0,1,0,0,0,128887.0
14.0,20.0,10.0,7.0,9.0,1.0,3,3.0,2,1,0,0,1,0,0,0,0,0,0,1,107406.0
1.0,3.0,4.0,6.0,8.0,0.0,8,10.0,3,1,0,0,1,1,0,0,0,0,0,1,22216.0
20.0,23.0,20.0,2.0,9.0,0.0,10,1.0,4,0,1,0,0,1,0,0,0,0,0,1,215000.0
10.0,20.0,10.0,7.0,9.0,1.0,2,3.0,2,1,0,0,1,0,0,0,0,0,0,1,57999.0
4.0,8.0,4.0,5.0,4.0,1.0,10,0.0,5,1,1,0,0,0,0,1,0,0,0,1,160000.0
8.0,12.0,8.0,6.0,9.0,0.0,10,0.0,10,1,1,1,1,0,1,1,0,0,0,1,235000.0
25.0,25.0,25.0,6.0,4.0,1.0,5,10.0,7,1,0,0,1,1,0,0,0,0,0,1,139628.0
11.0,14.0,10.0,5.0,9.0,1.0,3,0.0,4,0,1,1,0,0,0,0,0,0,0,1,102036.0
33.0,37.0,10.0,5.0,2.0,0.0,6,0.0,4,0,1,0,1,0,0,0,0,0,0,0,38742.0
6.0,8.0,25.0,4.0,4.0,1.0,10,0.0,8,0,1,1,1,0,1,0,0,0,0,1,104000.0
29.0,32.0,10.0,7.0,7.0,2.0,0,9.0,8,1,0,0,0,1,1,1,0,0,0,1,43638.0
10.0,10.0,10.0,7.0,9.0,1.0,6,10.0,12,1,1,1,1,1,1,1,1,0,0,1,75184.0
26.0,28.0,28.0,2.0,7.0,1.0,6,0.0,4,0,0,1,1,0,1,0,0,0,0,1,66769.0
2.0,8.0,2.0,5.0,7.0,1.0,9,10.0,4,1,0,1,1,1,0,0,0,0,0,1,61783.0
14.0,15.0,14.0,5.0,8.0,0.0,6,1.0,6,1,1,0,1,1,1,0,0,0,0,1,152865.0
13.0,14.0,5.0,6.0,7.0,0.0,10,0.0,5,0,1,1,0,1,1,0,0,0,0,1,89494.0
13.0,25.0,10.0,5.0,7.0,1.0,10,0.0,8,1,1,0,1,1,0,0,1,0,0,1,130000.0
4.0,5.0,10.0,6.0,4.0,0.0,3,8.0,3,1,0,0,0,0,1,0,0,0,0,1,69814.0
26.0,26.0,10.0,4.0,2.0,2.0,10,0.0,5,0,1,0,1,0,0,0,1,0,0,1,110000.0
8.0,10.0,6.0,6.0,3.0,0.0,8,10.0,6,0,0,0,1,0,1,1,0,0,0,1,50000.0
2.0,7.0,2.0,6.0,9.0,1.0,1,0.0,4,0,1,1,0,1,0,0,0,0,0,1,165000.0
6.0,9.0,7.0,5.0,8.0,1.0,8,9.0,3,0,0,0,0,1,0,1,0,0,0,1,16291.0
20.0,21.0,21.0,3.0,2.0,1.0,10,8.0,4,1,0,0,1,0,1,0,0,0,0,1,99000.0
15.0,15.0,15.0,5.0,6.0,1.0,10,2.0,3,0,1,1,0,0,0,0,0,0,0,1,200000.0
16.0,20.0,10.0,3.0,4.0,1.0,7,0.0,9,1,1,1,1,1,0,0,1,0,0,1,38666.0
0.0,2.0,10.0,5.0,7.0,2.0,6,10.0,6,0,1,1,1,1,0,0,0,0,0,0,32222.0
15.0,24.0,10.0,7.0,6.0,0.0,3,0.0,8,0,1,1,1,1,0,0,0,0,1,1,96666.0
1.0,3.0,4.0,5.0,7.0,0.0,8,5.0,2,1,0,0,0,0,0,0,0,0,0,1,20700.0
10.0,12.0,10.0,5.0,9.0,1.0,10,0.0,13,1,1,1,1,1,1,1,0,1,0,1,120000.0
10.0,14.0,10.0,5.0,5.0,0.0,6,1.0,2,0,0,0,0,1,0,0,0,0,0,0,200000.0
21.0,30.0,22.0,6.0,5.0,1.0,2,8.0,7,0,1,0,0,0,1,1,1,0,0,1,75184.0
1.0,4.0,10.0,3.0,7.0,1.0,3,8.0,9,1,1,1,1,1,0,0,0,0,1,1,13963.0
8.0,10.0,8.0,3.0,4.0,1.0,3,0.0,4,0,1,1,0,0,0,0,1,0,0,1,96666.0
2.0,8.0,2.0,5.0,5.0,1.0,6,0.0,11,1,1,1,1,0,0,1,0,1,1,0,21577.0
18.0,20.0,18.0,6.0,6.0,0.0,3,1.0,1,0,0,0,0,0,0,0,1,0,0,1,128887.0
3.0,6.0,3.0,7.0,4.0,2.0,3,10.0,1,1,0,0,0,0,0,0,0,0,0,1,20944.0
6.0,8.0,6.0,3.0,5.0,2.0,7,8.0,5,1,0,0,1,0,0,1,0,0,0,1,42425.0
6.0,9.0,6.0,3.0,4.0,2.0,6,8.0,3,0,0,0,0,0,1,0,0,0,0,1,65152.0
11.0,11.0,11.0,6.0,3.0,0.0,10,1.0,5,0,1,0,1,0,0,0,0,0,0,1,150000.0
19.0,25.0,25.0,6.0,5.0,1.0,6,10.0,12,0,1,1,1,1,1,1,1,0,0,1,107406.0
19.0,24.0,20.0,5.0,4.0,1.0,3,9.0,7,1,1,0,0,0,1,1,0,0,1,1,77332.0
15.0,35.0,15.0,6.0,9.0,0.0,10,3.0,8,1,1,1,1,1,0,0,0,0,1,1,210000.0
9.0,15.0,9.0,6.0,9.0,1.0,3,0.0,4,0,1,1,0,0,0,0,0,0,0,1,104378.0
11.0,25.0,10.0,7.0,7.0,1.0,9,10.0,8,1,1,1,0,1,0,0,1,0,0,1,57325.0
6.0,6.0,6.0,4.0,8.0,1.0,5,1.0,11,1,1,1,1,1,0,1,0,0,0,1,161109.0
3.0,7.0,3.0,4.0,4.0,1.0,5,1.0,4,0,1,0,0,0,0,0,1,0,0,1,386662.0
16.0,18.0,10.0,5.0,5.0,0.0,7,0.0,5,0,1,1,0,1,0,0,0,0,0,0,96666.0
11.0,18.0,11.0,5.0,6.0,0.0,6,1.0,9,1,1,0,1,1,0,1,1,1,0,1,54923.0
39.0,41.0,41.0,3.0,9.0,0.0,10,0.0,6,1,1,1,1,0,1,0,0,0,0,1,160000.0
6.0,10.0,10.0,2.0,8.0,0.0,6,2.0,7,1,1,1,0,0,0,0,0,1,1,0,131156.0
30.0,41.0,30.0,2.0,5.0,0.0,9,2.0,4,1,1,1,0,1,0,0,0,0,0,1,89172.0
8.0,12.0,8.0,5.0,4.0,1.0,6,1.0,4,1,0,1,1,1,0,0,0,0,0,1,64444.0
14.0,22.0,14.0,5.0,3.0,0.0,6,0.0,4,0,1,0,1,0,1,0,0,0,0,1,93369.0
5.0,7.0,5.0,6.0,9.0,1.0,6,10.0,3,0,1,1,0,0,0,0,0,1,0,1,50420.0
7.0,8.0,8.0,1.0,3.0,0.0,6,10.0,5,0,1,1,1,0,0,0,1,0,0,1,14580.0
38.0,40.0,10.0,4.0,1.0,0.0,6,4.0,2,0,0,0,1,0,0,0,0,0,0,0,95384.0
10.0,12.0,12.0,5.0,4.0,0.0,3,1.0,4,0,1,1,1,0,0,0,0,0,0,0,90221.0
6.0,8.0,6.0,3.0,4.0,1.0,6,2.0,3,0,1,1,0,0,0,0,0,0,0,1,57140.0
10.0,16.0,10.0,6.0,5.0,0.0,6,0.0,7,0,1,1,1,1,0,0,0,1,1,1,107406.0
18.0,18.0,18.0,5.0,9.0,1.0,9,1.0,6,0,1,1,0,0,1,0,0,0,0,1,169426.0
31.0,39.0,31.0,6.0,5.0,0.0,6,1.0,2,1,0,0,1,0,0,0,0,0,0,1,171850.0
10.0,18.0,10.0,4.0,5.0,0.0,10,10.0,10,1,1,1,1,0,1,1,0,0,1,1,200000.0
7.0,12.0,7.0,5.0,2.0,0.0,7,5.0,12,1,0,1,0,1,1,1,0,1,0,1,85925.0
7.0,9.0,10.0,5.0,9.0,0.0,6,1.0,3,1,0,0,1,1,0,0,0,0,0,1,74239.0
7.0,10.0,8.0,4.0,5.0,0.0,10,10.0,5,0,0,0,0,0,1,0,0,0,0,1,90000.0
5.0,8.0,5.0,5.0,8.0,2.0,10,8.0,3,1,0,0,0,1,0,1,0,0,0,1,115000.0
2.0,4.0,2.0,5.0,7.0,1.0,6,4.0,5,1,1,1,1,0,0,0,0,0,0,0,12889.0
11.0,16.0,11.0,6.0,2.0,1.0,6,0.0,12,1,1,0,1,1,1,0,1,0,0,1,128887.0
10.0,10.0,10.0,2.0,5.0,0.0,6,8.0,8,0,1,1,1,0,0,0,0,1,0,1,53808.0
5.0,7.0,5.0,5.0,3.0,2.0,6,0.0,14,1,1,1,1,0,1,0,0,0,0,1,82081.0
10.0,12.0,10.0,6.0,6.0,0.0,6,10.0,4,1,0,1,1,0,0,0,0,0,1,0,128887.0
7.0,10.0,18.0,6.0,4.0,0.0,3,10.0,3,1,0,0,0,1,0,0,0,0,0,1,56925.0
7.0,9.0,7.0,5.0,5.0,0.0,10,0.0,4,0,1,1,0,0,1,0,0,0,0,1,130000.0
10.0,13.0,10.0,6.0,5.0,0.0,8,10.0,1,0,0,0,1,0,0,0,0,0,0,1,60000.0
3.0,8.0,4.0,5.0,4.0,1.0,10,7.0,6,0,0,1,0,1,1,0,0,0,0,1,120000.0
11.0,13.0,11.0,5.0,3.0,0.0,10,8.0,2,0,0,1,0,0,0,0,0,0,1,1,175000.0
6.0,10.0,10.0,5.0,1.0,0.0,6,0.0,8,0,1,1,1,0,0,0,1,0,0,0,25000.0
21.0,25.0,21.0,5.0,9.0,1.0,10,10.0,8,1,1,1,1,1,0,0,0,0,0,1,151000.0
10.0,12.0,10.0,5.0,5.0,0.0,1,0.0,5,0,1,1,1,0,1,0,0,0,0,1,101770.0
11.0,20.0,10.0,6.0,9.0,0.0,6,10.0,7,1,1,0,1,0,0,1,0,1,0,1,334251.0
20.0,25.0,20.0,6.0,2.0,0.0,2,10.0,7,0,1,1,0,1,0,0,0,0,1,0,107406.0
6.0,8.0,12.0,5.0,4.0,0.0,10,2.0,3,0,1,0,1,0,0,0,0,0,0,1,170000.0
4.0,8.0,5.0,5.0,9.0,1.0,4,1.0,3,1,0,0,1,1,0,0,0,0,0,1,21534.0
5.0,7.0,5.0,5.0,9.0,0.0,10,0.0,1,0,0,1,0,0,0,0,0,0,0,1,130000.0
22.0,30.0,10.0,5.0,5.0,0.0,10,0.0,4,0,1,0,1,1,0,0,0,0,0,1,153000.0
16.0,22.0,10.0,3.0,5.0,1.0,9,1.0,6,1,1,0,1,0,0,0,0,0,1,1,216559.0
3.0,7.0,10.0,5.0,5.0,0.0,10,0.0,5,0,1,0,1,0,0,0,1,0,0,1,96500.0
22.0,28.0,24.0,5.0,5.0,0.0,10,0.0,3,0,1,1,0,0,1,0,0,0,0,1,165000.0
20.0,20.0,20.0,6.0,5.0,1.0,6,1.0,5,0,1,0,1,1,0,0,0,0,0,1,133058.0
2.0,10.0,10.0,5.0,2.0,2.0,6,10.0,9,1,1,1,1,0,0,0,0,0,1,1,15457.0
19.0,22.0,10.0,5.0,5.0,0.0,6,1.0,4,0,1,0,1,0,1,0,0,0,0,1,79481.0
8.0,10.0,10.0,2.0,7.0,2.0,3,10.0,5,1,1,0,0,1,0,0,0,0,0,1,55422.0
3.0,7.0,10.0,6.0,1.0,1.0,6,0.0,10,1,1,0,1,1,1,0,1,0,0,0,10050.0
1.0,5.0,1.0,3.0,9.0,1.0,6,8.0,11,0,1,1,1,1,0,1,1,1,0,0,32222.0
37.0,44.0,37.0,5.0,6.0,1.0,10,0.0,5,1,1,0,1,0,1,0,0,0,0,1,163000.0
11.0,17.0,11.0,7.0,4.0,0.0,9,2.0,7,0,1,1,1,1,0,0,0,0,0,1,133757.0
9.0,15.0,9.0,3.0,4.0,0.0,6,1.0,5,0,1,0,1,0,0,0,0,0,0,1,40336.0
5.0,14.0,5.0,6.0,9.0,1.0,6,10.0,5,1,0,0,0,0,0,1,0,1,0,1,35981.0
8.0,19.0,7.0,6.0,6.0,0.0,4,2.0,2,0,1,1,0,0,0,0,0,0,0,1,28114.0
8.0,12.0,10.0,5.0,7.0,0.0,6,1.0,7,1,1,1,1,0,0,0,0,0,0,1,16784.0
3.0,5.0,3.0,5.0,5.0,2.0,6,8.0,7,1,1,0,1,1,1,0,0,0,0,1,38839.0
7.0,9.0,9.0,2.0,9.0,1.0,9,6.0,21,1,1,1,1,1,1,1,1,1,1,1,76433.0
22.0,25.0,23.0,3.0,2.0,1.0,0,0.0,5,0,1,1,1,0,0,0,0,1,0,1,15851.0
5.0,10.0,10.0,6.0,4.0,2.0,2,0.0,5,1,0,1,0,0,0,1,0,0,1,1,41888.0
12.0,20.0,10.0,5.0,5.0,2.0,10,10.0,9,1,1,0,0,1,0,1,0,0,1,1,200000.0
5.0,8.0,5.0,5.0,5.0,1.0,10,2.0,2,0,0,1,0,0,0,0,0,0,0,1,120000.0
10.0,15.0,14.0,3.0,5.0,1.0,6,0.0,8,1,1,1,1,1,0,0,1,0,0,1,37592.0
10.0,15.0,10.0,6.0,9.0,1.0,6,10.0,8,1,1,0,1,0,0,1,0,0,0,1,85925.0
6.0,7.0,14.0,2.0,5.0,0.0,9,0.0,5,0,1,1,1,0,0,0,0,0,0,1,52229.0
35.0,40.0,35.0,5.0,5.0,2.0,6,0.0,4,0,1,0,1,0,1,0,0,0,0,1,57230.0
5.0,7.0,10.0,5.0,9.0,0.0,6,1.0,5,0,0,0,1,1,0,0,0,0,0,1,58490.0
7.0,12.0,7.0,5.0,8.0,0.0,6,1.0,9,1,1,1,1,0,0,0,0,1,0,1,99099.0
19.0,26.0,24.0,5.0,9.0,1.0,6,10.0,7,0,1,0,1,1,0,0,0,1,0,1,222834.0
4.0,6.0,42.0,7.0,3.0,1.0,9,10.0,8,1,1,0,1,0,0,1,0,0,0,0,89172.0
0.0,4.0,1.0,5.0,3.0,1.0,3,0.0,6,0,1,1,1,0,0,0,1,0,0,1,42962.0
13.0,18.0,13.0,6.0,7.0,0.0,6,1.0,5,1,1,0,1,1,0,0,0,0,0,1,102036.0
25.0,27.0,25.0,6.0,7.0,1.0,1,10.0,7,1,1,1,0,0,1,0,0,1,0,1,106132.0
21.0,33.0,10.0,6.0,4.0,0.0,1,1.0,6,0,1,1,1,1,0,0,0,0,0,1,94501.0
3.0,5.0,10.0,5.0,5.0,1.0,6,1.0,3,1,0,0,0,1,0,0,0,0,0,1,113334.0
13.0,15.0,13.0,6.0,7.0,1.0,6,0.0,6,1,1,0,1,1,0,0,1,0,0,1,72000.0
10.0,15.0,10.0,6.0,5.0,0.0,2,8.0,2,0,0,0,0,0,0,1,0,0,0,1,107406.0
7.0,9.0,9.0,3.0,3.0,2.0,1,0.0,8,0,1,0,1,1,1,0,1,0,0,1,40616.0
2.0,4.0,3.0,1.0,9.0,1.0,6,0.0,7,0,1,1,1,1,0,0,0,1,0,1,22283.0
25.0,25.0,10.0,5.0,7.0,0.0,9,10.0,2,0,0,0,0,0,0,0,0,1,0,1,229298.0
10.0,18.0,10.0,6.0,2.0,2.0,6,1.0,4,0,1,1,1,1,0,0,0,0,0,1,45873.0
12.0,20.0,10.0,5.0,9.0,0.0,3,10.0,0,0,0,0,0,0,0,0,0,0,0,1,193331.0
5.0,8.0,5.0,6.0,4.0,1.0,7,8.0,6,1,0,0,1,0,0,1,0,0,0,1,48333.0
5.0,8.0,5.0,5.0,9.0,1.0,3,3.0,2,1,0,0,1,0,0,0,0,0,0,1,69814.0
24.0,34.0,24.0,5.0,3.0,1.0,6,10.0,5,0,1,0,1,0,0,0,0,0,0,1,95000.0
24.0,40.0,24.0,5.0,3.0,2.0,6,8.0,6,1,1,1,1,0,1,0,0,0,0,1,90783.0
3.0,6.0,3.0,6.0,2.0,1.0,3,10.0,3,1,0,0,0,0,0,1,0,0,0,1,26852.0
21.0,24.0,24.0,5.0,7.0,0.0,6,10.0,4,1,1,0,0,0,0,0,1,0,0,1,129464.0
3.0,8.0,3.0,3.0,2.0,2.0,6,0.0,6,0,1,0,1,1,1,0,1,0,0,1,33511.0
2.0,4.0,10.0,5.0,6.0,1.0,1,10.0,3,1,1,0,0,0,0,0,0,0,0,1,87231.0
16.0,22.0,16.0,6.0,4.0,0.0,8,1.0,2,0,1,0,0,0,0,0,1,0,0,1,37026.0
7.0,23.0,25.0,5.0,3.0,1.0,10,0.0,5,1,1,0,1,0,0,0,0,0,0,1,175000.0
3.0,7.0,2.0,6.0,6.0,1.0,2,10.0,4,0,0,0,0,0,0,1,0,0,1,1,42962.0
5.0,9.0,6.0,5.0,6.0,2.0,6,1.0,7,0,1,1,1,1,0,1,0,0,0,1,58809.0
12.0,18.0,12.0,5.0,4.0,0.0,5,0.0,9,0,1,0,1,0,1,0,1,0,1,1,73036.0
7.0,10.0,7.0,6.0,5.0,1.0,9,1.0,3,1,0,0,0,1,0,0,0,0,0,1,133757.0
2.0,10.0,2.0,5.0,4.0,1.0,6,1.0,5,1,1,0,0,1,0,0,0,0,0,1,34931.0
6.0,8.0,10.0,6.0,5.0,2.0,7,6.0,6,0,1,0,1,0,1,1,1,0,0,1,55851.0
42.0,51.0,10.0,6.0,3.0,0.0,9,0.0,4,0,1,0,1,0,1,0,0,0,0,1,57325.0
5.0,12.0,5.0,5.0,4.0,2.0,1,10.0,3,1,0,0,0,0,0,0,0,0,0,1,14539.0
1.0,7.0,1.0,3.0,5.0,1.0,9,0.0,11,1,1,0,1,1,0,1,0,0,0,1,28025.0
1.0,3.0,3.0,5.0,4.0,2.0,4,3.0,7,1,1,0,1,1,1,0,0,0,0,1,29909.0
12.0,17.0,12.0,5.0,6.0,1.0,9,0.0,10,1,1,1,1,0,1,1,0,0,1,1,82802.0
18.0,26.0,18.0,3.0,4.0,0.0,6,8.0,3,0,0,0,1,0,0,0,1,0,0,1,94517.0
2.0,5.0,2.0,6.0,4.0,2.0,6,10.0,2,1,0,0,0,0,0,0,0,0,0,1,68987.0
6.0,10.0,8.0,6.0,6.0,0.0,6,3.0,2,1,0,0,1,0,0,0,0,0,0,1,130000.0
17.0,33.0,17.0,6.0,7.0,0.0,6,10.0,4,1,0,1,0,1,0,0,0,0,0,1,75184.0
0.0,10.0,10.0,6.0,9.0,0.0,6,6.0,8,1,1,0,1,0,0,0,0,1,1,1,19302.0
0.0,4.0,0.0,5.0,7.0,2.0,4,10.0,9,1,1,0,1,1,0,1,0,0,0,1,16749.0
12.0,14.0,8.0,6.0,5.0,0.0,3,1.0,4,0,0,0,0,1,1,0,0,1,0,1,112777.0
7.0,11.0,10.0,5.0,5.0,0.0,3,1.0,5,0,0,0,0,0,0,0,0,0,0,1,91295.0
3.0,9.0,3.0,3.0,4.0,1.0,3,0.0,15,1,1,1,1,0,0,1,0,1,1,1,37377.0
10.0,16.0,10.0,3.0,4.0,2.0,6,10.0,5,0,1,0,0,0,0,0,1,0,0,1,133700.0
2.0,4.0,2.0,5.0,5.0,1.0,6,1.0,6,1,1,0,1,1,0,0,0,0,0,0,85123.0
12.0,18.0,10.0,5.0,5.0,0.0,6,0.0,7,1,0,0,1,1,0,0,1,0,0,1,45600.0
3.0,4.0,10.0,5.0,4.0,2.0,3,0.0,2,0,0,0,0,1,1,0,0,0,0,1,54777.0
5.0,8.0,5.0,5.0,7.0,1.0,10,0.0,7,1,1,0,1,0,1,0,0,0,0,1,139000.0
13.0,13.0,20.0,5.0,4.0,0.0,6,0.0,6,0,1,1,1,0,1,0,0,0,0,1,89087.0
4.0,14.0,4.0,6.0,5.0,1.0,6,1.0,8,1,1,1,1,1,0,1,0,0,0,0,144998.0
12.0,14.0,12.0,3.0,5.0,0.0,9,1.0,2,0,1,0,0,0,1,0,0,0,0,1,96815.0
17.0,24.0,17.0,2.0,5.0,2.0,6,1.0,2,0,1,0,0,0,1,0,0,0,0,1,60147.0
2.0,9.0,2.0,6.0,9.0,2.0,6,9.0,0,0,0,0,0,0,0,0,0,0,0,1,36518.0
11.0,18.0,11.0,6.0,7.0,1.0,3,1.0,6,0,0,0,0,1,0,0,0,0,1,1,89147.0
32.0,45.0,46.0,6.0,7.0,1.0,5,8.0,2,0,0,0,0,0,0,0,0,0,0,1,102036.0
5.0,10.0,10.0,5.0,7.0,0.0,6,0.0,7,1,1,1,1,1,0,0,0,1,1,1,76467.0
4.0,9.0,4.0,5.0,4.0,2.0,10,0.0,10,0,1,1,1,0,1,1,0,0,0,1,95000.0
34.0,41.0,10.0,6.0,9.0,0.0,10,0.0,9,1,0,0,1,1,0,1,0,0,0,1,191000.0
2.0,5.0,2.0,5.0,5.0,2.0,6,1.0,1,0,0,0,0,1,0,0,0,0,0,1,34090.0
10.0,10.0,10.0,6.0,5.0,0.0,6,10.0,6,0,1,0,0,0,0,0,0,1,0,1,80000.0
8.0,10.0,8.0,6.0,9.0,1.0,6,0.0,7,0,1,1,0,1,0,0,0,1,0,1,53703.0
13.0,18.0,13.0,6.0,8.0,1.0,6,0.0,6,1,0,0,0,1,0,0,0,0,0,1,118954.0
10.0,17.0,10.0,6.0,9.0,1.0,3,10.0,9,1,1,1,0,0,1,1,1,0,0,1,102036.0
4.0,8.0,4.0,5.0,3.0,1.0,6,0.0,4,1,1,0,0,1,1,0,0,0,0,1,89134.0
4.0,14.0,10.0,5.0,5.0,1.0,3,0.0,5,0,1,1,0,1,0,0,0,0,0,0,45111.0
0.0,0.0,15.0,5.0,2.0,2.0,10,10.0,9,1,1,0,0,0,0,1,0,1,0,1,350000.0
22.0,26.0,10.0,5.0,9.0,1.0,5,0.0,5,0,1,0,0,1,0,0,0,0,0,1,107406.0
4.0,7.0,4.0,6.0,9.0,1.0,2,0.0,10,1,1,1,1,1,0,0,1,0,0,0,39203.0
14.0,26.0,15.0,5.0,5.0,0.0,9,0.0,3,0,1,0,0,0,0,0,0,0,0,1,89172.0
3.0,8.0,3.0,6.0,9.0,0.0,6,1.0,4,1,1,0,1,1,0,0,0,0,0,1,27442.0
3.0,5.0,5.0,3.0,7.0,0.0,10,0.0,7,1,1,0,1,0,1,0,0,0,0,1,120000.0
15.0,17.0,10.0,6.0,3.0,1.0,2,0.0,6,0,1,1,1,1,0,0,0,0,0,1,44037.0
4.0,11.0,5.0,6.0,9.0,1.0,5,10.0,1,1,0,0,0,0,0,0,0,0,0,1,64444.0
10.0,10.0,10.0,3.0,1.0,0.0,6,0.0,3,0,1,1,0,0,0,0,0,0,0,0,29730.0
1.0,6.0,1.0,4.0,5.0,1.0,6,0.0,5,0,1,1,1,0,1,0,0,0,0,1,65665.0
19.0,22.0,20.0,7.0,4.0,0.0,6,6.0,11,0,1,1,1,0,1,1,0,1,0,1,97000.0
6.0,11.0,6.0,5.0,3.0,2.0,6,0.0,5,0,1,1,1,0,0,0,1,0,0,1,22870.0
8.0,13.0,8.0,6.0,5.0,1.0,6,0.0,6,0,1,1,0,0,1,1,0,0,0,1,38666.0
1.0,6.0,10.0,6.0,7.0,0.0,1,5.0,3,1,0,0,0,0,0,0,0,0,0,1,58154.0
4.0,6.0,4.0,1.0,2.0,1.0,3,0.0,6,0,1,1,0,1,0,0,1,0,0,1,25777.0
9.0,14.0,9.0,6.0,2.0,1.0,6,10.0,14,1,1,1,1,0,0,1,0,1,1,0,100962.0
2.0,6.0,2.0,5.0,2.0,1.0,9,0.0,7,1,1,1,1,0,0,0,1,0,0,1,35032.0
19.0,20.0,20.0,5.0,5.0,2.0,6,1.0,3,0,0,0,1,1,0,0,0,0,0,1,250000.0
5.0,10.0,10.0,5.0,7.0,1.0,9,6.0,4,1,1,0,1,0,0,0,0,0,0,1,152865.0
18.0,18.0,30.0,5.0,4.0,0.0,10,0.0,3,0,1,0,0,0,0,0,1,0,0,1,90000.0
3.0,7.0,10.0,5.0,5.0,1.0,5,0.0,9,0,1,1,1,1,0,0,0,0,0,1,44681.0
4.0,5.0,15.0,4.0,4.0,1.0,6,1.0,4,0,1,0,1,1,0,0,0,0,0,1,27178.0
20.0,26.0,10.0,5.0,7.0,0.0,10,7.0,7,0,0,1,0,0,1,1,0,0,0,1,300000.0
12.0,19.0,12.0,5.0,7.0,1.0,6,0.0,3,0,0,1,0,1,1,0,0,0,0,0,73036.0
10.0,13.0,10.0,6.0,4.0,1.0,6,2.0,3,0,1,1,0,0,0,0,0,0,0,1,30525.0
3.0,4.0,10.0,6.0,6.0,2.0,0,0.0,4,0,1,1,0,0,1,0,0,0,0,1,11189.0
7.0,16.0,9.0,6.0,4.0,2.0,9,0.0,2,0,0,1,0,0,1,0,0,0,0,1,51592.0
3.0,8.0,16.0,5.0,9.0,0.0,10,10.0,2,1,0,0,0,0,0,0,0,0,0,1,165000.0
2.0,10.0,10.0,5.0,7.0,1.0,9,0.0,8,1,1,1,1,1,1,0,0,0,0,1,30700.0
10.0,14.0,11.0,5.0,7.0,0.0,4,0.0,18,1,1,1,1,1,0,1,1,1,0,1,45461.0
28.0,40.0,10.0,3.0,5.0,1.0,6,0.0,6,0,0,0,1,1,0,0,0,0,0,1,72231.0
3.0,6.0,3.0,4.0,3.0,0.0,10,0.0,6,1,1,1,1,0,0,0,0,1,0,1,155000.0
2.0,4.0,10.0,6.0,2.0,1.0,3,8.0,5,0,0,0,0,0,0,1,0,0,0,1,60147.0
4.0,8.0,4.0,5.0,4.0,2.0,6,10.0,3,0,0,0,0,0,1,1,0,0,0,1,26331.0
10.0,18.0,10.0,6.0,5.0,1.0,8,1.0,8,0,1,1,1,0,0,0,1,1,1,1,57020.0
21.0,25.0,21.0,6.0,9.0,0.0,2,0.0,8,1,1,1,0,0,0,1,0,1,0,1,75184.0
2.0,2.0,10.0,5.0,7.0,1.0,6,1.0,1,0,0,0,0,1,0,0,0,0,0,1,28051.0
5.0,14.0,10.0,1.0,1.0,0.0,6,0.0,8,0,1,1,1,0,0,0,0,1,0,0,21481.0
10.0,12.0,10.0,2.0,2.0,0.0,10,0.0,7,1,1,1,1,0,0,0,0,0,0,0,96000.0
8.0,12.0,10.0,7.0,6.0,2.0,3,10.0,7,1,1,0,1,0,0,0,1,0,0,1,64444.0
6.0,8.0,7.0,6.0,9.0,1.0,6,4.0,1,1,0,0,0,0,0,0,0,0,0,0,75184.0
15.0,20.0,15.0,5.0,9.0,0.0,2,1.0,2,0,0,0,0,1,0,0,0,0,0,1,161109.0
1.0,7.0,1.0,6.0,9.0,2.0,3,10.0,5,1,0,1,0,0,0,1,0,0,1,0,45111.0
20.0,40.0,25.0,3.0,5.0,1.0,10,5.0,7,1,1,1,1,0,0,0,1,0,0,1,115000.0
13.0,15.0,13.0,5.0,4.0,0.0,6,1.0,2,0,0,0,0,1,0,0,0,0,0,1,70888.0
10.0,15.0,11.0,6.0,7.0,1.0,4,3.0,1,1,0,0,0,0,0,0,0,0,0,1,64603.0
4.0,10.0,4.0,6.0,3.0,1.0,5,1.0,2,0,0,0,0,1,0,0,0,0,0,1,54777.0
6.0,10.0,6.0,4.0,4.0,1.0,6,1.0,2,0,0,0,1,1,0,0,0,0,0,1,86401.0
24.0,39.0,31.0,6.0,7.0,1.0,5,5.0,5,0,1,1,0,0,0,0,0,0,0,0,193331.0
7.0,11.0,7.0,5.0,9.0,1.0,4,0.0,7,0,1,1,1,1,0,0,0,0,0,1,35890.0
12.0,17.0,20.0,5.0,4.0,0.0,10,8.0,5,1,0,0,0,0,0,1,0,0,0,1,125000.0
5.0,13.0,10.0,5.0,4.0,1.0,10,0.0,7,1,1,1,1,1,0,0,0,0,0,1,78000.0
15.0,20.0,15.0,5.0,4.0,2.0,6,9.0,4,1,0,0,0,0,0,0,0,1,0,1,86104.0
29.0,33.0,29.0,4.0,5.0,0.0,6,4.0,2,0,0,0,1,0,0,0,0,0,0,1,79812.0
2.0,8.0,2.0,2.0,4.0,1.0,6,0.0,4,1,0,1,0,0,0,0,0,0,0,1,83563.0
45.0,48.0,10.0,5.0,3.0,1.0,10,10.0,6,1,0,0,0,0,0,1,0,0,0,1,220000.0
36.0,40.0,36.0,5.0,7.0,2.0,6,0.0,10,1,1,1,1,1,0,0,1,0,0,1,108002.0
5.0,10.0,5.0,2.0,4.0,0.0,3,1.0,19,1,1,0,0,0,1,1,1,1,1,1,68740.0
17.0,21.0,17.0,5.0,4.0,1.0,6,1.0,4,0,0,0,1,1,0,0,1,0,0,0,69814.0
8.0,13.0,35.0,6.0,7.0,2.0,8,4.0,2,1,0,0,1,0,0,0,0,0,0,1,54305.0
8.0,11.0,10.0,6.0,2.0,0.0,2,1.0,5,1,0,1,1,0,0,0,0,0,0,1,64444.0
2.0,3.0,11.0,5.0,5.0,0.0,10,0.0,4,1,1,1,0,0,0,0,0,1,0,1,100000.0
15.0,35.0,10.0,5.0,9.0,0.0,10,0.0,7,0,1,0,1,1,0,0,0,0,0,1,150000.0
11.0,13.0,11.0,6.0,4.0,0.0,8,1.0,5,0,1,1,0,0,1,0,0,0,0,1,84000.0
3.0,4.0,10.0,2.0,4.0,2.0,3,10.0,10,1,1,0,1,0,1,0,1,0,0,1,48333.0
5.0,7.0,21.0,5.0,3.0,1.0,6,1.0,4,0,1,0,1,0,0,0,1,0,0,1,23099.0
19.0,24.0,19.0,6.0,2.0,0.0,6,0.0,2,0,0,0,0,0,0,0,0,0,0,1,132927.0
7.0,12.0,10.0,6.0,7.0,0.0,10,6.0,6,1,0,0,1,0,0,0,0,0,0,1,175000.0
6.0,20.0,6.0,7.0,4.0,2.0,9,10.0,3,1,0,0,0,0,0,1,0,0,0,1,73248.0
3.0,9.0,3.0,6.0,2.0,1.0,6,9.0,8,1,0,0,0,1,1,0,0,0,0,1,60366.0
10.0,30.0,10.0,7.0,9.0,1.0,3,3.0,2,1,0,0,0,0,0,0,0,0,0,0,64444.0
4.0,9.0,4.0,5.0,5.0,1.0,9,6.0,3,1,0,0,0,0,1,0,0,0,0,1,59447.0
23.0,26.0,10.0,6.0,5.0,0.0,10,0.0,4,0,0,1,1,0,1,0,0,0,0,1,230000.0
1.0,3.0,3.0,6.0,7.0,0.0,6,1.0,3,1,0,0,1,1,0,0,0,0,0,1,29000.0
5.0,5.0,5.0,6.0,7.0,0.0,6,8.0,6,1,1,1,1,0,0,0,0,0,0,1,46185.0
2.0,14.0,2.0,6.0,7.0,1.0,2,10.0,14,1,1,1,1,1,0,1,1,0,1,1,32222.0
5.0,10.0,4.0,3.0,6.0,1.0,3,1.0,4,1,0,0,1,0,0,0,0,0,0,1,81629.0
8.0,18.0,10.0,5.0,4.0,0.0,1,1.0,3,0,0,0,0,0,0,1,0,0,1,0,72000.0
4.0,5.0,8.0,5.0,7.0,1.0,0,5.0,9,1,1,1,1,1,0,0,0,1,0,1,11189.0
6.0,7.0,6.0,6.0,4.0,0.0,8,1.0,6,0,1,1,0,1,0,0,1,0,0,1,75399.0
5.0,10.0,10.0,5.0,4.0,0.0,6,1.0,4,1,1,0,0,0,0,0,0,1,0,1,15600.0
0.0,11.0,0.0,5.0,3.0,2.0,7,10.0,4,1,0,1,0,0,0,1,0,0,0,1,25777.0
5.0,18.0,5.0,6.0,4.0,1.0,3,5.0,4,1,0,0,0,0,0,0,0,1,1,0,61222.0
14.0,20.0,15.0,5.0,5.0,0.0,6,10.0,9,1,1,1,1,1,0,0,0,0,0,1,50467.0
3.0,4.0,3.0,4.0,8.0,0.0,0,10.0,7,1,1,1,1,0,0,0,1,0,0,1,13054.0
13.0,23.0,13.0,5.0,4.0,0.0,0,8.0,2,1,0,0,0,0,0,0,0,0,0,1,33568.0
5.0,5.0,10.0,5.0,8.0,2.0,4,7.0,1,0,0,0,0,0,0,0,0,0,0,1,20936.0
26.0,36.0,26.0,5.0,7.0,1.0,5,0.0,6,1,0,1,0,1,1,0,0,0,0,0,128887.0
15.0,20.0,10.0,6.0,5.0,2.0,6,0.0,10,1,1,1,1,1,1,0,1,0,0,1,85620.0
3.0,7.0,3.0,5.0,2.0,0.0,4,2.0,4,0,1,1,0,0,0,0,0,1,0,1,17945.0
45.0,50.0,10.0,6.0,4.0,0.0,10,10.0,2,0,0,0,0,1,0,0,0,0,0,1,195000.0
24.0,29.0,26.0,6.0,7.0,0.0,8,0.0,8,1,1,1,1,1,1,0,0,1,0,1,60000.0
1.0,8.0,1.0,5.0,9.0,2.0,6,10.0,11,1,1,0,1,1,0,1,0,1,0,1,33879.0
4.0,6.0,10.0,5.0,3.0,2.0,5,0.0,5,1,1,0,1,0,1,0,0,0,0,1,48333.0
10.0,20.0,10.0,6.0,4.0,0.0,6,10.0,1,0,0,0,0,0,0,0,0,0,1,1,38192.0
14.0,14.0,14.0,4.0,8.0,1.0,10,0.0,5,0,0,0,1,0,1,0,0,0,0,1,100000.0
12.0,16.0,15.0,6.0,5.0,1.0,9,4.0,6,1,1,0,1,0,0,0,0,0,0,1,124840.0
5.0,10.0,10.0,7.0,7.0,2.0,2,10.0,1,1,0,0,0,0,0,0,0,0,0,1,42962.0
17.0,21.0,17.0,5.0,5.0,0.0,6,4.0,5,1,0,0,1,1,0,0,0,0,0,1,80555.0
12.0,24.0,10.0,6.0,7.0,0.0,10,0.0,6,0,1,1,1,0,1,0,0,0,0,1,120000.0
7.0,15.0,7.0,5.0,5.0,1.0,3,0.0,7,1,1,1,1,1,1,1,0,0,0,1,56925.0
7.0,10.0,7.0,5.0,3.0,1.0,6,0.0,5,1,0,1,1,0,1,0,0,0,0,1,153273.0
6.0,10.0,20.0,5.0,9.0,1.0,10,0.0,7,0,1,1,1,0,0,0,0,1,0,1,130000.0
30.0,38.0,30.0,6.0,5.0,1.0,6,10.0,3,1,0,0,0,0,0,1,0,0,0,1,69814.0
2.0,4.0,2.0,2.0,3.0,2.0,9,0.0,5,1,1,0,0,0,0,0,1,0,0,1,26751.0
10.0,18.0,10.0,3.0,9.0,1.0,9,1.0,3,0,0,0,0,0,0,0,0,0,0,1,152865.0
17.0,27.0,17.0,3.0,4.0,1.0,10,0.0,8,1,1,1,1,0,1,0,0,0,0,1,126000.0
7.0,11.0,10.0,3.0,6.0,2.0,10,10.0,6,0,1,1,1,0,0,0,0,0,0,1,58000.0
8.0,20.0,18.0,5.0,4.0,1.0,6,0.0,6,1,1,1,0,0,0,0,0,0,0,1,79555.0
5.0,9.0,10.0,5.0,1.0,0.0,6,10.0,1,0,0,0,0,0,1,0,0,0,0,0,18548.0
29.0,38.0,29.0,6.0,5.0,1.0,9,9.0,4,1,0,0,0,0,0,1,0,0,0,1,76433.0
5.0,10.0,5.0,5.0,9.0,1.0,6,0.0,8,1,1,1,1,1,0,0,1,0,0,1,35444.0
20.0,30.0,10.0,5.0,7.0,1.0,10,0.0,9,0,1,0,0,1,1,1,1,0,0,1,75000.0
5.0,8.0,5.0,6.0,3.0,1.0,6,9.0,3,1,0,0,0,0,0,1,0,0,0,1,32170.0
1.0,9.0,1.0,5.0,2.0,1.0,6,1.0,4,1,0,0,1,0,1,0,0,0,0,0,69369.0
7.0,12.0,10.0,7.0,2.0,0.0,6,10.0,3,1,0,0,0,0,0,0,0,0,0,1,32222.0
16.0,26.0,31.0,6.0,4.0,1.0,10,3.0,9,1,1,1,1,0,1,0,0,0,0,1,120000.0
8.0,14.0,8.0,5.0,5.0,2.0,6,0.0,8,0,1,1,1,0,1,1,0,0,1,1,142560.0
3.0,8.0,3.0,5.0,9.0,0.0,3,0.0,7,1,1,1,1,1,0,0,0,0,0,0,10741.0
21.0,25.0,21.0,6.0,4.0,0.0,8,1.0,3,0,0,0,0,1,0,0,0,0,0,1,60000.0
8.0,14.0,8.0,5.0,9.0,0.0,10,0.0,10,1,1,1,1,0,1,1,0,0,1,1,256000.0
20.0,17.0,17.0,5.0,2.0,0.0,4,0.0,5,1,1,1,1,0,0,0,0,0,0,0,59817.0
15.0,20.0,17.0,5.0,5.0,0.0,2,1.0,9,0,1,1,1,0,1,0,0,1,1,1,88073.0
4.0,5.0,10.0,5.0,6.0,1.0,10,3.0,4,1,0,0,0,0,0,1,0,0,1,1,140000.0
8.0,10.0,8.0,2.0,4.0,1.0,3,2.0,8,0,1,1,0,1,1,0,0,0,0,1,45111.0
4.0,10.0,4.0,5.0,5.0,1.0,8,1.0,6,1,1,0,1,1,0,1,0,0,0,1,30000.0
4.0,5.0,10.0,5.0,4.0,2.0,6,0.0,5,0,1,1,1,0,1,0,0,0,0,1,12970.0
19.0,29.0,20.0,6.0,9.0,0.0,6,6.0,5,0,0,0,1,0,1,0,0,0,1,1,445945.0
3.0,6.0,2.0,5.0,4.0,2.0,10,10.0,3,0,0,0,1,0,1,0,0,0,0,1,67000.0
28.0,34.0,28.0,3.0,4.0,2.0,6,10.0,2,1,0,0,0,0,0,1,0,0,0,1,194286.0
5.0,19.0,16.0,7.0,7.0,2.0,2,10.0,2,0,0,0,0,0,0,0,0,0,0,1,66592.0
2.0,7.0,1.0,2.0,5.0,1.0,3,10.0,7,0,1,0,1,0,1,0,1,0,0,1,45111.0
2.0,10.0,2.0,5.0,5.0,1.0,10,0.0,5,0,1,0,1,0,1,0,0,0,0,1,60000.0
4.0,5.0,5.0,5.0,5.0,2.0,1,10.0,2,0,0,0,0,0,1,0,0,0,0,1,327118.0
14.0,17.0,14.0,4.0,4.0,0.0,10,2.0,6,0,1,1,0,0,1,1,0,0,0,1,120000.0
3.0,6.0,10.0,5.0,2.0,1.0,6,0.0,8,0,1,1,1,1,1,0,0,0,0,1,57559.0
2.0,8.0,1.0,5.0,6.0,0.0,3,0.0,5,1,0,1,0,1,0,0,0,0,1,1,55851.0
19.0,25.0,20.0,6.0,6.0,1.0,6,10.0,5,0,0,1,1,0,1,0,0,0,0,1,222834.0
16.0,22.0,22.0,2.0,9.0,0.0,3,0.0,6,0,1,1,1,0,1,0,0,0,0,1,139628.0
4.0,17.0,4.0,5.0,9.0,1.0,10,0.0,5,0,0,0,0,0,0,0,0,1,1,1,122000.0
27.0,31.0,27.0,5.0,2.0,1.0,6,0.0,10,1,1,1,0,1,1,1,0,0,0,1,110622.0
6.0,10.0,6.0,5.0,9.0,2.0,1,0.0,15,1,1,1,0,1,1,1,1,0,1,1,167194.0
12.0,20.0,13.0,4.0,9.0,0.0,3,10.0,6,0,0,1,1,1,1,0,1,0,0,1,82678.0
12.0,15.0,10.0,6.0,2.0,0.0,7,7.0,6,0,1,1,0,1,0,0,0,0,0,0,429625.0
17.0,21.0,17.0,5.0,6.0,0.0,6,1.0,3,1,0,0,1,1,0,0,0,0,0,1,200550.0
2.0,4.0,16.0,3.0,5.0,1.0,10,0.0,5,1,1,0,0,0,0,0,0,0,0,1,115000.0
9.0,13.0,10.0,5.0,9.0,1.0,8,2.0,4,0,1,1,0,0,0,0,0,0,0,1,56400.0
20.0,23.0,25.0,3.0,2.0,0.0,6,0.0,8,1,1,1,0,0,0,0,1,0,1,0,75184.0
6.0,7.0,6.0,6.0,2.0,0.0,8,0.0,3,0,1,0,0,0,0,0,1,0,0,0,36000.0
3.0,6.0,2.0,5.0,7.0,0.0,6,0.0,9,1,1,1,1,1,0,0,0,1,0,1,12000.0
20.0,20.0,10.0,3.0,6.0,1.0,5,0.0,6,1,1,1,0,0,0,0,0,1,0,0,161109.0
27.0,38.0,35.0,3.0,7.0,0.0,3,0.0,6,0,1,0,1,1,0,1,1,0,0,1,85925.0
5.0,12.0,5.0,6.0,6.0,1.0,6,2.0,3,1,1,1,0,0,0,0,0,0,0,1,33833.0
10.0,20.0,10.0,6.0,5.0,0.0,3,8.0,3,0,0,0,1,0,1,0,0,0,0,1,75184.0
13.0,17.0,13.0,5.0,5.0,0.0,6,1.0,5,1,1,0,1,0,0,0,1,0,1,1,100000.0
17.0,30.0,26.0,5.0,6.0,1.0,6,1.0,7,1,1,1,0,0,0,1,0,0,0,1,137620.0
4.0,6.0,10.0,3.0,2.0,1.0,10,2.0,5,0,1,1,0,0,0,0,1,0,0,1,102000.0
5.0,10.0,10.0,5.0,7.0,0.0,3,10.0,5,1,0,0,1,0,0,0,0,1,0,1,53703.0
3.0,7.0,3.0,5.0,4.0,1.0,6,1.0,5,0,1,0,1,1,0,0,0,0,0,1,16669.0
2.0,6.0,2.0,6.0,4.0,1.0,9,2.0,6,1,1,0,1,0,0,0,0,0,0,1,54777.0
33.0,41.0,31.0,5.0,4.0,0.0,9,1.0,2,0,0,0,1,0,1,0,0,0,0,1,82802.0
35.0,40.0,35.0,5.0,9.0,2.0,10,1.0,1,0,0,0,0,0,1,0,0,0,0,1,125000.0
10.0,10.0,10.0,6.0,3.0,0.0,5,2.0,3,0,1,1,0,0,0,0,1,0,0,1,112777.0
9.0,15.0,9.0,5.0,5.0,0.0,8,0.0,6,0,1,1,0,1,0,0,1,0,0,1,84000.0
6.0,11.0,6.0,4.0,5.0,0.0,1,1.0,5,1,1,0,0,0,0,0,1,1,0,1,95955.0
12.0,17.0,12.0,5.0,5.0,1.0,6,2.0,4,0,1,1,0,0,0,0,0,0,0,1,29000.0
10.0,14.0,10.0,6.0,7.0,1.0,10,5.0,2,1,0,0,0,0,0,0,0,0,0,1,160000.0
9.0,15.0,9.0,2.0,2.0,0.0,6,1.0,4,0,0,0,1,1,1,0,0,0,0,1,65152.0
0.0,9.0,1.0,5.0,4.0,2.0,9,0.0,5,1,0,0,1,0,0,0,0,0,0,1,33121.0
13.0,16.0,13.0,5.0,2.0,2.0,6,10.0,9,1,1,0,1,0,1,0,1,0,0,1,16336.0
20.0,25.0,21.0,6.0,5.0,2.0,3,10.0,4,0,0,0,1,1,0,0,0,0,0,1,268515.0
11.0,15.0,11.0,5.0,7.0,0.0,10,7.0,4,1,0,0,0,1,0,0,0,0,1,1,200000.0
10.0,12.0,10.0,5.0,4.0,0.0,6,0.0,4,0,0,0,1,0,0,0,1,0,0,1,74655.0
1.0,5.0,1.0,5.0,3.0,2.0,6,1.0,1,0,0,0,0,0,0,0,0,1,0,1,16557.0
5.0,6.0,6.0,5.0,5.0,1.0,10,0.0,5,0,1,1,0,0,1,0,0,0,0,1,107000.0
4.0,8.0,10.0,6.0,8.0,0.0,8,10.0,5,1,1,1,0,0,0,0,0,0,1,1,42000.0
10.0,16.0,15.0,6.0,5.0,0.0,6,0.0,5,0,1,1,1,0,0,0,0,0,0,1,80000.0
2.0,5.0,10.0,3.0,3.0,1.0,3,0.0,8,1,1,1,1,0,0,0,1,0,1,0,11815.0
10.0,15.0,10.0,7.0,6.0,0.0,2,0.0,6,1,1,1,1,0,0,0,0,0,0,1,107406.0
6.0,9.0,6.0,5.0,3.0,1.0,1,9.0,4,1,0,0,0,0,0,0,0,0,1,0,72693.0
0.0,11.0,13.0,7.0,4.0,2.0,6,2.0,3,1,1,0,1,0,0,0,0,0,0,1,73487.0
14.0,19.0,10.0,6.0,4.0,0.0,2,5.0,4,1,1,0,1,0,0,0,0,0,0,1,67666.0
5.0,8.0,10.0,7.0,7.0,1.0,6,10.0,4,1,1,0,1,0,0,0,0,0,0,1,94517.0
20.0,26.0,20.0,7.0,9.0,1.0,9,1.0,7,1,0,0,1,0,0,1,0,0,1,1,244585.0
8.0,14.0,9.0,6.0,9.0,1.0,10,1.0,5,1,1,1,0,1,0,1,0,0,0,1,400000.0
1.0,4.0,1.0,2.0,4.0,2.0,6,0.0,6,1,1,0,1,0,1,0,1,0,0,1,10311.0
12.0,16.0,10.0,6.0,1.0,0.0,9,2.0,5,1,1,1,0,0,0,0,0,0,0,0,127388.0
14.0,18.0,14.0,5.0,5.0,1.0,6,6.0,4,0,1,1,0,0,1,0,0,0,0,1,112592.0
9.0,12.0,10.0,6.0,8.0,2.0,10,1.0,4,0,0,0,1,0,1,0,0,0,0,1,180000.0
12.0,19.0,12.0,6.0,3.0,2.0,3,0.0,5,0,0,0,0,0,1,1,0,0,1,1,89147.0
8.0,9.0,15.0,5.0,3.0,0.0,10,10.0,3,0,0,0,0,0,0,0,0,0,0,1,175000.0
25.0,30.0,10.0,6.0,5.0,0.0,8,1.0,6,0,1,0,1,0,0,0,1,0,0,1,92000.0
1.0,7.0,1.0,2.0,2.0,1.0,3,0.0,13,1,1,1,1,1,0,1,0,0,1,1,12373.0
6.0,9.0,9.0,5.0,5.0,2.0,0,0.0,5,0,1,0,1,0,1,0,1,0,0,1,20514.0
